user_id,variant,converted,revenue,time_on_page_sec,events_count,bounce
c-00000,control,0,0.0,177.4,6,1
c-00001,control,0,0.0,155.0,2,0
c-00002,control,0,0.0,183.0,3,1
c-00003,control,0,0.0,215.9,3,1
c-00004,control,0,0.0,179.5,8,0
c-00005,control,1,29.83,167.3,3,0
c-00006,control,0,0.0,170.0,4,0
c-00007,control,0,0.0,219.7,3,0
c-00008,control,0,0.0,229.0,2,1
c-00009,control,0,0.0,153.3,5,0
c-00010,control,0,0.0,153.3,0,1
c-00011,control,1,38.34,195.2,1,0
c-00012,control,0,0.0,241.1,2,1
c-00013,control,0,0.0,225.8,5,1
c-00014,control,0,0.0,129.9,6,1
c-00015,control,0,0.0,169.4,6,1
c-00016,control,0,0.0,142.8,2,0
c-00017,control,0,0.0,169.3,6,1
c-00018,control,0,0.0,244.2,4,0
c-00019,control,0,0.0,123.1,5,0
c-00020,control,0,0.0,115.2,4,0
c-00021,control,0,0.0,146.9,2,1
c-00022,control,1,55.28,191.5,0,1
c-00023,control,0,0.0,204.8,7,0
c-00024,control,0,0.0,197.5,0,1
c-00025,control,0,0.0,227.0,4,1
c-00026,control,0,0.0,109.5,5,1
c-00027,control,0,0.0,227.5,6,0
c-00028,control,0,0.0,167.5,3,0
c-00029,control,0,0.0,209.3,6,0
c-00030,control,0,0.0,127.1,4,1
c-00031,control,1,36.86,180.2,4,1
c-00032,control,0,0.0,189.5,3,1
c-00033,control,0,0.0,226.2,5,1
c-00034,control,0,0.0,116.6,2,0
c-00035,control,0,0.0,181.2,4,1
c-00036,control,0,0.0,136.6,5,0
c-00037,control,0,0.0,200.2,2,1
c-00038,control,0,0.0,211.1,3,0
c-00039,control,0,0.0,231.5,1,1
c-00040,control,0,0.0,158.6,3,1
c-00041,control,0,0.0,217.1,3,1
c-00042,control,0,0.0,234.4,2,0
c-00043,control,0,0.0,114.3,2,0
c-00044,control,0,0.0,204.5,3,1
c-00045,control,0,0.0,218.3,2,1
c-00046,control,0,0.0,169.7,5,1
c-00047,control,0,0.0,131.6,0,1
c-00048,control,0,0.0,217.7,3,1
c-00049,control,0,0.0,132.0,2,0
c-00050,control,0,0.0,172.9,5,1
c-00051,control,0,0.0,178.4,2,0
c-00052,control,0,0.0,208.6,4,1
c-00053,control,0,0.0,154.9,6,0
c-00054,control,0,0.0,152.6,3,1
c-00055,control,0,0.0,184.0,2,0
c-00056,control,0,0.0,220.3,1,0
c-00057,control,0,0.0,271.5,4,1
c-00058,control,0,0.0,119.7,4,1
c-00059,control,0,0.0,192.6,4,1
c-00060,control,0,0.0,136.5,4,1
c-00061,control,0,0.0,220.8,1,0
c-00062,control,0,0.0,142.5,5,0
c-00063,control,0,0.0,153.0,1,1
c-00064,control,0,0.0,156.4,1,1
c-00065,control,0,0.0,177.0,3,1
c-00066,control,0,0.0,192.9,1,0
c-00067,control,0,0.0,199.3,0,1
c-00068,control,0,0.0,179.8,9,0
c-00069,control,0,0.0,126.8,1,1
c-00070,control,0,0.0,209.1,4,0
c-00071,control,0,0.0,177.9,4,0
c-00072,control,0,0.0,226.5,4,0
c-00073,control,0,0.0,151.7,3,1
c-00074,control,0,0.0,115.9,9,1
c-00075,control,0,0.0,178.6,3,1
c-00076,control,0,0.0,231.8,7,0
c-00077,control,0,0.0,186.4,4,1
c-00078,control,0,0.0,172.0,7,0
c-00079,control,0,0.0,145.2,3,0
c-00080,control,0,0.0,250.3,3,1
c-00081,control,0,0.0,138.8,1,0
c-00082,control,0,0.0,151.0,2,1
c-00083,control,0,0.0,202.8,6,0
c-00084,control,0,0.0,105.8,7,1
c-00085,control,0,0.0,231.0,5,0
c-00086,control,0,0.0,205.0,5,0
c-00087,control,0,0.0,216.0,4,0
c-00088,control,0,0.0,202.3,5,1
c-00089,control,0,0.0,173.6,1,0
c-00090,control,0,0.0,137.5,4,0
c-00091,control,0,0.0,174.4,7,0
c-00092,control,0,0.0,141.0,4,0
c-00093,control,0,0.0,199.4,4,0
c-00094,control,0,0.0,212.3,1,1
c-00095,control,0,0.0,239.1,4,0
c-00096,control,0,0.0,194.9,2,0
c-00097,control,0,0.0,217.0,3,0
c-00098,control,0,0.0,168.1,3,0
c-00099,control,1,43.15,160.9,3,1
c-00100,control,1,59.66,198.9,4,1
c-00101,control,0,0.0,164.5,4,1
c-00102,control,0,0.0,190.8,2,0
c-00103,control,1,41.81,137.6,6,0
c-00104,control,0,0.0,144.7,2,0
c-00105,control,0,0.0,205.4,1,0
c-00106,control,0,0.0,215.5,2,1
c-00107,control,0,0.0,140.6,3,0
c-00108,control,0,0.0,206.8,4,0
c-00109,control,1,54.15,158.7,3,1
c-00110,control,0,0.0,180.7,3,0
c-00111,control,0,0.0,236.7,5,1
c-00112,control,0,0.0,212.3,2,0
c-00113,control,0,0.0,211.8,2,1
c-00114,control,0,0.0,256.4,3,1
c-00115,control,0,0.0,151.8,6,1
c-00116,control,0,0.0,140.6,3,0
c-00117,control,0,0.0,151.1,2,0
c-00118,control,0,0.0,169.8,0,0
c-00119,control,0,0.0,85.8,2,1
c-00120,control,0,0.0,171.7,1,0
c-00121,control,0,0.0,158.2,2,0
c-00122,control,0,0.0,211.4,3,0
c-00123,control,0,0.0,194.1,2,1
c-00124,control,0,0.0,156.0,3,0
c-00125,control,0,0.0,203.6,3,0
c-00126,control,0,0.0,208.9,6,1
c-00127,control,0,0.0,149.3,3,1
c-00128,control,0,0.0,160.3,2,1
c-00129,control,0,0.0,91.0,3,0
c-00130,control,0,0.0,136.4,2,0
c-00131,control,1,100.16,150.3,4,0
c-00132,control,0,0.0,183.0,1,0
c-00133,control,0,0.0,142.2,2,0
c-00134,control,0,0.0,159.5,2,0
c-00135,control,0,0.0,131.0,3,0
c-00136,control,1,45.27,186.8,3,0
c-00137,control,0,0.0,197.0,1,1
c-00138,control,0,0.0,196.1,2,0
c-00139,control,0,0.0,180.5,4,1
c-00140,control,0,0.0,118.4,1,1
c-00141,control,0,0.0,155.2,3,0
c-00142,control,1,83.15,163.7,1,0
c-00143,control,0,0.0,163.9,2,1
c-00144,control,0,0.0,183.0,5,1
c-00145,control,0,0.0,237.0,2,0
c-00146,control,0,0.0,212.5,4,0
c-00147,control,0,0.0,140.5,3,1
c-00148,control,0,0.0,207.1,1,1
c-00149,control,0,0.0,205.6,1,1
c-00150,control,0,0.0,147.8,2,0
c-00151,control,0,0.0,214.0,4,1
c-00152,control,0,0.0,173.6,1,0
c-00153,control,0,0.0,123.6,2,0
c-00154,control,0,0.0,198.2,2,1
c-00155,control,0,0.0,188.7,2,0
c-00156,control,0,0.0,170.9,1,0
c-00157,control,0,0.0,178.5,2,1
c-00158,control,0,0.0,151.2,2,1
c-00159,control,0,0.0,204.4,2,1
c-00160,control,0,0.0,178.3,5,0
c-00161,control,1,62.91,186.7,2,0
c-00162,control,0,0.0,194.3,10,0
c-00163,control,0,0.0,133.8,2,0
c-00164,control,0,0.0,144.2,3,0
c-00165,control,0,0.0,91.6,1,1
c-00166,control,0,0.0,202.6,2,0
c-00167,control,0,0.0,131.5,3,0
c-00168,control,0,0.0,185.3,3,0
c-00169,control,1,25.27,194.8,1,0
c-00170,control,0,0.0,204.1,6,0
c-00171,control,0,0.0,131.8,0,1
c-00172,control,0,0.0,177.4,3,0
c-00173,control,1,29.79,246.8,2,1
c-00174,control,0,0.0,248.6,4,0
c-00175,control,0,0.0,219.5,2,1
c-00176,control,0,0.0,193.5,1,1
c-00177,control,1,33.61,139.8,2,1
c-00178,control,0,0.0,208.7,3,1
c-00179,control,0,0.0,173.7,6,0
c-00180,control,0,0.0,202.4,4,0
c-00181,control,0,0.0,154.7,2,1
c-00182,control,0,0.0,173.1,2,0
c-00183,control,0,0.0,186.6,3,1
c-00184,control,0,0.0,189.9,3,1
c-00185,control,0,0.0,199.7,2,0
c-00186,control,0,0.0,156.8,2,0
c-00187,control,0,0.0,126.3,6,1
c-00188,control,0,0.0,245.0,4,1
c-00189,control,0,0.0,279.6,4,1
c-00190,control,1,33.29,197.9,1,1
c-00191,control,0,0.0,127.0,2,0
c-00192,control,0,0.0,149.1,7,0
c-00193,control,0,0.0,200.4,2,0
c-00194,control,0,0.0,233.6,3,0
c-00195,control,0,0.0,131.5,2,1
c-00196,control,0,0.0,175.0,5,1
c-00197,control,0,0.0,187.8,4,1
c-00198,control,0,0.0,214.6,1,0
c-00199,control,0,0.0,166.3,0,0
c-00200,control,0,0.0,117.4,6,0
c-00201,control,1,46.96,204.8,2,0
c-00202,control,0,0.0,225.0,1,0
c-00203,control,0,0.0,176.7,1,0
c-00204,control,0,0.0,196.2,3,0
c-00205,control,0,0.0,161.0,6,0
c-00206,control,0,0.0,146.2,1,1
c-00207,control,0,0.0,221.1,1,1
c-00208,control,0,0.0,195.5,0,0
c-00209,control,0,0.0,199.6,5,1
c-00210,control,0,0.0,240.1,2,0
c-00211,control,0,0.0,137.8,5,0
c-00212,control,0,0.0,157.9,0,1
c-00213,control,0,0.0,186.3,0,0
c-00214,control,0,0.0,157.4,2,1
c-00215,control,0,0.0,211.3,0,0
c-00216,control,0,0.0,172.5,5,0
c-00217,control,0,0.0,140.3,4,0
c-00218,control,1,64.5,182.6,4,0
c-00219,control,0,0.0,186.8,1,0
c-00220,control,0,0.0,217.4,3,0
c-00221,control,0,0.0,195.7,2,0
c-00222,control,0,0.0,198.4,1,0
c-00223,control,1,86.04,192.8,3,1
c-00224,control,0,0.0,172.5,3,1
c-00225,control,1,56.19,151.4,1,1
c-00226,control,0,0.0,191.6,1,1
c-00227,control,0,0.0,166.7,4,1
c-00228,control,0,0.0,247.6,0,0
c-00229,control,0,0.0,233.7,5,1
c-00230,control,0,0.0,205.3,2,1
c-00231,control,0,0.0,195.1,3,1
c-00232,control,1,40.02,176.5,4,1
c-00233,control,0,0.0,129.6,3,1
c-00234,control,1,19.16,171.4,2,0
c-00235,control,0,0.0,184.1,6,1
c-00236,control,0,0.0,189.2,2,0
c-00237,control,0,0.0,198.8,3,0
c-00238,control,0,0.0,216.9,6,0
c-00239,control,0,0.0,152.3,1,0
c-00240,control,0,0.0,152.7,4,0
c-00241,control,0,0.0,238.0,2,0
c-00242,control,0,0.0,210.8,3,0
c-00243,control,0,0.0,164.4,2,1
c-00244,control,0,0.0,175.7,2,0
c-00245,control,0,0.0,175.9,1,0
c-00246,control,0,0.0,181.3,1,1
c-00247,control,0,0.0,198.9,3,1
c-00248,control,0,0.0,281.4,1,1
c-00249,control,0,0.0,187.6,3,0
c-00250,control,0,0.0,206.5,4,1
c-00251,control,0,0.0,112.5,5,1
c-00252,control,0,0.0,160.6,2,0
c-00253,control,0,0.0,229.2,5,0
c-00254,control,0,0.0,196.1,3,0
c-00255,control,0,0.0,5.0,4,1
c-00256,control,0,0.0,207.0,3,1
c-00257,control,0,0.0,256.7,3,1
c-00258,control,0,0.0,100.2,4,1
c-00259,control,0,0.0,240.8,6,1
c-00260,control,0,0.0,69.1,3,0
c-00261,control,0,0.0,217.5,3,0
c-00262,control,0,0.0,179.7,5,0
c-00263,control,0,0.0,86.0,2,0
c-00264,control,1,50.49,197.8,4,0
c-00265,control,0,0.0,226.0,4,0
c-00266,control,0,0.0,194.6,4,1
c-00267,control,0,0.0,203.4,2,0
c-00268,control,0,0.0,163.5,1,1
c-00269,control,0,0.0,105.5,3,1
c-00270,control,0,0.0,207.7,1,0
c-00271,control,0,0.0,250.0,6,0
c-00272,control,0,0.0,225.2,3,0
c-00273,control,0,0.0,100.5,1,1
c-00274,control,0,0.0,119.4,4,1
c-00275,control,0,0.0,146.2,6,0
c-00276,control,0,0.0,116.3,5,1
c-00277,control,0,0.0,181.8,2,1
c-00278,control,0,0.0,195.7,3,0
c-00279,control,0,0.0,122.8,6,1
c-00280,control,0,0.0,211.1,3,0
c-00281,control,0,0.0,204.0,2,0
c-00282,control,0,0.0,158.1,2,1
c-00283,control,0,0.0,173.1,2,0
c-00284,control,0,0.0,102.0,3,1
c-00285,control,0,0.0,166.7,0,1
c-00286,control,0,0.0,180.3,3,0
c-00287,control,0,0.0,186.7,4,1
c-00288,control,0,0.0,195.2,3,0
c-00289,control,0,0.0,189.8,4,0
c-00290,control,0,0.0,169.4,3,0
c-00291,control,0,0.0,191.4,4,1
c-00292,control,1,49.48,220.1,4,1
c-00293,control,0,0.0,176.2,8,0
c-00294,control,0,0.0,192.7,0,0
c-00295,control,1,53.11,172.6,5,1
c-00296,control,1,126.19,154.1,2,1
c-00297,control,0,0.0,200.9,1,0
c-00298,control,0,0.0,157.8,1,0
c-00299,control,0,0.0,195.4,4,0
c-00300,control,0,0.0,181.1,2,0
c-00301,control,0,0.0,167.8,6,0
c-00302,control,0,0.0,166.9,2,1
c-00303,control,0,0.0,159.7,1,1
c-00304,control,0,0.0,114.2,3,0
c-00305,control,0,0.0,195.3,3,1
c-00306,control,0,0.0,189.3,6,0
c-00307,control,0,0.0,214.0,2,1
c-00308,control,0,0.0,158.7,0,0
c-00309,control,0,0.0,255.8,2,0
c-00310,control,0,0.0,164.8,3,0
c-00311,control,0,0.0,145.0,0,0
c-00312,control,0,0.0,140.3,6,1
c-00313,control,0,0.0,110.6,3,0
c-00314,control,0,0.0,241.3,2,0
c-00315,control,0,0.0,234.8,1,0
c-00316,control,0,0.0,204.0,2,1
c-00317,control,0,0.0,144.2,2,1
c-00318,control,0,0.0,252.5,3,1
c-00319,control,1,85.48,165.9,8,1
c-00320,control,1,69.64,169.2,10,1
c-00321,control,0,0.0,237.5,5,0
c-00322,control,0,0.0,206.4,3,1
c-00323,control,0,0.0,268.0,6,0
c-00324,control,0,0.0,189.9,2,1
c-00325,control,0,0.0,164.1,2,1
c-00326,control,0,0.0,155.5,4,0
c-00327,control,0,0.0,106.1,5,0
c-00328,control,0,0.0,168.9,2,0
c-00329,control,0,0.0,225.8,2,1
c-00330,control,0,0.0,204.0,2,0
c-00331,control,0,0.0,180.8,3,1
c-00332,control,0,0.0,140.2,2,0
c-00333,control,0,0.0,189.1,1,0
c-00334,control,0,0.0,220.5,4,0
c-00335,control,0,0.0,197.2,2,1
c-00336,control,0,0.0,186.7,1,0
c-00337,control,0,0.0,148.1,4,1
c-00338,control,0,0.0,214.7,2,1
c-00339,control,1,31.72,54.7,1,1
c-00340,control,0,0.0,195.3,4,0
c-00341,control,1,38.83,282.8,2,0
c-00342,control,0,0.0,119.7,3,0
c-00343,control,0,0.0,170.3,2,0
c-00344,control,0,0.0,179.7,2,1
c-00345,control,0,0.0,161.5,2,0
c-00346,control,1,46.87,221.5,2,1
c-00347,control,0,0.0,198.9,2,0
c-00348,control,0,0.0,186.1,5,0
c-00349,control,0,0.0,211.9,3,1
c-00350,control,0,0.0,180.7,5,0
c-00351,control,0,0.0,307.2,3,0
c-00352,control,0,0.0,186.1,3,1
c-00353,control,0,0.0,187.8,3,0
c-00354,control,0,0.0,111.6,1,0
c-00355,control,0,0.0,158.3,5,0
c-00356,control,0,0.0,225.9,3,0
c-00357,control,0,0.0,126.6,2,0
c-00358,control,0,0.0,93.7,3,1
c-00359,control,0,0.0,181.3,2,0
c-00360,control,1,34.5,234.8,4,0
c-00361,control,0,0.0,181.7,6,0
c-00362,control,0,0.0,166.6,2,1
c-00363,control,0,0.0,105.7,3,0
c-00364,control,0,0.0,198.1,3,0
c-00365,control,0,0.0,206.5,3,0
c-00366,control,0,0.0,108.7,4,0
c-00367,control,0,0.0,225.4,2,0
c-00368,control,0,0.0,210.6,0,0
c-00369,control,0,0.0,225.3,3,0
c-00370,control,0,0.0,203.3,4,0
c-00371,control,0,0.0,206.1,3,1
c-00372,control,0,0.0,200.8,5,0
c-00373,control,0,0.0,214.7,3,0
c-00374,control,0,0.0,107.2,7,0
c-00375,control,0,0.0,120.0,3,0
c-00376,control,1,61.27,150.6,1,0
c-00377,control,0,0.0,174.8,3,0
c-00378,control,0,0.0,195.5,4,0
c-00379,control,0,0.0,193.0,4,0
c-00380,control,0,0.0,224.7,3,0
c-00381,control,1,57.43,225.9,1,0
c-00382,control,0,0.0,145.1,5,0
c-00383,control,0,0.0,189.5,5,0
c-00384,control,0,0.0,146.1,5,0
c-00385,control,1,29.97,172.5,1,0
c-00386,control,0,0.0,192.9,1,0
c-00387,control,1,83.81,43.7,2,1
c-00388,control,0,0.0,276.4,1,0
c-00389,control,0,0.0,202.7,1,0
c-00390,control,0,0.0,156.2,1,1
c-00391,control,0,0.0,257.1,7,0
c-00392,control,0,0.0,166.1,2,0
c-00393,control,0,0.0,185.3,2,1
c-00394,control,0,0.0,160.5,3,0
c-00395,control,0,0.0,246.1,5,1
c-00396,control,0,0.0,175.8,2,0
c-00397,control,0,0.0,186.0,1,0
c-00398,control,0,0.0,228.2,5,0
c-00399,control,0,0.0,203.4,3,1
c-00400,control,0,0.0,177.8,4,0
c-00401,control,1,51.22,224.4,6,0
c-00402,control,0,0.0,281.5,1,1
c-00403,control,0,0.0,192.7,2,1
c-00404,control,1,22.46,184.7,1,0
c-00405,control,0,0.0,186.8,1,0
c-00406,control,0,0.0,232.4,3,1
c-00407,control,0,0.0,156.0,3,1
c-00408,control,0,0.0,168.9,2,1
c-00409,control,1,47.79,118.5,2,1
c-00410,control,0,0.0,132.6,1,1
c-00411,control,0,0.0,159.3,6,0
c-00412,control,0,0.0,177.8,4,0
c-00413,control,0,0.0,250.8,6,1
c-00414,control,0,0.0,201.4,4,1
c-00415,control,0,0.0,143.5,1,1
c-00416,control,0,0.0,150.9,3,0
c-00417,control,0,0.0,235.0,4,0
c-00418,control,0,0.0,225.1,3,1
c-00419,control,1,55.51,181.1,5,0
c-00420,control,0,0.0,162.3,3,1
c-00421,control,0,0.0,225.0,2,1
c-00422,control,0,0.0,140.3,2,0
c-00423,control,0,0.0,195.7,4,0
c-00424,control,0,0.0,270.9,1,0
c-00425,control,0,0.0,188.2,1,1
c-00426,control,0,0.0,149.0,4,0
c-00427,control,0,0.0,196.4,3,1
c-00428,control,0,0.0,161.2,2,1
c-00429,control,0,0.0,124.2,4,0
c-00430,control,1,75.77,208.0,5,0
c-00431,control,0,0.0,224.7,5,0
c-00432,control,0,0.0,167.6,2,0
c-00433,control,0,0.0,164.9,2,0
c-00434,control,0,0.0,141.5,0,0
c-00435,control,0,0.0,174.0,1,1
c-00436,control,0,0.0,157.5,3,1
c-00437,control,0,0.0,139.6,4,1
c-00438,control,0,0.0,255.7,2,0
c-00439,control,0,0.0,198.7,5,1
c-00440,control,0,0.0,202.9,1,1
c-00441,control,0,0.0,215.3,2,0
c-00442,control,0,0.0,210.8,7,1
c-00443,control,0,0.0,163.5,4,1
c-00444,control,0,0.0,190.9,5,1
c-00445,control,0,0.0,169.2,2,0
c-00446,control,1,42.02,197.5,2,1
c-00447,control,0,0.0,193.7,1,0
c-00448,control,0,0.0,164.7,6,0
c-00449,control,0,0.0,126.8,3,0
c-00450,control,0,0.0,185.8,0,0
c-00451,control,0,0.0,171.8,5,0
c-00452,control,0,0.0,104.4,3,0
c-00453,control,0,0.0,200.3,5,0
c-00454,control,0,0.0,218.6,3,1
c-00455,control,0,0.0,281.1,3,1
c-00456,control,1,70.99,164.4,1,1
c-00457,control,0,0.0,158.5,3,0
c-00458,control,0,0.0,135.6,2,1
c-00459,control,0,0.0,188.3,1,0
c-00460,control,0,0.0,188.1,0,0
c-00461,control,0,0.0,147.5,7,0
c-00462,control,1,53.21,173.0,2,0
c-00463,control,0,0.0,100.9,3,1
c-00464,control,0,0.0,217.1,1,0
c-00465,control,0,0.0,149.2,5,1
c-00466,control,0,0.0,178.6,2,0
c-00467,control,1,27.06,122.9,2,0
c-00468,control,0,0.0,156.7,2,0
c-00469,control,0,0.0,168.8,4,0
c-00470,control,0,0.0,179.5,2,1
c-00471,control,0,0.0,199.2,4,0
c-00472,control,0,0.0,237.6,2,0
c-00473,control,0,0.0,209.3,3,1
c-00474,control,0,0.0,218.5,1,0
c-00475,control,0,0.0,237.8,2,0
c-00476,control,0,0.0,202.8,3,0
c-00477,control,0,0.0,178.5,5,0
c-00478,control,0,0.0,220.4,1,1
c-00479,control,0,0.0,222.9,4,1
c-00480,control,0,0.0,205.9,1,0
c-00481,control,0,0.0,121.8,5,1
c-00482,control,0,0.0,146.3,1,1
c-00483,control,0,0.0,169.0,2,0
c-00484,control,0,0.0,211.2,4,0
c-00485,control,0,0.0,179.1,4,0
c-00486,control,0,0.0,225.5,4,0
c-00487,control,0,0.0,232.6,4,0
c-00488,control,0,0.0,228.0,4,0
c-00489,control,0,0.0,228.2,1,0
c-00490,control,0,0.0,138.5,6,1
c-00491,control,0,0.0,199.3,7,0
c-00492,control,0,0.0,155.7,1,1
c-00493,control,0,0.0,114.0,6,0
c-00494,control,0,0.0,168.5,2,0
c-00495,control,0,0.0,233.0,5,1
c-00496,control,0,0.0,198.4,6,0
c-00497,control,0,0.0,260.7,4,1
c-00498,control,0,0.0,187.1,1,0
c-00499,control,0,0.0,277.9,1,0
c-00500,control,0,0.0,187.1,5,1
c-00501,control,0,0.0,180.9,3,1
c-00502,control,1,25.87,128.8,2,1
c-00503,control,0,0.0,224.4,2,1
c-00504,control,0,0.0,159.9,3,0
c-00505,control,0,0.0,154.1,4,1
c-00506,control,0,0.0,231.2,3,1
c-00507,control,0,0.0,226.3,1,1
c-00508,control,0,0.0,225.3,4,0
c-00509,control,0,0.0,165.5,2,1
c-00510,control,0,0.0,178.0,2,1
c-00511,control,0,0.0,177.6,3,0
c-00512,control,0,0.0,211.3,1,0
c-00513,control,0,0.0,242.1,3,1
c-00514,control,0,0.0,194.7,4,1
c-00515,control,0,0.0,259.0,6,0
c-00516,control,0,0.0,215.9,5,1
c-00517,control,0,0.0,170.6,2,0
c-00518,control,0,0.0,213.1,4,0
c-00519,control,0,0.0,248.2,3,1
c-00520,control,0,0.0,259.9,2,0
c-00521,control,0,0.0,227.5,0,0
c-00522,control,0,0.0,181.0,2,1
c-00523,control,0,0.0,171.3,5,0
c-00524,control,0,0.0,203.0,5,0
c-00525,control,0,0.0,247.0,3,0
c-00526,control,1,81.06,197.4,3,0
c-00527,control,1,83.78,198.2,3,0
c-00528,control,0,0.0,182.1,3,0
c-00529,control,0,0.0,166.9,4,1
c-00530,control,0,0.0,173.5,5,1
c-00531,control,0,0.0,185.4,1,1
c-00532,control,0,0.0,248.7,2,0
c-00533,control,0,0.0,170.4,3,0
c-00534,control,0,0.0,182.1,1,1
c-00535,control,0,0.0,145.4,1,1
c-00536,control,0,0.0,208.7,2,1
c-00537,control,0,0.0,234.7,4,0
c-00538,control,0,0.0,245.0,5,0
c-00539,control,0,0.0,188.1,1,0
c-00540,control,1,56.56,203.0,3,0
c-00541,control,0,0.0,173.9,4,1
c-00542,control,0,0.0,201.1,2,0
c-00543,control,1,95.88,192.6,6,0
c-00544,control,0,0.0,182.3,2,0
c-00545,control,0,0.0,185.5,4,1
c-00546,control,0,0.0,198.1,1,1
c-00547,control,0,0.0,168.2,4,0
c-00548,control,0,0.0,170.3,2,1
c-00549,control,0,0.0,248.3,1,0
c-00550,control,0,0.0,288.4,1,1
c-00551,control,0,0.0,131.8,2,1
c-00552,control,0,0.0,129.6,5,1
c-00553,control,1,78.69,141.7,2,1
c-00554,control,0,0.0,175.9,1,0
c-00555,control,0,0.0,215.8,4,0
c-00556,control,0,0.0,203.7,2,1
c-00557,control,0,0.0,186.9,2,1
c-00558,control,0,0.0,201.2,3,1
c-00559,control,0,0.0,152.3,4,1
c-00560,control,0,0.0,170.2,2,0
c-00561,control,0,0.0,179.2,0,0
c-00562,control,0,0.0,116.6,4,0
c-00563,control,0,0.0,133.5,2,1
c-00564,control,0,0.0,135.1,5,1
c-00565,control,0,0.0,210.6,5,1
c-00566,control,0,0.0,189.8,2,0
c-00567,control,0,0.0,204.4,3,0
c-00568,control,0,0.0,106.4,4,0
c-00569,control,0,0.0,120.7,4,0
c-00570,control,0,0.0,206.5,2,0
c-00571,control,0,0.0,68.9,5,1
c-00572,control,0,0.0,229.0,4,1
c-00573,control,0,0.0,107.1,3,1
c-00574,control,0,0.0,213.7,1,0
c-00575,control,0,0.0,144.5,5,1
c-00576,control,1,66.53,222.0,3,1
c-00577,control,0,0.0,308.3,5,0
c-00578,control,0,0.0,89.1,2,1
c-00579,control,0,0.0,207.8,2,1
c-00580,control,0,0.0,107.7,3,0
c-00581,control,0,0.0,197.1,4,1
c-00582,control,0,0.0,171.7,6,0
c-00583,control,0,0.0,185.2,1,0
c-00584,control,1,32.46,143.5,1,0
c-00585,control,0,0.0,211.2,2,0
c-00586,control,0,0.0,122.1,1,1
c-00587,control,0,0.0,229.7,3,0
c-00588,control,0,0.0,163.6,2,1
c-00589,control,0,0.0,123.9,3,1
c-00590,control,1,106.61,243.8,3,1
c-00591,control,0,0.0,177.3,3,0
c-00592,control,0,0.0,256.3,5,0
c-00593,control,0,0.0,228.9,5,0
c-00594,control,0,0.0,148.1,5,0
c-00595,control,0,0.0,176.6,1,0
c-00596,control,0,0.0,184.8,3,0
c-00597,control,0,0.0,241.1,3,1
c-00598,control,1,62.26,197.5,1,0
c-00599,control,0,0.0,187.1,2,0
c-00600,control,0,0.0,172.0,1,1
c-00601,control,0,0.0,178.0,1,1
c-00602,control,1,41.11,232.2,1,1
c-00603,control,0,0.0,180.1,3,0
c-00604,control,1,36.21,164.2,3,1
c-00605,control,0,0.0,157.4,6,0
c-00606,control,0,0.0,157.8,2,1
c-00607,control,0,0.0,123.9,2,0
c-00608,control,0,0.0,150.0,0,1
c-00609,control,0,0.0,239.9,3,0
c-00610,control,0,0.0,171.7,4,1
c-00611,control,0,0.0,208.2,2,1
c-00612,control,1,54.9,80.8,3,1
c-00613,control,1,23.06,202.7,1,0
c-00614,control,0,0.0,173.5,6,1
c-00615,control,0,0.0,160.7,4,1
c-00616,control,0,0.0,187.2,3,1
c-00617,control,0,0.0,160.2,5,0
c-00618,control,0,0.0,95.0,3,0
c-00619,control,0,0.0,216.9,2,1
c-00620,control,0,0.0,189.7,5,0
c-00621,control,0,0.0,167.4,1,1
c-00622,control,1,67.01,141.4,1,0
c-00623,control,0,0.0,121.2,2,1
c-00624,control,1,31.85,189.0,4,0
c-00625,control,0,0.0,244.5,4,1
c-00626,control,0,0.0,188.1,2,0
c-00627,control,0,0.0,124.7,4,0
c-00628,control,0,0.0,189.0,2,0
c-00629,control,0,0.0,177.9,3,1
c-00630,control,1,57.79,214.6,3,0
c-00631,control,0,0.0,204.3,3,0
c-00632,control,0,0.0,60.6,6,0
c-00633,control,0,0.0,201.8,2,1
c-00634,control,0,0.0,139.9,0,0
c-00635,control,0,0.0,123.1,2,1
c-00636,control,0,0.0,172.5,2,0
c-00637,control,0,0.0,196.4,2,0
c-00638,control,0,0.0,114.4,4,0
c-00639,control,0,0.0,208.2,2,0
c-00640,control,0,0.0,210.5,4,0
c-00641,control,0,0.0,181.9,2,1
c-00642,control,0,0.0,145.3,1,0
c-00643,control,0,0.0,140.8,2,1
c-00644,control,0,0.0,221.0,3,0
c-00645,control,0,0.0,119.6,3,0
c-00646,control,0,0.0,222.6,2,1
c-00647,control,0,0.0,173.4,3,1
c-00648,control,0,0.0,176.2,5,1
c-00649,control,0,0.0,111.7,3,1
c-00650,control,0,0.0,174.1,6,0
c-00651,control,0,0.0,204.5,2,1
c-00652,control,0,0.0,126.5,3,0
c-00653,control,0,0.0,199.9,5,1
c-00654,control,0,0.0,183.6,2,1
c-00655,control,0,0.0,154.2,1,0
c-00656,control,0,0.0,214.2,2,0
c-00657,control,0,0.0,91.9,5,1
c-00658,control,0,0.0,193.9,1,0
c-00659,control,0,0.0,244.8,3,0
c-00660,control,0,0.0,237.6,2,1
c-00661,control,0,0.0,195.6,3,0
c-00662,control,0,0.0,167.9,2,0
c-00663,control,0,0.0,154.6,4,1
c-00664,control,0,0.0,167.9,5,1
c-00665,control,0,0.0,201.8,4,0
c-00666,control,0,0.0,147.7,9,1
c-00667,control,1,38.68,210.3,2,0
c-00668,control,0,0.0,265.3,2,0
c-00669,control,0,0.0,177.5,7,0
c-00670,control,0,0.0,126.2,2,0
c-00671,control,0,0.0,126.2,3,1
c-00672,control,1,43.42,211.1,2,0
c-00673,control,0,0.0,177.6,3,0
c-00674,control,0,0.0,215.1,1,1
c-00675,control,0,0.0,158.7,6,1
c-00676,control,1,34.79,213.2,3,1
c-00677,control,0,0.0,173.7,3,1
c-00678,control,0,0.0,150.7,2,1
c-00679,control,0,0.0,164.0,1,1
c-00680,control,0,0.0,132.1,1,1
c-00681,control,0,0.0,259.6,5,1
c-00682,control,0,0.0,176.1,6,1
c-00683,control,0,0.0,205.8,1,0
c-00684,control,0,0.0,158.5,1,0
c-00685,control,0,0.0,137.9,0,0
c-00686,control,0,0.0,170.6,3,0
c-00687,control,1,45.49,224.0,4,0
c-00688,control,0,0.0,159.2,1,0
c-00689,control,0,0.0,145.2,7,1
c-00690,control,0,0.0,186.2,2,1
c-00691,control,0,0.0,200.0,4,0
c-00692,control,0,0.0,245.7,5,1
c-00693,control,0,0.0,194.2,2,1
c-00694,control,1,114.46,205.8,2,1
c-00695,control,0,0.0,208.8,3,0
c-00696,control,0,0.0,133.9,3,1
c-00697,control,0,0.0,141.5,2,0
c-00698,control,0,0.0,136.6,2,1
c-00699,control,0,0.0,126.7,3,0
c-00700,control,0,0.0,211.8,5,0
c-00701,control,0,0.0,191.6,3,0
c-00702,control,0,0.0,183.2,6,1
c-00703,control,0,0.0,76.3,2,1
c-00704,control,0,0.0,262.2,2,1
c-00705,control,0,0.0,144.2,3,1
c-00706,control,0,0.0,262.1,3,0
c-00707,control,0,0.0,122.0,4,1
c-00708,control,0,0.0,147.5,3,0
c-00709,control,0,0.0,91.9,1,1
c-00710,control,1,91.22,194.5,4,1
c-00711,control,0,0.0,135.9,2,0
c-00712,control,0,0.0,137.1,3,0
c-00713,control,1,57.37,125.1,2,1
c-00714,control,0,0.0,211.1,5,1
c-00715,control,0,0.0,208.5,1,1
c-00716,control,0,0.0,252.5,3,1
c-00717,control,0,0.0,152.6,5,1
c-00718,control,0,0.0,188.8,3,0
c-00719,control,1,48.36,128.4,3,0
c-00720,control,0,0.0,166.6,2,1
c-00721,control,0,0.0,159.2,3,0
c-00722,control,0,0.0,198.6,4,1
c-00723,control,1,71.51,220.7,3,0
c-00724,control,0,0.0,219.6,5,1
c-00725,control,0,0.0,146.3,1,0
c-00726,control,0,0.0,219.9,2,1
c-00727,control,0,0.0,178.2,2,0
c-00728,control,0,0.0,167.0,3,1
c-00729,control,0,0.0,151.7,4,0
c-00730,control,0,0.0,157.6,2,1
c-00731,control,0,0.0,249.7,3,0
c-00732,control,0,0.0,192.3,2,0
c-00733,control,0,0.0,187.0,1,1
c-00734,control,0,0.0,169.5,5,0
c-00735,control,0,0.0,277.8,1,0
c-00736,control,0,0.0,232.2,2,0
c-00737,control,0,0.0,151.2,3,0
c-00738,control,0,0.0,169.1,3,0
c-00739,control,0,0.0,171.4,7,0
c-00740,control,0,0.0,185.8,3,0
c-00741,control,0,0.0,152.0,6,0
c-00742,control,0,0.0,197.6,3,0
c-00743,control,0,0.0,238.1,3,0
c-00744,control,0,0.0,127.5,2,1
c-00745,control,0,0.0,134.9,2,1
c-00746,control,0,0.0,160.7,1,0
c-00747,control,0,0.0,162.5,5,1
c-00748,control,0,0.0,259.9,3,0
c-00749,control,0,0.0,220.1,1,1
c-00750,control,0,0.0,217.8,5,0
c-00751,control,0,0.0,169.4,5,0
c-00752,control,0,0.0,168.5,4,1
c-00753,control,0,0.0,121.9,0,0
c-00754,control,0,0.0,211.3,2,1
c-00755,control,0,0.0,199.6,2,0
c-00756,control,0,0.0,231.4,1,0
c-00757,control,1,81.33,171.6,3,0
c-00758,control,0,0.0,174.3,3,1
c-00759,control,0,0.0,186.8,2,0
c-00760,control,0,0.0,215.7,3,0
c-00761,control,0,0.0,121.2,5,1
c-00762,control,0,0.0,209.4,6,0
c-00763,control,0,0.0,179.2,4,0
c-00764,control,1,33.67,137.7,1,0
c-00765,control,0,0.0,96.6,1,1
c-00766,control,0,0.0,174.5,0,0
c-00767,control,0,0.0,237.9,2,1
c-00768,control,0,0.0,247.0,3,1
c-00769,control,0,0.0,194.2,0,0
c-00770,control,0,0.0,258.5,2,0
c-00771,control,0,0.0,178.3,2,0
c-00772,control,0,0.0,218.1,2,0
c-00773,control,0,0.0,162.0,2,0
c-00774,control,0,0.0,159.4,2,0
c-00775,control,0,0.0,152.9,1,1
c-00776,control,0,0.0,97.6,2,0
c-00777,control,0,0.0,231.5,4,1
c-00778,control,0,0.0,154.3,3,1
c-00779,control,0,0.0,147.9,6,0
c-00780,control,0,0.0,132.8,1,1
c-00781,control,1,47.24,171.8,7,1
c-00782,control,0,0.0,250.5,5,0
c-00783,control,0,0.0,263.8,5,0
c-00784,control,1,21.54,113.6,4,0
c-00785,control,0,0.0,165.8,4,0
c-00786,control,0,0.0,138.6,3,1
c-00787,control,0,0.0,219.5,4,1
c-00788,control,0,0.0,191.5,3,0
c-00789,control,0,0.0,154.5,4,1
c-00790,control,0,0.0,182.9,3,1
c-00791,control,0,0.0,160.9,2,0
c-00792,control,0,0.0,244.6,4,0
c-00793,control,0,0.0,201.9,4,0
c-00794,control,0,0.0,206.8,2,1
c-00795,control,0,0.0,73.3,2,0
c-00796,control,0,0.0,177.3,2,0
c-00797,control,0,0.0,263.3,2,1
c-00798,control,0,0.0,233.0,0,0
c-00799,control,0,0.0,106.1,3,0
c-00800,control,0,0.0,167.5,7,1
c-00801,control,0,0.0,131.9,5,1
c-00802,control,0,0.0,248.4,4,0
c-00803,control,0,0.0,189.8,1,1
c-00804,control,0,0.0,149.3,6,0
c-00805,control,0,0.0,181.4,2,0
c-00806,control,0,0.0,75.7,3,0
c-00807,control,0,0.0,136.6,3,0
c-00808,control,0,0.0,181.5,3,0
c-00809,control,1,81.08,213.8,3,0
c-00810,control,0,0.0,102.3,5,0
c-00811,control,0,0.0,164.8,1,1
c-00812,control,1,123.87,220.4,4,0
c-00813,control,0,0.0,121.9,4,0
c-00814,control,0,0.0,189.2,1,0
c-00815,control,0,0.0,182.6,3,1
c-00816,control,0,0.0,248.6,3,0
c-00817,control,0,0.0,170.8,7,0
c-00818,control,0,0.0,173.1,3,1
c-00819,control,0,0.0,214.2,4,0
c-00820,control,0,0.0,126.9,1,1
c-00821,control,0,0.0,171.2,4,0
c-00822,control,0,0.0,161.8,1,1
c-00823,control,0,0.0,174.4,4,0
c-00824,control,0,0.0,213.9,5,1
c-00825,control,0,0.0,202.2,4,0
c-00826,control,0,0.0,150.1,6,0
c-00827,control,0,0.0,185.5,6,1
c-00828,control,0,0.0,239.6,2,0
c-00829,control,0,0.0,146.7,2,0
c-00830,control,0,0.0,185.8,8,1
c-00831,control,0,0.0,172.3,2,0
c-00832,control,0,0.0,177.5,6,0
c-00833,control,0,0.0,114.8,4,0
c-00834,control,0,0.0,236.4,0,0
c-00835,control,0,0.0,149.0,3,0
c-00836,control,0,0.0,221.0,8,1
c-00837,control,1,50.71,155.1,2,0
c-00838,control,0,0.0,155.0,2,0
c-00839,control,0,0.0,228.5,3,0
c-00840,control,0,0.0,219.8,2,0
c-00841,control,0,0.0,188.3,4,0
c-00842,control,0,0.0,210.4,0,1
c-00843,control,0,0.0,168.5,10,0
c-00844,control,0,0.0,179.7,2,1
c-00845,control,0,0.0,153.5,4,0
c-00846,control,0,0.0,216.2,5,0
c-00847,control,0,0.0,152.3,3,0
c-00848,control,0,0.0,239.4,5,0
c-00849,control,1,18.8,167.4,8,1
c-00850,control,0,0.0,180.8,0,1
c-00851,control,0,0.0,210.3,5,1
c-00852,control,0,0.0,181.0,2,0
c-00853,control,1,64.33,168.1,1,0
c-00854,control,0,0.0,178.8,3,1
c-00855,control,0,0.0,215.8,8,1
c-00856,control,0,0.0,153.5,2,0
c-00857,control,0,0.0,175.0,3,0
c-00858,control,0,0.0,180.4,1,0
c-00859,control,0,0.0,214.6,3,0
c-00860,control,0,0.0,176.0,1,1
c-00861,control,0,0.0,252.3,4,0
c-00862,control,0,0.0,173.7,0,1
c-00863,control,0,0.0,170.5,4,0
c-00864,control,0,0.0,173.2,1,1
c-00865,control,1,32.56,127.3,5,0
c-00866,control,0,0.0,138.5,5,1
c-00867,control,0,0.0,158.8,1,1
c-00868,control,0,0.0,225.4,1,0
c-00869,control,0,0.0,178.7,3,0
c-00870,control,0,0.0,160.6,4,0
c-00871,control,0,0.0,229.1,7,0
c-00872,control,1,36.29,242.0,5,1
c-00873,control,0,0.0,230.2,4,1
c-00874,control,0,0.0,145.9,4,1
c-00875,control,0,0.0,160.2,2,0
c-00876,control,0,0.0,252.5,7,1
c-00877,control,0,0.0,189.6,3,1
c-00878,control,0,0.0,169.3,5,0
c-00879,control,0,0.0,208.7,3,1
c-00880,control,0,0.0,220.3,3,0
c-00881,control,0,0.0,157.1,5,0
c-00882,control,1,64.84,188.8,4,1
c-00883,control,0,0.0,217.1,6,0
c-00884,control,0,0.0,133.6,7,0
c-00885,control,0,0.0,180.5,2,0
c-00886,control,0,0.0,135.4,3,1
c-00887,control,0,0.0,140.7,2,0
c-00888,control,0,0.0,157.5,3,0
c-00889,control,0,0.0,199.1,4,0
c-00890,control,0,0.0,167.1,1,0
c-00891,control,1,54.85,154.1,4,0
c-00892,control,0,0.0,182.1,2,1
c-00893,control,0,0.0,134.1,4,1
c-00894,control,0,0.0,197.2,1,1
c-00895,control,0,0.0,225.3,3,1
c-00896,control,0,0.0,176.8,2,0
c-00897,control,0,0.0,171.9,4,0
c-00898,control,0,0.0,194.9,2,0
c-00899,control,0,0.0,98.9,5,0
c-00900,control,0,0.0,201.5,2,1
c-00901,control,0,0.0,304.1,9,0
c-00902,control,0,0.0,175.1,3,1
c-00903,control,0,0.0,175.2,3,0
c-00904,control,1,39.27,209.7,2,0
c-00905,control,0,0.0,245.8,1,1
c-00906,control,0,0.0,219.0,5,0
c-00907,control,0,0.0,93.8,2,0
c-00908,control,0,0.0,202.5,3,0
c-00909,control,0,0.0,282.9,4,0
c-00910,control,0,0.0,204.9,3,0
c-00911,control,0,0.0,133.8,4,1
c-00912,control,1,36.51,191.3,7,1
c-00913,control,1,51.76,128.8,3,1
c-00914,control,1,40.68,229.3,2,1
c-00915,control,1,29.69,141.8,1,0
c-00916,control,0,0.0,183.0,0,1
c-00917,control,0,0.0,145.7,1,0
c-00918,control,0,0.0,158.1,4,0
c-00919,control,0,0.0,239.4,3,1
c-00920,control,0,0.0,184.1,1,0
c-00921,control,0,0.0,157.6,3,0
c-00922,control,0,0.0,134.2,2,1
c-00923,control,0,0.0,105.1,4,0
c-00924,control,0,0.0,129.9,2,0
c-00925,control,0,0.0,184.5,8,0
c-00926,control,0,0.0,219.2,2,0
c-00927,control,0,0.0,157.6,2,0
c-00928,control,0,0.0,242.8,5,0
c-00929,control,0,0.0,151.3,1,0
c-00930,control,0,0.0,170.5,3,0
c-00931,control,0,0.0,136.8,1,0
c-00932,control,0,0.0,219.6,4,0
c-00933,control,0,0.0,263.9,2,0
c-00934,control,0,0.0,109.5,2,0
c-00935,control,0,0.0,166.2,6,0
c-00936,control,1,42.11,230.6,2,0
c-00937,control,0,0.0,122.1,2,1
c-00938,control,0,0.0,202.7,4,0
c-00939,control,0,0.0,228.9,4,0
c-00940,control,0,0.0,183.1,1,0
c-00941,control,0,0.0,202.0,1,1
c-00942,control,0,0.0,250.4,5,0
c-00943,control,0,0.0,257.9,3,1
c-00944,control,0,0.0,177.5,3,1
c-00945,control,0,0.0,158.7,2,0
c-00946,control,0,0.0,143.2,6,0
c-00947,control,0,0.0,219.1,3,1
c-00948,control,0,0.0,125.1,3,0
c-00949,control,0,0.0,169.9,5,0
c-00950,control,0,0.0,184.1,3,0
c-00951,control,0,0.0,159.9,0,0
c-00952,control,0,0.0,191.2,1,1
c-00953,control,0,0.0,282.6,4,0
c-00954,control,1,56.99,175.1,5,0
c-00955,control,0,0.0,162.6,3,1
c-00956,control,0,0.0,220.6,3,1
c-00957,control,0,0.0,189.6,4,0
c-00958,control,0,0.0,237.6,2,1
c-00959,control,0,0.0,186.6,6,0
c-00960,control,0,0.0,170.1,8,1
c-00961,control,0,0.0,108.7,0,0
c-00962,control,0,0.0,115.2,2,0
c-00963,control,0,0.0,106.6,2,1
c-00964,control,1,45.14,195.2,5,1
c-00965,control,0,0.0,125.5,1,0
c-00966,control,1,25.89,230.2,4,1
c-00967,control,0,0.0,181.2,7,0
c-00968,control,0,0.0,170.2,2,1
c-00969,control,0,0.0,146.2,1,1
c-00970,control,0,0.0,204.9,1,1
c-00971,control,0,0.0,147.8,4,0
c-00972,control,0,0.0,140.6,2,1
c-00973,control,1,76.33,227.5,7,1
c-00974,control,0,0.0,194.2,4,0
c-00975,control,0,0.0,170.6,2,1
c-00976,control,0,0.0,205.7,1,0
c-00977,control,0,0.0,180.4,1,0
c-00978,control,0,0.0,195.3,5,1
c-00979,control,0,0.0,147.3,6,0
c-00980,control,1,14.26,262.8,3,1
c-00981,control,0,0.0,156.8,5,0
c-00982,control,0,0.0,242.2,7,0
c-00983,control,0,0.0,172.4,2,1
c-00984,control,0,0.0,212.3,1,1
c-00985,control,1,40.01,209.4,3,1
c-00986,control,0,0.0,225.9,5,0
c-00987,control,0,0.0,146.4,4,0
c-00988,control,0,0.0,223.0,0,1
c-00989,control,0,0.0,253.9,5,1
c-00990,control,0,0.0,169.7,6,1
c-00991,control,0,0.0,181.4,6,1
c-00992,control,0,0.0,159.1,2,0
c-00993,control,0,0.0,166.1,2,0
c-00994,control,1,37.0,248.5,3,0
c-00995,control,0,0.0,139.8,2,0
c-00996,control,0,0.0,142.3,1,0
c-00997,control,0,0.0,244.4,2,1
c-00998,control,1,52.28,205.0,2,0
c-00999,control,0,0.0,264.8,2,0
c-01000,control,0,0.0,162.0,3,1
c-01001,control,0,0.0,185.1,6,0
c-01002,control,0,0.0,153.6,4,1
c-01003,control,0,0.0,185.7,4,1
c-01004,control,0,0.0,109.0,6,1
c-01005,control,0,0.0,207.4,1,1
c-01006,control,1,62.98,192.9,3,1
c-01007,control,0,0.0,177.7,3,0
c-01008,control,0,0.0,164.4,1,1
c-01009,control,0,0.0,144.2,2,1
c-01010,control,0,0.0,209.1,3,0
c-01011,control,0,0.0,133.2,3,1
c-01012,control,0,0.0,200.5,3,0
c-01013,control,1,81.21,263.0,1,0
c-01014,control,0,0.0,239.4,5,0
c-01015,control,0,0.0,119.8,7,1
c-01016,control,0,0.0,158.5,4,0
c-01017,control,0,0.0,196.9,6,0
c-01018,control,0,0.0,177.2,3,0
c-01019,control,0,0.0,124.0,1,1
c-01020,control,0,0.0,195.4,2,1
c-01021,control,0,0.0,179.6,2,0
c-01022,control,1,35.5,256.6,4,0
c-01023,control,0,0.0,169.9,3,1
c-01024,control,0,0.0,226.7,4,0
c-01025,control,0,0.0,129.3,7,0
c-01026,control,1,63.69,138.9,4,1
c-01027,control,0,0.0,208.9,2,1
c-01028,control,0,0.0,223.3,2,0
c-01029,control,0,0.0,141.7,3,0
c-01030,control,0,0.0,181.0,1,0
c-01031,control,0,0.0,124.7,3,1
c-01032,control,0,0.0,172.8,1,1
c-01033,control,1,53.42,213.5,4,0
c-01034,control,0,0.0,162.6,6,1
c-01035,control,0,0.0,170.0,5,0
c-01036,control,0,0.0,134.8,4,1
c-01037,control,0,0.0,154.1,0,1
c-01038,control,0,0.0,250.3,1,1
c-01039,control,0,0.0,182.9,2,1
c-01040,control,0,0.0,139.9,1,0
c-01041,control,0,0.0,167.4,2,0
c-01042,control,0,0.0,116.1,5,0
c-01043,control,0,0.0,139.4,2,1
c-01044,control,0,0.0,234.4,3,0
c-01045,control,0,0.0,174.3,1,0
c-01046,control,0,0.0,255.6,2,0
c-01047,control,0,0.0,176.2,5,0
c-01048,control,0,0.0,178.6,4,0
c-01049,control,0,0.0,205.6,1,0
c-01050,control,0,0.0,73.1,2,0
c-01051,control,0,0.0,188.2,7,0
c-01052,control,0,0.0,178.0,4,0
c-01053,control,0,0.0,239.4,1,1
c-01054,control,0,0.0,218.6,3,1
c-01055,control,0,0.0,134.7,4,1
c-01056,control,1,22.64,229.7,3,1
c-01057,control,0,0.0,169.5,2,0
c-01058,control,0,0.0,143.8,2,1
c-01059,control,0,0.0,187.9,5,0
c-01060,control,1,115.04,171.9,2,0
c-01061,control,0,0.0,241.5,3,0
c-01062,control,0,0.0,193.6,2,1
c-01063,control,0,0.0,188.2,1,0
c-01064,control,0,0.0,216.0,1,0
c-01065,control,1,25.6,223.7,5,1
c-01066,control,0,0.0,211.3,2,0
c-01067,control,0,0.0,236.8,5,1
c-01068,control,0,0.0,204.3,3,1
c-01069,control,0,0.0,186.7,3,0
c-01070,control,0,0.0,229.6,1,0
c-01071,control,0,0.0,176.4,8,0
c-01072,control,0,0.0,181.3,2,1
c-01073,control,1,59.07,248.9,5,1
c-01074,control,0,0.0,244.9,7,1
c-01075,control,0,0.0,179.7,3,0
c-01076,control,0,0.0,161.9,4,0
c-01077,control,0,0.0,238.5,3,1
c-01078,control,0,0.0,212.0,3,1
c-01079,control,0,0.0,192.6,4,0
c-01080,control,0,0.0,167.1,5,0
c-01081,control,1,58.29,193.3,1,0
c-01082,control,1,55.37,179.1,7,0
c-01083,control,0,0.0,153.4,5,1
c-01084,control,1,39.15,185.2,2,1
c-01085,control,0,0.0,190.6,1,0
c-01086,control,0,0.0,165.0,4,0
c-01087,control,0,0.0,216.2,3,0
c-01088,control,0,0.0,231.6,6,0
c-01089,control,0,0.0,218.8,5,0
c-01090,control,0,0.0,169.0,3,0
c-01091,control,0,0.0,210.2,4,0
c-01092,control,0,0.0,183.1,1,1
c-01093,control,0,0.0,130.6,4,1
c-01094,control,0,0.0,206.9,3,1
c-01095,control,0,0.0,185.8,3,0
c-01096,control,0,0.0,283.7,2,0
c-01097,control,0,0.0,238.3,3,0
c-01098,control,0,0.0,208.4,5,0
c-01099,control,0,0.0,190.0,4,0
c-01100,control,0,0.0,186.5,1,0
c-01101,control,0,0.0,139.9,3,1
c-01102,control,0,0.0,110.4,3,1
c-01103,control,0,0.0,145.1,2,1
c-01104,control,0,0.0,178.1,1,1
c-01105,control,0,0.0,95.8,3,1
c-01106,control,0,0.0,158.2,3,1
c-01107,control,0,0.0,170.1,3,1
c-01108,control,1,70.97,171.4,2,0
c-01109,control,0,0.0,153.5,4,1
c-01110,control,0,0.0,166.3,3,1
c-01111,control,0,0.0,249.0,1,0
c-01112,control,0,0.0,206.5,2,0
c-01113,control,1,24.24,157.6,4,1
c-01114,control,1,47.48,177.3,5,1
c-01115,control,0,0.0,178.9,2,0
c-01116,control,0,0.0,149.3,1,0
c-01117,control,0,0.0,149.2,3,0
c-01118,control,0,0.0,220.4,2,0
c-01119,control,0,0.0,163.2,5,0
c-01120,control,0,0.0,136.2,2,0
c-01121,control,0,0.0,178.3,3,0
c-01122,control,0,0.0,184.7,4,0
c-01123,control,0,0.0,101.1,2,1
c-01124,control,0,0.0,178.4,1,0
c-01125,control,0,0.0,214.7,3,0
c-01126,control,0,0.0,198.0,2,0
c-01127,control,0,0.0,269.2,2,1
c-01128,control,0,0.0,230.0,4,0
c-01129,control,1,37.95,238.0,4,0
c-01130,control,1,36.06,292.0,4,0
c-01131,control,0,0.0,210.3,1,0
c-01132,control,0,0.0,186.5,3,1
c-01133,control,0,0.0,218.9,3,0
c-01134,control,1,59.32,157.6,3,0
c-01135,control,0,0.0,184.3,3,0
c-01136,control,0,0.0,154.1,5,0
c-01137,control,0,0.0,195.9,5,1
c-01138,control,0,0.0,153.9,2,1
c-01139,control,0,0.0,152.5,3,1
c-01140,control,0,0.0,196.5,1,0
c-01141,control,0,0.0,174.5,2,0
c-01142,control,0,0.0,102.9,2,1
c-01143,control,0,0.0,121.8,2,0
c-01144,control,0,0.0,134.1,0,1
c-01145,control,0,0.0,144.7,1,1
c-01146,control,0,0.0,196.6,0,0
c-01147,control,0,0.0,188.8,1,1
c-01148,control,0,0.0,222.6,2,0
c-01149,control,0,0.0,210.1,7,1
c-01150,control,0,0.0,222.9,3,0
c-01151,control,0,0.0,204.3,3,0
c-01152,control,0,0.0,188.4,2,0
c-01153,control,0,0.0,224.0,3,0
c-01154,control,0,0.0,216.8,1,1
c-01155,control,0,0.0,195.0,2,0
c-01156,control,0,0.0,230.8,2,0
c-01157,control,0,0.0,86.2,4,0
c-01158,control,0,0.0,168.4,5,1
c-01159,control,0,0.0,167.8,1,0
c-01160,control,0,0.0,226.1,1,0
c-01161,control,0,0.0,242.9,3,1
c-01162,control,0,0.0,122.0,3,1
c-01163,control,0,0.0,236.4,4,1
c-01164,control,0,0.0,133.1,2,1
c-01165,control,0,0.0,134.4,4,0
c-01166,control,0,0.0,170.6,3,1
c-01167,control,0,0.0,167.3,4,0
c-01168,control,0,0.0,117.7,4,0
c-01169,control,0,0.0,206.0,1,0
c-01170,control,0,0.0,207.2,4,0
c-01171,control,0,0.0,222.2,6,0
c-01172,control,0,0.0,162.7,2,0
c-01173,control,0,0.0,178.4,5,1
c-01174,control,0,0.0,178.8,3,1
c-01175,control,0,0.0,247.5,3,0
c-01176,control,0,0.0,66.6,1,0
c-01177,control,0,0.0,141.7,2,0
c-01178,control,0,0.0,180.2,3,0
c-01179,control,0,0.0,136.6,5,1
c-01180,control,0,0.0,169.7,2,0
c-01181,control,0,0.0,175.0,3,0
c-01182,control,0,0.0,153.7,2,0
c-01183,control,0,0.0,182.6,4,0
c-01184,control,0,0.0,205.1,3,0
c-01185,control,0,0.0,170.5,3,1
c-01186,control,0,0.0,161.9,4,1
c-01187,control,1,79.43,173.4,6,0
c-01188,control,0,0.0,179.7,4,1
c-01189,control,0,0.0,110.4,5,1
c-01190,control,0,0.0,198.5,3,0
c-01191,control,0,0.0,162.0,3,1
c-01192,control,0,0.0,230.5,4,1
c-01193,control,1,41.91,203.6,3,1
c-01194,control,0,0.0,226.8,1,0
c-01195,control,0,0.0,139.6,1,1
c-01196,control,0,0.0,165.1,1,1
c-01197,control,0,0.0,130.3,4,1
c-01198,control,0,0.0,151.8,3,0
c-01199,control,0,0.0,230.1,1,0
c-01200,control,0,0.0,239.5,2,1
c-01201,control,0,0.0,134.1,2,1
c-01202,control,0,0.0,161.7,4,1
c-01203,control,0,0.0,177.0,5,0
c-01204,control,0,0.0,203.4,2,0
c-01205,control,0,0.0,109.6,6,1
c-01206,control,0,0.0,115.9,1,1
c-01207,control,0,0.0,199.6,3,0
c-01208,control,0,0.0,102.0,1,1
c-01209,control,0,0.0,162.1,4,0
c-01210,control,0,0.0,186.5,2,0
c-01211,control,0,0.0,196.6,5,0
c-01212,control,0,0.0,174.3,5,0
c-01213,control,0,0.0,165.4,1,1
c-01214,control,0,0.0,213.8,4,0
c-01215,control,0,0.0,191.4,4,1
c-01216,control,0,0.0,154.1,6,0
c-01217,control,0,0.0,181.5,3,1
c-01218,control,0,0.0,195.3,3,0
c-01219,control,0,0.0,248.7,6,0
c-01220,control,0,0.0,211.5,3,0
c-01221,control,0,0.0,228.6,3,1
c-01222,control,0,0.0,155.6,2,1
c-01223,control,0,0.0,159.0,2,0
c-01224,control,0,0.0,170.6,3,0
c-01225,control,0,0.0,174.3,3,0
c-01226,control,0,0.0,139.7,3,0
c-01227,control,0,0.0,230.6,0,0
c-01228,control,1,69.5,215.3,3,1
c-01229,control,0,0.0,167.8,2,1
c-01230,control,0,0.0,205.7,3,0
c-01231,control,0,0.0,188.9,2,1
c-01232,control,0,0.0,208.8,2,1
c-01233,control,0,0.0,126.2,4,0
c-01234,control,0,0.0,174.2,3,1
c-01235,control,0,0.0,177.7,1,0
c-01236,control,0,0.0,204.9,4,0
c-01237,control,0,0.0,154.9,2,0
c-01238,control,0,0.0,80.0,5,0
c-01239,control,0,0.0,136.7,1,0
c-01240,control,0,0.0,177.6,2,1
c-01241,control,0,0.0,182.6,3,0
c-01242,control,0,0.0,247.3,3,0
c-01243,control,0,0.0,203.3,2,1
c-01244,control,0,0.0,183.3,6,1
c-01245,control,0,0.0,178.7,6,1
c-01246,control,0,0.0,224.2,2,1
c-01247,control,0,0.0,156.4,3,1
c-01248,control,0,0.0,174.4,1,1
c-01249,control,1,50.02,136.4,4,0
c-01250,control,0,0.0,236.8,2,0
c-01251,control,0,0.0,195.7,4,0
c-01252,control,0,0.0,151.7,3,0
c-01253,control,0,0.0,175.4,2,0
c-01254,control,0,0.0,200.4,4,0
c-01255,control,0,0.0,170.0,3,0
c-01256,control,0,0.0,158.6,2,0
c-01257,control,0,0.0,153.8,5,0
c-01258,control,0,0.0,193.6,2,0
c-01259,control,1,32.73,165.7,2,1
c-01260,control,0,0.0,161.8,4,0
c-01261,control,0,0.0,126.6,5,0
c-01262,control,0,0.0,183.1,5,0
c-01263,control,1,43.55,172.8,5,1
c-01264,control,0,0.0,167.1,3,1
c-01265,control,0,0.0,188.0,1,0
c-01266,control,0,0.0,209.9,4,1
c-01267,control,1,42.74,208.1,1,1
c-01268,control,0,0.0,202.1,4,1
c-01269,control,0,0.0,170.4,3,1
c-01270,control,1,35.75,157.3,4,0
c-01271,control,0,0.0,138.2,2,0
c-01272,control,0,0.0,156.3,3,0
c-01273,control,0,0.0,180.8,1,0
c-01274,control,0,0.0,148.5,3,0
c-01275,control,0,0.0,183.8,0,1
c-01276,control,0,0.0,141.4,7,0
c-01277,control,0,0.0,113.6,2,0
c-01278,control,0,0.0,212.8,1,1
c-01279,control,0,0.0,161.0,8,0
c-01280,control,0,0.0,146.5,1,0
c-01281,control,0,0.0,136.2,4,0
c-01282,control,0,0.0,196.9,3,0
c-01283,control,0,0.0,235.0,5,0
c-01284,control,1,59.31,163.9,4,0
c-01285,control,1,54.36,171.4,4,1
c-01286,control,0,0.0,222.9,5,0
c-01287,control,0,0.0,107.6,2,1
c-01288,control,0,0.0,258.7,3,0
c-01289,control,0,0.0,277.8,5,0
c-01290,control,0,0.0,71.7,4,0
c-01291,control,0,0.0,176.1,6,1
c-01292,control,0,0.0,151.2,1,1
c-01293,control,0,0.0,169.4,4,0
c-01294,control,0,0.0,163.3,7,1
c-01295,control,0,0.0,212.5,4,0
c-01296,control,0,0.0,175.5,3,1
c-01297,control,0,0.0,143.6,4,1
c-01298,control,0,0.0,173.1,2,0
c-01299,control,0,0.0,200.6,1,0
c-01300,control,0,0.0,132.7,1,0
c-01301,control,0,0.0,114.2,3,1
c-01302,control,0,0.0,259.7,2,0
c-01303,control,0,0.0,154.3,4,0
c-01304,control,0,0.0,174.5,2,1
c-01305,control,1,23.91,164.1,1,0
c-01306,control,0,0.0,201.9,1,1
c-01307,control,0,0.0,250.9,2,0
c-01308,control,0,0.0,203.2,5,1
c-01309,control,1,23.26,119.3,2,1
c-01310,control,0,0.0,124.6,2,0
c-01311,control,1,59.21,164.0,4,0
c-01312,control,0,0.0,169.3,3,0
c-01313,control,0,0.0,111.1,1,1
c-01314,control,0,0.0,212.8,3,0
c-01315,control,0,0.0,136.5,2,1
c-01316,control,0,0.0,239.7,5,1
c-01317,control,0,0.0,252.8,6,1
c-01318,control,0,0.0,170.1,1,0
c-01319,control,0,0.0,197.6,4,0
c-01320,control,0,0.0,130.7,4,0
c-01321,control,0,0.0,204.9,1,0
c-01322,control,0,0.0,160.1,2,0
c-01323,control,0,0.0,136.5,1,0
c-01324,control,0,0.0,168.4,2,1
c-01325,control,0,0.0,161.4,3,0
c-01326,control,0,0.0,167.0,5,0
c-01327,control,0,0.0,218.0,3,0
c-01328,control,0,0.0,148.6,1,1
c-01329,control,0,0.0,249.4,5,1
c-01330,control,0,0.0,127.0,3,1
c-01331,control,0,0.0,244.6,1,0
c-01332,control,0,0.0,139.3,6,0
c-01333,control,1,33.89,180.0,8,1
c-01334,control,1,56.03,160.4,3,0
c-01335,control,0,0.0,166.3,2,0
c-01336,control,0,0.0,212.1,3,1
c-01337,control,0,0.0,240.0,6,0
c-01338,control,0,0.0,227.6,8,0
c-01339,control,0,0.0,163.8,3,0
c-01340,control,0,0.0,187.4,3,1
c-01341,control,0,0.0,148.7,1,0
c-01342,control,0,0.0,140.3,0,1
c-01343,control,0,0.0,134.1,3,1
c-01344,control,1,69.51,162.5,1,1
c-01345,control,0,0.0,190.0,1,0
c-01346,control,0,0.0,103.5,1,0
c-01347,control,0,0.0,178.1,6,1
c-01348,control,0,0.0,240.6,2,1
c-01349,control,0,0.0,224.9,2,1
c-01350,control,0,0.0,156.6,3,1
c-01351,control,0,0.0,124.1,4,1
c-01352,control,0,0.0,198.4,3,0
c-01353,control,0,0.0,87.3,7,0
c-01354,control,0,0.0,224.4,5,0
c-01355,control,0,0.0,171.5,1,0
c-01356,control,0,0.0,253.3,4,0
c-01357,control,0,0.0,110.9,2,0
c-01358,control,0,0.0,216.7,3,0
c-01359,control,0,0.0,176.0,3,0
c-01360,control,0,0.0,166.8,3,1
c-01361,control,0,0.0,125.2,3,1
c-01362,control,0,0.0,203.8,1,0
c-01363,control,0,0.0,207.0,1,1
c-01364,control,0,0.0,251.4,1,0
c-01365,control,0,0.0,220.3,3,0
c-01366,control,0,0.0,156.2,4,0
c-01367,control,0,0.0,139.8,2,0
c-01368,control,0,0.0,125.3,1,1
c-01369,control,0,0.0,238.9,4,1
c-01370,control,0,0.0,148.9,1,0
c-01371,control,1,27.61,239.2,8,1
c-01372,control,0,0.0,201.0,0,0
c-01373,control,0,0.0,193.2,0,0
c-01374,control,1,25.91,167.7,4,1
c-01375,control,0,0.0,206.4,1,1
c-01376,control,0,0.0,179.4,5,0
c-01377,control,0,0.0,165.2,2,1
c-01378,control,0,0.0,207.8,4,0
c-01379,control,0,0.0,174.2,3,1
c-01380,control,0,0.0,148.1,3,1
c-01381,control,0,0.0,204.0,6,0
c-01382,control,0,0.0,177.4,4,0
c-01383,control,1,103.91,199.6,4,1
c-01384,control,1,57.29,161.8,4,0
c-01385,control,0,0.0,131.6,2,1
c-01386,control,0,0.0,249.4,4,0
c-01387,control,0,0.0,241.9,2,0
c-01388,control,1,40.5,215.4,1,0
c-01389,control,0,0.0,164.5,3,1
c-01390,control,1,32.13,168.0,1,0
c-01391,control,0,0.0,235.3,2,0
c-01392,control,0,0.0,165.8,3,0
c-01393,control,0,0.0,154.7,1,1
c-01394,control,0,0.0,254.9,3,0
c-01395,control,0,0.0,178.1,5,0
c-01396,control,0,0.0,250.7,1,0
c-01397,control,1,38.87,124.1,3,0
c-01398,control,0,0.0,200.7,6,0
c-01399,control,0,0.0,262.8,1,0
c-01400,control,0,0.0,181.2,2,1
c-01401,control,0,0.0,169.4,3,1
c-01402,control,1,28.62,133.3,2,0
c-01403,control,0,0.0,223.3,3,0
c-01404,control,0,0.0,149.2,7,1
c-01405,control,0,0.0,176.2,5,0
c-01406,control,1,72.79,130.6,4,0
c-01407,control,0,0.0,242.3,2,1
c-01408,control,0,0.0,226.2,3,0
c-01409,control,0,0.0,178.7,1,0
c-01410,control,0,0.0,133.8,5,1
c-01411,control,1,34.48,241.4,2,0
c-01412,control,0,0.0,165.4,3,1
c-01413,control,1,80.01,135.8,1,0
c-01414,control,0,0.0,109.5,4,0
c-01415,control,0,0.0,154.2,4,1
c-01416,control,0,0.0,121.8,4,1
c-01417,control,0,0.0,155.1,3,1
c-01418,control,0,0.0,209.8,0,0
c-01419,control,1,40.84,165.0,3,1
c-01420,control,0,0.0,194.2,6,0
c-01421,control,0,0.0,151.1,1,1
c-01422,control,0,0.0,182.6,4,1
c-01423,control,0,0.0,256.8,2,0
c-01424,control,0,0.0,166.1,5,0
c-01425,control,0,0.0,195.4,2,1
c-01426,control,0,0.0,117.4,5,1
c-01427,control,0,0.0,240.8,4,0
c-01428,control,0,0.0,160.9,3,0
c-01429,control,0,0.0,222.0,7,1
c-01430,control,1,30.58,175.1,4,0
c-01431,control,0,0.0,204.5,2,0
c-01432,control,0,0.0,206.8,1,0
c-01433,control,0,0.0,161.9,0,0
c-01434,control,0,0.0,223.7,4,0
c-01435,control,1,40.37,149.6,5,1
c-01436,control,0,0.0,211.1,3,1
c-01437,control,0,0.0,164.4,2,0
c-01438,control,1,15.02,194.0,1,0
c-01439,control,1,46.32,161.5,4,1
c-01440,control,0,0.0,182.0,5,0
c-01441,control,0,0.0,137.0,2,1
c-01442,control,0,0.0,189.9,5,0
c-01443,control,0,0.0,181.8,4,1
c-01444,control,0,0.0,158.4,7,0
c-01445,control,0,0.0,177.8,6,1
c-01446,control,1,45.31,185.4,1,1
c-01447,control,0,0.0,155.3,2,0
c-01448,control,0,0.0,174.8,4,1
c-01449,control,0,0.0,139.8,2,0
c-01450,control,0,0.0,273.8,4,0
c-01451,control,0,0.0,222.4,2,1
c-01452,control,0,0.0,190.9,2,1
c-01453,control,1,70.89,226.9,2,0
c-01454,control,0,0.0,100.8,4,0
c-01455,control,0,0.0,77.7,2,0
c-01456,control,0,0.0,164.0,2,0
c-01457,control,0,0.0,124.9,1,0
c-01458,control,1,20.93,170.5,4,0
c-01459,control,0,0.0,188.2,3,0
c-01460,control,0,0.0,216.8,3,1
c-01461,control,0,0.0,134.5,5,1
c-01462,control,0,0.0,196.0,5,1
c-01463,control,0,0.0,180.6,1,0
c-01464,control,0,0.0,193.9,2,0
c-01465,control,0,0.0,159.2,2,0
c-01466,control,0,0.0,235.3,4,0
c-01467,control,0,0.0,175.9,1,0
c-01468,control,0,0.0,251.0,3,0
c-01469,control,0,0.0,148.4,2,1
c-01470,control,1,82.5,209.7,1,1
c-01471,control,0,0.0,177.6,0,0
c-01472,control,0,0.0,166.9,2,0
c-01473,control,0,0.0,205.3,2,1
c-01474,control,0,0.0,168.0,7,1
c-01475,control,0,0.0,73.5,3,0
c-01476,control,0,0.0,57.5,3,1
c-01477,control,1,70.76,230.9,1,0
c-01478,control,0,0.0,229.2,3,1
c-01479,control,0,0.0,255.5,0,1
c-01480,control,0,0.0,179.3,3,0
c-01481,control,0,0.0,128.3,7,0
c-01482,control,0,0.0,163.2,3,1
c-01483,control,0,0.0,180.5,3,1
c-01484,control,0,0.0,139.7,0,1
c-01485,control,0,0.0,245.9,0,0
c-01486,control,1,85.92,269.6,1,1
c-01487,control,0,0.0,199.1,2,1
c-01488,control,0,0.0,179.6,3,1
c-01489,control,0,0.0,128.2,4,0
c-01490,control,0,0.0,241.9,5,0
c-01491,control,0,0.0,183.1,3,0
c-01492,control,0,0.0,168.4,3,0
c-01493,control,0,0.0,199.2,1,0
c-01494,control,0,0.0,156.6,4,0
c-01495,control,0,0.0,185.9,6,1
c-01496,control,0,0.0,122.3,5,1
c-01497,control,0,0.0,223.5,3,1
c-01498,control,0,0.0,175.8,5,1
c-01499,control,0,0.0,226.4,4,1
c-01500,control,0,0.0,172.0,3,0
c-01501,control,1,47.76,174.6,3,0
c-01502,control,0,0.0,131.5,2,1
c-01503,control,0,0.0,210.4,3,1
c-01504,control,0,0.0,145.0,2,1
c-01505,control,0,0.0,160.5,2,0
c-01506,control,0,0.0,180.0,2,1
c-01507,control,0,0.0,184.8,3,0
c-01508,control,0,0.0,111.8,3,0
c-01509,control,0,0.0,170.8,4,0
c-01510,control,0,0.0,211.8,5,0
c-01511,control,0,0.0,164.9,7,0
c-01512,control,0,0.0,171.0,3,1
c-01513,control,0,0.0,186.5,3,0
c-01514,control,0,0.0,175.0,4,1
c-01515,control,0,0.0,138.8,5,0
c-01516,control,0,0.0,178.5,4,0
c-01517,control,1,77.19,219.8,4,0
c-01518,control,0,0.0,138.0,5,0
c-01519,control,0,0.0,165.0,2,0
c-01520,control,0,0.0,124.7,2,0
c-01521,control,0,0.0,217.7,1,0
c-01522,control,0,0.0,176.3,4,0
c-01523,control,0,0.0,146.0,5,0
c-01524,control,0,0.0,183.7,3,0
c-01525,control,0,0.0,131.9,4,0
c-01526,control,0,0.0,138.7,9,0
c-01527,control,0,0.0,121.6,6,0
c-01528,control,0,0.0,137.3,2,1
c-01529,control,0,0.0,234.3,4,0
c-01530,control,0,0.0,150.7,5,1
c-01531,control,0,0.0,198.6,3,1
c-01532,control,0,0.0,146.5,3,0
c-01533,control,0,0.0,210.4,1,1
c-01534,control,0,0.0,139.0,3,1
c-01535,control,0,0.0,181.6,3,1
c-01536,control,0,0.0,182.1,1,1
c-01537,control,0,0.0,273.1,4,0
c-01538,control,0,0.0,205.2,4,0
c-01539,control,0,0.0,156.3,6,0
c-01540,control,0,0.0,207.4,1,1
c-01541,control,0,0.0,265.5,2,0
c-01542,control,0,0.0,114.8,0,0
c-01543,control,0,0.0,146.3,3,1
c-01544,control,0,0.0,170.5,3,0
c-01545,control,0,0.0,163.3,2,0
c-01546,control,0,0.0,166.7,1,0
c-01547,control,0,0.0,127.8,5,1
c-01548,control,0,0.0,236.2,0,0
c-01549,control,0,0.0,123.1,3,0
c-01550,control,0,0.0,172.0,5,1
c-01551,control,0,0.0,221.8,4,0
c-01552,control,0,0.0,178.8,1,0
c-01553,control,0,0.0,140.8,1,1
c-01554,control,0,0.0,126.1,7,0
c-01555,control,0,0.0,170.8,2,0
c-01556,control,1,25.23,149.7,5,0
c-01557,control,0,0.0,188.2,3,1
c-01558,control,0,0.0,123.9,6,0
c-01559,control,0,0.0,212.5,6,1
c-01560,control,1,67.42,184.6,3,1
c-01561,control,0,0.0,187.6,6,1
c-01562,control,0,0.0,237.6,1,0
c-01563,control,1,34.57,162.5,4,1
c-01564,control,0,0.0,151.0,2,0
c-01565,control,0,0.0,158.1,5,0
c-01566,control,0,0.0,172.3,1,0
c-01567,control,0,0.0,176.4,2,0
c-01568,control,0,0.0,146.8,4,1
c-01569,control,0,0.0,99.1,2,0
c-01570,control,0,0.0,157.6,4,0
c-01571,control,0,0.0,194.4,1,0
c-01572,control,0,0.0,185.5,4,0
c-01573,control,0,0.0,228.0,2,1
c-01574,control,0,0.0,258.2,4,0
c-01575,control,0,0.0,210.4,5,1
c-01576,control,0,0.0,235.3,0,0
c-01577,control,0,0.0,210.7,2,1
c-01578,control,1,23.26,248.4,5,1
c-01579,control,0,0.0,254.0,5,0
c-01580,control,0,0.0,218.0,2,1
c-01581,control,0,0.0,208.3,2,0
c-01582,control,0,0.0,171.8,4,0
c-01583,control,0,0.0,178.3,0,0
c-01584,control,0,0.0,166.5,3,0
c-01585,control,1,29.49,204.9,4,1
c-01586,control,0,0.0,151.2,4,1
c-01587,control,0,0.0,172.4,3,0
c-01588,control,0,0.0,85.8,0,1
c-01589,control,0,0.0,248.9,2,0
c-01590,control,0,0.0,171.2,0,0
c-01591,control,0,0.0,198.2,3,1
c-01592,control,1,49.03,238.3,4,0
c-01593,control,0,0.0,192.0,5,1
c-01594,control,0,0.0,237.8,2,0
c-01595,control,0,0.0,130.3,4,0
c-01596,control,0,0.0,275.9,4,0
c-01597,control,0,0.0,223.5,3,0
c-01598,control,0,0.0,188.4,2,0
c-01599,control,0,0.0,237.0,4,0
c-01600,control,1,33.75,133.3,4,0
c-01601,control,0,0.0,168.5,4,1
c-01602,control,0,0.0,237.8,5,0
c-01603,control,0,0.0,105.3,2,0
c-01604,control,0,0.0,202.4,2,0
c-01605,control,0,0.0,201.3,4,0
c-01606,control,1,57.93,258.8,1,0
c-01607,control,0,0.0,116.7,1,0
c-01608,control,0,0.0,244.4,4,0
c-01609,control,0,0.0,157.6,2,1
c-01610,control,0,0.0,162.1,7,0
c-01611,control,0,0.0,131.1,3,0
c-01612,control,0,0.0,136.5,3,1
c-01613,control,0,0.0,196.1,4,0
c-01614,control,0,0.0,135.5,2,0
c-01615,control,0,0.0,209.6,3,0
c-01616,control,0,0.0,153.5,3,0
c-01617,control,0,0.0,131.5,4,1
c-01618,control,1,21.68,158.9,2,0
c-01619,control,0,0.0,193.5,2,1
c-01620,control,0,0.0,168.9,3,0
c-01621,control,0,0.0,181.4,3,1
c-01622,control,0,0.0,207.8,1,0
c-01623,control,0,0.0,223.3,4,1
c-01624,control,0,0.0,167.6,5,0
c-01625,control,0,0.0,138.2,2,0
c-01626,control,0,0.0,183.0,3,0
c-01627,control,0,0.0,198.8,3,1
c-01628,control,0,0.0,121.6,6,0
c-01629,control,0,0.0,144.4,1,0
c-01630,control,0,0.0,151.2,3,1
c-01631,control,0,0.0,171.7,2,1
c-01632,control,0,0.0,149.6,3,1
c-01633,control,0,0.0,208.3,2,0
c-01634,control,1,18.78,115.8,5,0
c-01635,control,0,0.0,116.8,3,1
c-01636,control,0,0.0,166.6,2,0
c-01637,control,1,90.7,173.0,3,1
c-01638,control,0,0.0,121.8,3,1
c-01639,control,0,0.0,155.7,3,1
c-01640,control,0,0.0,164.0,4,0
c-01641,control,0,0.0,164.3,3,0
c-01642,control,0,0.0,186.1,4,1
c-01643,control,0,0.0,153.5,4,1
c-01644,control,0,0.0,239.1,0,1
c-01645,control,0,0.0,199.5,3,0
c-01646,control,0,0.0,147.7,0,0
c-01647,control,0,0.0,183.8,3,1
c-01648,control,1,73.46,185.0,7,1
c-01649,control,0,0.0,228.6,5,0
c-01650,control,0,0.0,156.0,2,0
c-01651,control,0,0.0,210.7,3,0
c-01652,control,0,0.0,181.7,3,0
c-01653,control,0,0.0,239.7,1,0
c-01654,control,1,30.5,231.6,3,1
c-01655,control,0,0.0,187.9,4,1
c-01656,control,0,0.0,169.5,2,0
c-01657,control,0,0.0,200.3,1,1
c-01658,control,0,0.0,172.8,3,0
c-01659,control,0,0.0,247.2,0,1
c-01660,control,0,0.0,183.1,3,1
c-01661,control,0,0.0,163.8,7,0
c-01662,control,0,0.0,161.6,1,1
c-01663,control,0,0.0,131.5,1,0
c-01664,control,1,48.84,202.3,1,1
c-01665,control,0,0.0,147.2,3,1
c-01666,control,0,0.0,223.9,7,1
c-01667,control,0,0.0,128.3,4,0
c-01668,control,0,0.0,185.1,0,0
c-01669,control,0,0.0,226.0,6,0
c-01670,control,0,0.0,93.9,0,0
c-01671,control,0,0.0,260.7,2,0
c-01672,control,0,0.0,163.0,4,0
c-01673,control,0,0.0,185.6,2,0
c-01674,control,0,0.0,202.9,2,0
c-01675,control,1,77.38,209.0,4,0
c-01676,control,0,0.0,191.0,3,1
c-01677,control,0,0.0,219.9,1,0
c-01678,control,0,0.0,200.8,4,1
c-01679,control,0,0.0,250.4,3,1
c-01680,control,0,0.0,200.9,2,0
c-01681,control,0,0.0,258.6,1,0
c-01682,control,0,0.0,216.0,3,1
c-01683,control,0,0.0,107.8,3,0
c-01684,control,0,0.0,284.4,4,0
c-01685,control,0,0.0,157.0,3,1
c-01686,control,0,0.0,239.8,1,1
c-01687,control,0,0.0,181.1,2,0
c-01688,control,0,0.0,222.4,4,0
c-01689,control,0,0.0,152.5,3,1
c-01690,control,0,0.0,205.0,2,0
c-01691,control,1,59.07,169.9,4,1
c-01692,control,0,0.0,243.2,6,0
c-01693,control,0,0.0,197.5,2,0
c-01694,control,0,0.0,217.4,3,0
c-01695,control,0,0.0,93.4,4,1
c-01696,control,0,0.0,176.6,2,0
c-01697,control,0,0.0,196.4,4,1
c-01698,control,1,52.28,188.9,3,1
c-01699,control,0,0.0,218.4,4,1
c-01700,control,1,80.06,165.4,3,1
c-01701,control,1,35.2,182.0,3,0
c-01702,control,0,0.0,227.2,1,0
c-01703,control,0,0.0,88.9,4,0
c-01704,control,0,0.0,203.6,6,0
c-01705,control,1,49.6,166.6,3,0
c-01706,control,0,0.0,143.5,3,1
c-01707,control,0,0.0,193.5,4,1
c-01708,control,0,0.0,229.1,2,0
c-01709,control,0,0.0,221.6,3,0
c-01710,control,0,0.0,174.6,2,1
c-01711,control,0,0.0,215.0,1,1
c-01712,control,1,48.52,214.7,2,1
c-01713,control,0,0.0,176.5,0,0
c-01714,control,0,0.0,152.3,2,0
c-01715,control,0,0.0,154.6,4,1
c-01716,control,0,0.0,213.5,2,0
c-01717,control,0,0.0,178.3,2,1
c-01718,control,0,0.0,138.2,4,0
c-01719,control,0,0.0,112.6,2,0
c-01720,control,0,0.0,213.3,3,1
c-01721,control,0,0.0,158.1,3,1
c-01722,control,0,0.0,193.2,3,0
c-01723,control,0,0.0,229.6,3,1
c-01724,control,0,0.0,127.6,3,1
c-01725,control,0,0.0,178.2,1,1
c-01726,control,0,0.0,173.2,1,1
c-01727,control,0,0.0,195.2,3,1
c-01728,control,0,0.0,229.6,1,1
c-01729,control,0,0.0,126.8,3,0
c-01730,control,1,43.26,202.8,4,1
c-01731,control,0,0.0,221.3,1,1
c-01732,control,0,0.0,172.5,9,1
c-01733,control,0,0.0,174.5,4,0
c-01734,control,0,0.0,196.7,5,0
c-01735,control,0,0.0,193.8,2,1
c-01736,control,0,0.0,203.3,4,1
c-01737,control,0,0.0,202.5,3,0
c-01738,control,0,0.0,140.7,3,1
c-01739,control,0,0.0,219.6,1,0
c-01740,control,0,0.0,226.7,1,0
c-01741,control,0,0.0,187.4,2,1
c-01742,control,0,0.0,120.2,4,1
c-01743,control,1,41.04,175.4,3,0
c-01744,control,0,0.0,187.8,5,1
c-01745,control,0,0.0,134.2,4,1
c-01746,control,0,0.0,165.6,3,1
c-01747,control,0,0.0,123.6,0,1
c-01748,control,0,0.0,204.3,0,0
c-01749,control,0,0.0,186.6,6,0
c-01750,control,0,0.0,114.2,4,0
c-01751,control,0,0.0,194.1,3,0
c-01752,control,0,0.0,177.7,8,0
c-01753,control,0,0.0,200.7,2,0
c-01754,control,0,0.0,164.3,1,0
c-01755,control,0,0.0,147.9,3,1
c-01756,control,0,0.0,149.2,4,0
c-01757,control,1,50.54,158.5,2,0
c-01758,control,1,49.67,180.8,4,0
c-01759,control,1,30.51,185.9,3,0
c-01760,control,0,0.0,172.4,6,1
c-01761,control,0,0.0,163.1,3,1
c-01762,control,0,0.0,165.9,4,1
c-01763,control,0,0.0,280.3,0,1
c-01764,control,0,0.0,149.2,4,1
c-01765,control,0,0.0,157.7,3,1
c-01766,control,1,70.16,311.8,4,0
c-01767,control,0,0.0,196.8,3,0
c-01768,control,0,0.0,124.8,1,1
c-01769,control,0,0.0,213.7,3,1
c-01770,control,0,0.0,143.6,2,1
c-01771,control,0,0.0,216.4,2,0
c-01772,control,0,0.0,171.6,1,1
c-01773,control,0,0.0,162.4,1,0
c-01774,control,0,0.0,244.4,4,1
c-01775,control,0,0.0,202.7,5,0
c-01776,control,0,0.0,218.9,3,0
c-01777,control,0,0.0,197.4,7,0
c-01778,control,0,0.0,162.2,2,0
c-01779,control,0,0.0,204.5,3,0
c-01780,control,0,0.0,228.4,4,1
c-01781,control,0,0.0,185.4,2,0
c-01782,control,0,0.0,252.1,2,0
c-01783,control,0,0.0,214.0,1,0
c-01784,control,0,0.0,188.5,3,1
c-01785,control,0,0.0,190.1,4,0
c-01786,control,0,0.0,185.5,2,0
c-01787,control,0,0.0,130.0,3,1
c-01788,control,0,0.0,176.4,2,0
c-01789,control,0,0.0,188.8,2,1
c-01790,control,0,0.0,163.4,3,0
c-01791,control,0,0.0,193.5,4,1
c-01792,control,0,0.0,180.9,6,1
c-01793,control,0,0.0,210.9,1,0
c-01794,control,1,31.52,206.5,3,1
c-01795,control,0,0.0,186.7,2,0
c-01796,control,0,0.0,125.3,5,0
c-01797,control,0,0.0,251.6,3,1
c-01798,control,0,0.0,174.3,3,1
c-01799,control,0,0.0,176.8,5,0
c-01800,control,0,0.0,166.3,1,1
c-01801,control,0,0.0,160.5,6,0
c-01802,control,0,0.0,241.8,4,0
c-01803,control,0,0.0,235.4,3,0
c-01804,control,0,0.0,197.8,6,1
c-01805,control,0,0.0,175.7,3,1
c-01806,control,0,0.0,204.8,3,0
c-01807,control,0,0.0,183.0,4,1
c-01808,control,0,0.0,172.4,0,1
c-01809,control,0,0.0,193.5,3,0
c-01810,control,0,0.0,162.4,5,0
c-01811,control,0,0.0,190.1,5,1
c-01812,control,0,0.0,188.2,5,0
c-01813,control,0,0.0,204.1,4,0
c-01814,control,0,0.0,155.2,8,0
c-01815,control,0,0.0,208.4,4,0
c-01816,control,0,0.0,143.7,2,0
c-01817,control,0,0.0,157.1,3,1
c-01818,control,0,0.0,158.8,2,1
c-01819,control,0,0.0,137.1,1,1
c-01820,control,1,44.34,220.6,4,1
c-01821,control,0,0.0,141.2,7,0
c-01822,control,0,0.0,152.0,3,0
c-01823,control,0,0.0,230.2,1,0
c-01824,control,0,0.0,157.2,7,1
c-01825,control,0,0.0,172.5,5,0
c-01826,control,0,0.0,139.5,3,0
c-01827,control,0,0.0,213.3,2,1
c-01828,control,1,42.83,213.9,4,0
c-01829,control,0,0.0,209.6,4,1
c-01830,control,0,0.0,201.5,2,0
c-01831,control,1,57.46,182.9,4,0
c-01832,control,0,0.0,159.0,1,1
c-01833,control,0,0.0,147.4,1,0
c-01834,control,0,0.0,231.6,3,0
c-01835,control,0,0.0,210.6,4,1
c-01836,control,0,0.0,152.3,5,1
c-01837,control,0,0.0,181.6,4,0
c-01838,control,0,0.0,168.0,7,0
c-01839,control,0,0.0,134.9,3,0
c-01840,control,0,0.0,187.1,4,0
c-01841,control,0,0.0,163.4,1,0
c-01842,control,0,0.0,141.9,4,0
c-01843,control,1,18.85,120.8,2,1
c-01844,control,0,0.0,117.4,2,1
c-01845,control,0,0.0,165.1,6,0
c-01846,control,0,0.0,176.6,1,0
c-01847,control,0,0.0,145.0,2,0
c-01848,control,0,0.0,206.0,3,0
c-01849,control,0,0.0,177.4,3,1
c-01850,control,0,0.0,203.1,3,0
c-01851,control,1,73.03,172.7,3,1
c-01852,control,0,0.0,148.5,3,1
c-01853,control,0,0.0,184.6,3,1
c-01854,control,0,0.0,129.5,7,1
c-01855,control,1,36.07,201.6,1,1
c-01856,control,0,0.0,142.5,5,1
c-01857,control,0,0.0,216.7,5,0
c-01858,control,0,0.0,166.5,9,1
c-01859,control,0,0.0,222.5,0,0
c-01860,control,0,0.0,135.1,4,0
c-01861,control,1,84.69,152.9,3,1
c-01862,control,1,39.44,195.2,5,1
c-01863,control,0,0.0,226.8,2,0
c-01864,control,0,0.0,246.7,1,1
c-01865,control,0,0.0,181.7,2,0
c-01866,control,1,47.85,253.5,3,1
c-01867,control,0,0.0,168.4,0,1
c-01868,control,0,0.0,224.0,3,0
c-01869,control,0,0.0,142.3,0,0
c-01870,control,0,0.0,196.8,2,1
c-01871,control,0,0.0,86.3,4,0
c-01872,control,1,115.72,135.1,3,1
c-01873,control,1,43.17,198.7,3,0
c-01874,control,1,85.41,127.5,1,0
c-01875,control,0,0.0,197.1,0,1
c-01876,control,0,0.0,216.3,2,0
c-01877,control,0,0.0,159.9,6,0
c-01878,control,0,0.0,141.2,0,1
c-01879,control,0,0.0,161.0,1,0
c-01880,control,0,0.0,141.4,2,0
c-01881,control,0,0.0,176.0,5,1
c-01882,control,0,0.0,184.1,2,0
c-01883,control,0,0.0,167.8,4,1
c-01884,control,0,0.0,247.0,5,0
c-01885,control,0,0.0,151.2,3,1
c-01886,control,0,0.0,235.7,3,0
c-01887,control,0,0.0,138.4,2,1
c-01888,control,0,0.0,182.9,2,0
c-01889,control,0,0.0,227.3,1,1
c-01890,control,0,0.0,225.3,4,1
c-01891,control,0,0.0,163.2,2,1
c-01892,control,0,0.0,202.2,4,0
c-01893,control,0,0.0,196.8,5,0
c-01894,control,0,0.0,158.4,2,0
c-01895,control,0,0.0,204.6,4,1
c-01896,control,0,0.0,254.5,2,0
c-01897,control,0,0.0,198.9,2,0
c-01898,control,0,0.0,202.7,0,0
c-01899,control,0,0.0,206.9,1,0
c-01900,control,0,0.0,121.6,2,0
c-01901,control,0,0.0,198.4,5,0
c-01902,control,0,0.0,139.3,3,0
c-01903,control,0,0.0,156.4,2,0
c-01904,control,0,0.0,266.5,3,0
c-01905,control,0,0.0,169.9,5,1
c-01906,control,0,0.0,150.4,5,1
c-01907,control,0,0.0,226.1,4,0
c-01908,control,0,0.0,142.1,1,1
c-01909,control,0,0.0,162.1,0,0
c-01910,control,0,0.0,230.0,1,1
c-01911,control,0,0.0,181.7,2,0
c-01912,control,1,49.78,117.5,0,1
c-01913,control,0,0.0,201.8,2,1
c-01914,control,0,0.0,164.1,2,1
c-01915,control,0,0.0,241.6,4,0
c-01916,control,0,0.0,155.8,0,1
c-01917,control,0,0.0,222.0,5,0
c-01918,control,0,0.0,251.0,1,0
c-01919,control,1,58.96,146.0,4,1
c-01920,control,0,0.0,172.3,3,1
c-01921,control,0,0.0,195.5,4,1
c-01922,control,0,0.0,145.7,5,1
c-01923,control,0,0.0,190.8,1,1
c-01924,control,0,0.0,171.0,3,0
c-01925,control,0,0.0,170.2,4,0
c-01926,control,0,0.0,182.0,0,0
c-01927,control,0,0.0,182.9,4,1
c-01928,control,0,0.0,186.6,1,1
c-01929,control,0,0.0,156.0,3,0
c-01930,control,0,0.0,157.8,6,1
c-01931,control,0,0.0,175.3,5,0
c-01932,control,0,0.0,178.2,2,0
c-01933,control,0,0.0,162.4,2,1
c-01934,control,0,0.0,193.0,1,0
c-01935,control,0,0.0,107.4,1,0
c-01936,control,0,0.0,150.8,1,1
c-01937,control,0,0.0,168.8,8,0
c-01938,control,0,0.0,145.8,2,0
c-01939,control,0,0.0,245.2,3,1
c-01940,control,0,0.0,180.8,2,0
c-01941,control,0,0.0,187.1,5,1
c-01942,control,0,0.0,160.7,3,1
c-01943,control,0,0.0,179.4,5,0
c-01944,control,0,0.0,131.4,3,1
c-01945,control,1,50.48,173.2,2,0
c-01946,control,0,0.0,142.5,3,0
c-01947,control,1,71.63,168.9,6,1
c-01948,control,0,0.0,77.6,4,0
c-01949,control,1,35.93,134.9,5,0
c-01950,control,1,31.41,238.6,5,0
c-01951,control,0,0.0,213.2,2,0
c-01952,control,0,0.0,232.8,2,0
c-01953,control,1,36.7,235.5,2,0
c-01954,control,1,51.16,206.9,4,1
c-01955,control,1,44.28,161.9,1,1
c-01956,control,0,0.0,138.5,5,0
c-01957,control,0,0.0,225.9,3,0
c-01958,control,0,0.0,182.6,4,0
c-01959,control,0,0.0,279.8,5,0
c-01960,control,0,0.0,165.4,4,1
c-01961,control,0,0.0,258.9,0,1
c-01962,control,0,0.0,173.7,4,0
c-01963,control,0,0.0,233.4,5,1
c-01964,control,0,0.0,247.9,2,1
c-01965,control,0,0.0,139.1,4,0
c-01966,control,0,0.0,160.6,3,1
c-01967,control,0,0.0,138.7,0,0
c-01968,control,0,0.0,130.8,1,1
c-01969,control,0,0.0,206.7,2,1
c-01970,control,0,0.0,172.1,1,0
c-01971,control,1,67.33,182.1,1,0
c-01972,control,0,0.0,202.2,1,0
c-01973,control,0,0.0,105.7,3,1
c-01974,control,0,0.0,231.5,2,1
c-01975,control,0,0.0,166.0,8,0
c-01976,control,0,0.0,201.3,1,1
c-01977,control,1,87.98,204.8,3,0
c-01978,control,0,0.0,234.8,1,0
c-01979,control,0,0.0,175.8,3,0
c-01980,control,0,0.0,95.1,1,1
c-01981,control,0,0.0,182.3,4,1
c-01982,control,0,0.0,188.0,6,0
c-01983,control,0,0.0,138.6,2,1
c-01984,control,0,0.0,185.9,4,1
c-01985,control,1,31.53,165.6,4,0
c-01986,control,0,0.0,126.3,3,0
c-01987,control,0,0.0,206.9,3,0
c-01988,control,1,35.15,157.5,4,0
c-01989,control,0,0.0,163.7,6,0
c-01990,control,0,0.0,161.5,1,1
c-01991,control,0,0.0,229.4,4,0
c-01992,control,0,0.0,178.4,1,1
c-01993,control,0,0.0,183.2,3,1
c-01994,control,0,0.0,162.4,2,0
c-01995,control,0,0.0,198.5,3,0
c-01996,control,0,0.0,234.0,4,0
c-01997,control,0,0.0,205.9,4,1
c-01998,control,0,0.0,207.5,1,0
c-01999,control,0,0.0,204.2,4,1
c-02000,control,0,0.0,124.8,1,1
c-02001,control,0,0.0,145.0,4,1
c-02002,control,1,25.63,171.8,1,0
c-02003,control,0,0.0,151.0,4,1
c-02004,control,0,0.0,137.4,4,1
c-02005,control,0,0.0,105.1,5,1
c-02006,control,0,0.0,126.1,2,0
c-02007,control,0,0.0,169.7,1,1
c-02008,control,0,0.0,177.2,0,1
c-02009,control,0,0.0,148.3,5,0
c-02010,control,0,0.0,183.2,1,1
c-02011,control,0,0.0,162.6,3,0
c-02012,control,0,0.0,223.6,2,0
c-02013,control,0,0.0,173.5,2,1
c-02014,control,0,0.0,207.9,1,1
c-02015,control,0,0.0,188.1,4,0
c-02016,control,0,0.0,123.9,5,0
c-02017,control,0,0.0,176.4,3,0
c-02018,control,0,0.0,130.6,1,0
c-02019,control,0,0.0,175.7,3,1
c-02020,control,0,0.0,150.2,1,0
c-02021,control,0,0.0,195.3,2,1
c-02022,control,0,0.0,126.3,8,0
c-02023,control,0,0.0,180.6,3,1
c-02024,control,0,0.0,202.9,1,0
c-02025,control,0,0.0,216.3,4,1
c-02026,control,0,0.0,149.4,5,0
c-02027,control,0,0.0,180.7,3,0
c-02028,control,0,0.0,187.4,5,1
c-02029,control,0,0.0,241.9,3,0
c-02030,control,0,0.0,120.7,6,0
c-02031,control,0,0.0,143.6,2,1
c-02032,control,0,0.0,292.2,1,1
c-02033,control,0,0.0,169.1,3,0
c-02034,control,0,0.0,104.4,5,1
c-02035,control,0,0.0,156.7,4,0
c-02036,control,1,121.96,69.2,5,0
c-02037,control,0,0.0,189.6,4,0
c-02038,control,0,0.0,212.4,2,0
c-02039,control,0,0.0,143.5,1,0
c-02040,control,0,0.0,161.2,0,0
c-02041,control,0,0.0,216.9,2,0
c-02042,control,0,0.0,110.0,1,0
c-02043,control,1,56.1,127.1,1,0
c-02044,control,1,60.7,170.9,3,0
c-02045,control,0,0.0,149.9,4,1
c-02046,control,0,0.0,168.2,2,0
c-02047,control,0,0.0,129.4,4,0
c-02048,control,0,0.0,188.6,6,0
c-02049,control,0,0.0,174.0,3,0
c-02050,control,1,26.76,202.0,1,1
c-02051,control,0,0.0,188.0,1,1
c-02052,control,0,0.0,188.3,4,1
c-02053,control,0,0.0,122.1,2,0
c-02054,control,0,0.0,199.7,2,0
c-02055,control,0,0.0,166.8,2,1
c-02056,control,1,48.89,173.3,4,1
c-02057,control,0,0.0,221.9,6,0
c-02058,control,0,0.0,151.2,4,1
c-02059,control,0,0.0,234.0,4,0
c-02060,control,1,61.51,237.8,4,1
c-02061,control,0,0.0,210.1,1,0
c-02062,control,0,0.0,140.8,3,0
c-02063,control,0,0.0,92.5,2,0
c-02064,control,0,0.0,223.2,2,1
c-02065,control,1,43.65,184.5,5,1
c-02066,control,0,0.0,150.2,2,1
c-02067,control,1,79.37,226.9,2,1
c-02068,control,0,0.0,145.5,2,0
c-02069,control,0,0.0,163.0,3,0
c-02070,control,0,0.0,201.0,0,1
c-02071,control,0,0.0,135.5,2,0
c-02072,control,0,0.0,175.6,2,0
c-02073,control,0,0.0,223.6,6,0
c-02074,control,0,0.0,188.4,3,0
c-02075,control,0,0.0,229.9,7,0
c-02076,control,1,138.42,225.3,2,1
c-02077,control,0,0.0,180.3,3,1
c-02078,control,0,0.0,86.5,2,0
c-02079,control,0,0.0,135.8,4,0
c-02080,control,0,0.0,210.5,2,1
c-02081,control,0,0.0,118.0,1,1
c-02082,control,0,0.0,166.9,7,1
c-02083,control,0,0.0,193.5,2,0
c-02084,control,0,0.0,238.8,4,1
c-02085,control,0,0.0,157.0,3,1
c-02086,control,0,0.0,154.3,2,0
c-02087,control,0,0.0,177.9,2,1
c-02088,control,0,0.0,194.0,3,0
c-02089,control,0,0.0,173.8,5,1
c-02090,control,0,0.0,222.0,9,1
c-02091,control,0,0.0,148.0,0,0
c-02092,control,0,0.0,184.8,2,0
c-02093,control,0,0.0,197.8,2,0
c-02094,control,1,31.94,164.0,3,1
c-02095,control,0,0.0,213.6,3,1
c-02096,control,0,0.0,186.0,2,0
c-02097,control,0,0.0,211.6,3,1
c-02098,control,0,0.0,187.8,1,0
c-02099,control,0,0.0,195.1,1,0
c-02100,control,0,0.0,154.7,3,0
c-02101,control,0,0.0,154.8,2,1
c-02102,control,0,0.0,229.0,2,1
c-02103,control,1,30.88,205.4,3,1
c-02104,control,0,0.0,139.1,1,1
c-02105,control,0,0.0,187.2,3,0
c-02106,control,0,0.0,85.0,2,0
c-02107,control,1,32.95,157.0,2,1
c-02108,control,0,0.0,218.4,3,0
c-02109,control,0,0.0,175.0,6,0
c-02110,control,0,0.0,184.7,1,0
c-02111,control,0,0.0,59.3,7,0
c-02112,control,0,0.0,164.3,2,0
c-02113,control,0,0.0,193.5,5,0
c-02114,control,0,0.0,198.6,2,1
c-02115,control,1,100.76,218.5,3,0
c-02116,control,0,0.0,171.6,6,1
c-02117,control,0,0.0,173.4,4,0
c-02118,control,0,0.0,126.7,3,1
c-02119,control,0,0.0,171.8,3,0
c-02120,control,0,0.0,129.5,8,0
c-02121,control,0,0.0,106.1,4,0
c-02122,control,0,0.0,136.6,4,0
c-02123,control,0,0.0,240.3,3,1
c-02124,control,0,0.0,169.2,4,0
c-02125,control,0,0.0,188.8,7,0
c-02126,control,0,0.0,159.5,1,1
c-02127,control,0,0.0,108.4,3,1
c-02128,control,0,0.0,217.4,0,0
c-02129,control,0,0.0,93.1,2,0
c-02130,control,0,0.0,157.8,5,0
c-02131,control,0,0.0,177.8,3,0
c-02132,control,1,78.18,189.2,5,1
c-02133,control,1,46.02,150.9,0,0
c-02134,control,0,0.0,106.5,2,1
c-02135,control,0,0.0,148.0,3,1
c-02136,control,0,0.0,150.0,1,0
c-02137,control,0,0.0,149.1,3,1
c-02138,control,0,0.0,218.8,4,1
c-02139,control,0,0.0,131.5,4,1
c-02140,control,0,0.0,192.0,0,1
c-02141,control,0,0.0,186.3,2,1
c-02142,control,0,0.0,218.4,1,0
c-02143,control,0,0.0,174.7,0,1
c-02144,control,0,0.0,211.6,4,1
c-02145,control,1,49.72,173.1,3,0
c-02146,control,0,0.0,197.4,3,1
c-02147,control,1,33.87,119.9,0,1
c-02148,control,0,0.0,74.5,2,1
c-02149,control,0,0.0,195.1,1,1
c-02150,control,0,0.0,197.2,4,1
c-02151,control,0,0.0,199.0,5,0
c-02152,control,0,0.0,159.0,3,0
c-02153,control,0,0.0,239.6,4,0
c-02154,control,0,0.0,161.6,2,0
c-02155,control,0,0.0,196.8,2,1
c-02156,control,0,0.0,203.8,3,1
c-02157,control,0,0.0,248.7,1,0
c-02158,control,0,0.0,167.3,5,1
c-02159,control,0,0.0,153.9,6,1
c-02160,control,0,0.0,120.1,5,1
c-02161,control,0,0.0,242.1,1,0
c-02162,control,0,0.0,196.9,2,0
c-02163,control,0,0.0,198.1,3,1
c-02164,control,0,0.0,304.7,1,1
c-02165,control,0,0.0,193.0,6,1
c-02166,control,0,0.0,127.9,7,1
c-02167,control,0,0.0,172.2,5,0
c-02168,control,0,0.0,141.0,1,0
c-02169,control,0,0.0,164.2,3,1
c-02170,control,0,0.0,163.9,4,0
c-02171,control,0,0.0,156.5,1,1
c-02172,control,0,0.0,124.3,4,1
c-02173,control,0,0.0,243.7,2,1
c-02174,control,0,0.0,192.0,7,1
c-02175,control,0,0.0,171.0,4,0
c-02176,control,0,0.0,210.3,3,0
c-02177,control,0,0.0,198.8,7,1
c-02178,control,0,0.0,191.0,2,1
c-02179,control,1,73.0,207.4,5,1
c-02180,control,0,0.0,185.4,5,0
c-02181,control,1,41.22,206.8,0,1
c-02182,control,0,0.0,210.1,2,0
c-02183,control,0,0.0,186.5,2,0
c-02184,control,0,0.0,171.2,4,1
c-02185,control,0,0.0,241.2,4,0
c-02186,control,0,0.0,160.9,3,0
c-02187,control,0,0.0,195.7,2,0
c-02188,control,0,0.0,196.6,2,1
c-02189,control,1,43.51,155.6,5,0
c-02190,control,0,0.0,147.7,1,0
c-02191,control,0,0.0,165.8,4,0
c-02192,control,0,0.0,160.3,4,1
c-02193,control,0,0.0,121.7,5,0
c-02194,control,0,0.0,153.9,4,1
c-02195,control,0,0.0,190.6,2,1
c-02196,control,0,0.0,230.6,3,0
c-02197,control,0,0.0,202.2,5,0
c-02198,control,0,0.0,76.0,3,0
c-02199,control,0,0.0,205.7,3,0
c-02200,control,0,0.0,157.7,3,0
c-02201,control,1,64.33,198.1,1,1
c-02202,control,0,0.0,179.4,4,0
c-02203,control,0,0.0,172.3,5,0
c-02204,control,0,0.0,175.9,4,0
c-02205,control,0,0.0,179.1,1,0
c-02206,control,0,0.0,233.8,4,0
c-02207,control,0,0.0,179.2,3,0
c-02208,control,0,0.0,223.4,1,1
c-02209,control,0,0.0,217.6,2,0
c-02210,control,1,44.94,206.7,1,0
c-02211,control,0,0.0,108.5,2,1
c-02212,control,0,0.0,224.7,1,0
c-02213,control,0,0.0,161.7,0,1
c-02214,control,1,44.0,208.6,2,0
c-02215,control,0,0.0,141.1,8,0
c-02216,control,0,0.0,132.6,3,0
c-02217,control,1,49.14,259.1,2,1
c-02218,control,1,69.96,141.7,2,1
c-02219,control,0,0.0,225.8,2,0
c-02220,control,0,0.0,184.7,2,0
c-02221,control,0,0.0,163.2,3,0
c-02222,control,0,0.0,178.2,4,0
c-02223,control,0,0.0,128.0,4,0
c-02224,control,0,0.0,179.4,4,1
c-02225,control,0,0.0,136.7,3,0
c-02226,control,0,0.0,164.2,3,0
c-02227,control,0,0.0,217.0,5,1
c-02228,control,0,0.0,190.2,0,0
c-02229,control,0,0.0,120.7,1,1
c-02230,control,0,0.0,214.1,6,0
c-02231,control,0,0.0,179.7,6,1
c-02232,control,0,0.0,158.3,2,0
c-02233,control,1,102.61,209.9,0,0
c-02234,control,0,0.0,173.3,4,0
c-02235,control,0,0.0,133.4,4,1
c-02236,control,0,0.0,253.9,3,0
c-02237,control,0,0.0,179.3,2,0
c-02238,control,0,0.0,176.7,2,0
c-02239,control,0,0.0,163.8,4,0
c-02240,control,0,0.0,227.2,1,1
c-02241,control,0,0.0,159.0,3,1
c-02242,control,0,0.0,118.2,4,1
c-02243,control,0,0.0,152.9,3,0
c-02244,control,0,0.0,233.1,1,1
c-02245,control,0,0.0,213.3,2,0
c-02246,control,0,0.0,169.8,5,0
c-02247,control,0,0.0,234.9,1,0
c-02248,control,0,0.0,209.9,1,1
c-02249,control,0,0.0,169.3,3,1
c-02250,control,0,0.0,173.4,4,0
c-02251,control,0,0.0,193.2,2,1
c-02252,control,0,0.0,146.7,2,1
c-02253,control,0,0.0,180.2,5,1
c-02254,control,1,63.65,192.3,3,1
c-02255,control,0,0.0,112.5,3,0
c-02256,control,1,70.21,172.4,3,0
c-02257,control,0,0.0,167.9,6,1
c-02258,control,0,0.0,221.1,2,1
c-02259,control,0,0.0,106.2,1,0
c-02260,control,0,0.0,164.7,3,1
c-02261,control,1,44.7,160.7,1,1
c-02262,control,0,0.0,218.4,4,0
c-02263,control,0,0.0,178.3,1,0
c-02264,control,0,0.0,251.8,6,0
c-02265,control,0,0.0,206.5,4,0
c-02266,control,0,0.0,163.6,1,0
c-02267,control,0,0.0,189.6,2,0
c-02268,control,0,0.0,165.8,1,1
c-02269,control,0,0.0,214.4,1,0
c-02270,control,0,0.0,126.7,3,1
c-02271,control,0,0.0,147.1,1,0
c-02272,control,0,0.0,198.2,4,1
c-02273,control,0,0.0,229.0,3,0
c-02274,control,0,0.0,91.9,3,1
c-02275,control,0,0.0,235.0,3,0
c-02276,control,0,0.0,174.4,2,0
c-02277,control,0,0.0,104.6,3,0
c-02278,control,0,0.0,59.9,4,0
c-02279,control,0,0.0,118.8,2,1
c-02280,control,0,0.0,179.2,4,0
c-02281,control,0,0.0,177.4,2,1
c-02282,control,0,0.0,205.3,3,0
c-02283,control,0,0.0,158.0,8,0
c-02284,control,0,0.0,135.7,2,1
c-02285,control,0,0.0,163.5,8,0
c-02286,control,0,0.0,181.3,4,1
c-02287,control,0,0.0,189.2,4,0
c-02288,control,0,0.0,148.4,1,0
c-02289,control,0,0.0,216.1,7,1
c-02290,control,1,35.57,155.1,3,0
c-02291,control,0,0.0,145.2,3,1
c-02292,control,0,0.0,158.3,2,0
c-02293,control,0,0.0,223.0,1,1
c-02294,control,0,0.0,174.7,2,0
c-02295,control,0,0.0,152.2,3,0
c-02296,control,0,0.0,217.0,7,0
c-02297,control,0,0.0,265.7,1,1
c-02298,control,0,0.0,188.4,3,1
c-02299,control,0,0.0,229.4,5,1
c-02300,control,1,65.65,221.4,0,1
c-02301,control,0,0.0,155.8,3,1
c-02302,control,0,0.0,181.1,1,1
c-02303,control,0,0.0,128.7,1,0
c-02304,control,0,0.0,171.8,4,0
c-02305,control,0,0.0,155.0,0,1
c-02306,control,0,0.0,163.9,7,0
c-02307,control,0,0.0,150.0,3,1
c-02308,control,0,0.0,168.5,1,0
c-02309,control,0,0.0,201.3,3,0
c-02310,control,1,52.83,175.2,1,1
c-02311,control,0,0.0,105.4,2,0
c-02312,control,0,0.0,150.2,7,1
c-02313,control,0,0.0,119.2,1,1
c-02314,control,0,0.0,189.8,0,1
c-02315,control,0,0.0,200.1,5,1
c-02316,control,0,0.0,190.3,2,0
c-02317,control,0,0.0,148.5,6,0
c-02318,control,0,0.0,189.9,4,1
c-02319,control,1,25.79,161.2,3,0
c-02320,control,0,0.0,134.5,5,0
c-02321,control,0,0.0,209.7,1,0
c-02322,control,0,0.0,212.7,5,1
c-02323,control,0,0.0,218.0,4,1
c-02324,control,0,0.0,155.7,3,0
c-02325,control,1,42.2,227.2,2,0
c-02326,control,0,0.0,160.3,4,1
c-02327,control,0,0.0,206.1,2,0
c-02328,control,0,0.0,159.6,5,0
c-02329,control,0,0.0,171.0,3,0
c-02330,control,0,0.0,83.2,2,1
c-02331,control,0,0.0,167.9,4,0
c-02332,control,0,0.0,183.6,2,0
c-02333,control,0,0.0,163.6,2,0
c-02334,control,0,0.0,250.2,2,0
c-02335,control,0,0.0,133.5,3,1
c-02336,control,0,0.0,157.5,4,1
c-02337,control,0,0.0,143.8,1,1
c-02338,control,0,0.0,157.4,5,0
c-02339,control,0,0.0,221.3,0,0
c-02340,control,0,0.0,239.1,0,0
c-02341,control,0,0.0,152.0,4,0
c-02342,control,0,0.0,151.1,0,1
c-02343,control,0,0.0,133.7,3,0
c-02344,control,0,0.0,232.3,2,1
c-02345,control,0,0.0,224.8,1,0
c-02346,control,0,0.0,175.8,1,0
c-02347,control,0,0.0,124.2,6,0
c-02348,control,0,0.0,127.7,4,0
c-02349,control,0,0.0,186.8,0,0
c-02350,control,0,0.0,202.0,1,0
c-02351,control,0,0.0,97.4,2,1
c-02352,control,0,0.0,167.1,1,0
c-02353,control,0,0.0,244.7,6,0
c-02354,control,0,0.0,171.3,1,0
c-02355,control,0,0.0,239.6,3,0
c-02356,control,0,0.0,206.0,3,1
c-02357,control,0,0.0,136.6,3,0
c-02358,control,1,47.12,168.3,6,1
c-02359,control,0,0.0,174.9,1,1
c-02360,control,0,0.0,141.9,4,0
c-02361,control,0,0.0,141.2,0,0
c-02362,control,0,0.0,240.3,1,0
c-02363,control,0,0.0,140.9,2,0
c-02364,control,0,0.0,223.1,2,0
c-02365,control,0,0.0,162.5,3,1
c-02366,control,0,0.0,179.0,7,1
c-02367,control,0,0.0,202.5,4,0
c-02368,control,0,0.0,156.1,4,1
c-02369,control,0,0.0,202.7,2,1
c-02370,control,0,0.0,98.1,7,0
c-02371,control,0,0.0,197.6,2,0
c-02372,control,0,0.0,81.3,5,0
c-02373,control,0,0.0,170.9,4,0
c-02374,control,0,0.0,214.2,5,0
c-02375,control,0,0.0,204.9,3,0
c-02376,control,0,0.0,128.1,7,1
c-02377,control,0,0.0,133.2,2,0
c-02378,control,0,0.0,152.5,7,1
c-02379,control,0,0.0,187.4,7,0
c-02380,control,0,0.0,98.7,1,0
c-02381,control,0,0.0,179.5,4,0
c-02382,control,0,0.0,192.5,5,0
c-02383,control,0,0.0,168.7,2,0
c-02384,control,0,0.0,201.0,1,0
c-02385,control,0,0.0,188.9,1,0
c-02386,control,1,38.87,158.3,4,0
c-02387,control,0,0.0,102.6,0,0
c-02388,control,0,0.0,185.3,2,0
c-02389,control,0,0.0,141.9,3,0
c-02390,control,0,0.0,156.9,4,0
c-02391,control,0,0.0,199.2,2,0
c-02392,control,0,0.0,236.7,2,0
c-02393,control,0,0.0,178.5,2,0
c-02394,control,0,0.0,202.2,2,1
c-02395,control,1,95.28,122.2,2,1
c-02396,control,0,0.0,189.8,1,0
c-02397,control,0,0.0,177.6,5,0
c-02398,control,0,0.0,229.2,3,1
c-02399,control,0,0.0,158.4,1,0
c-02400,control,0,0.0,170.3,3,0
c-02401,control,0,0.0,222.4,6,1
c-02402,control,0,0.0,176.3,2,0
c-02403,control,0,0.0,135.6,0,0
c-02404,control,0,0.0,282.1,2,0
c-02405,control,0,0.0,136.9,5,0
c-02406,control,0,0.0,177.4,6,0
c-02407,control,0,0.0,193.9,3,0
c-02408,control,0,0.0,190.7,2,1
c-02409,control,1,60.7,172.4,2,0
c-02410,control,0,0.0,172.6,2,0
c-02411,control,1,90.73,170.6,6,0
c-02412,control,0,0.0,135.4,2,1
c-02413,control,0,0.0,266.0,3,0
c-02414,control,0,0.0,171.2,1,0
c-02415,control,0,0.0,203.9,3,0
c-02416,control,0,0.0,166.6,0,0
c-02417,control,0,0.0,165.8,3,0
c-02418,control,0,0.0,161.8,2,0
c-02419,control,1,55.07,118.0,3,1
c-02420,control,0,0.0,173.6,3,1
c-02421,control,0,0.0,163.7,6,0
c-02422,control,0,0.0,226.9,4,1
c-02423,control,0,0.0,132.1,4,1
c-02424,control,1,50.74,156.9,3,0
c-02425,control,0,0.0,144.1,3,0
c-02426,control,0,0.0,237.7,1,0
c-02427,control,0,0.0,145.2,3,0
c-02428,control,0,0.0,202.5,3,1
c-02429,control,0,0.0,218.8,1,0
c-02430,control,0,0.0,174.2,5,0
c-02431,control,0,0.0,124.9,5,0
c-02432,control,0,0.0,125.4,4,0
c-02433,control,0,0.0,214.4,5,1
c-02434,control,0,0.0,129.6,3,0
c-02435,control,1,32.09,195.7,4,0
c-02436,control,0,0.0,184.6,2,1
c-02437,control,0,0.0,195.1,4,1
c-02438,control,0,0.0,198.9,2,0
c-02439,control,0,0.0,142.7,8,0
c-02440,control,1,49.17,141.0,4,1
c-02441,control,0,0.0,208.6,8,0
c-02442,control,0,0.0,154.8,3,1
c-02443,control,0,0.0,70.0,5,1
c-02444,control,0,0.0,206.0,3,1
c-02445,control,0,0.0,138.5,5,1
c-02446,control,0,0.0,198.7,2,1
c-02447,control,0,0.0,235.7,4,0
c-02448,control,0,0.0,180.7,3,1
c-02449,control,0,0.0,219.8,0,1
c-02450,control,0,0.0,186.2,3,0
c-02451,control,0,0.0,243.5,5,1
c-02452,control,0,0.0,137.5,2,1
c-02453,control,0,0.0,179.7,2,1
c-02454,control,0,0.0,206.9,4,0
c-02455,control,0,0.0,172.4,3,0
c-02456,control,0,0.0,226.1,2,1
c-02457,control,0,0.0,162.7,1,1
c-02458,control,0,0.0,262.8,3,0
c-02459,control,0,0.0,264.9,4,0
c-02460,control,0,0.0,191.3,3,1
c-02461,control,0,0.0,202.1,1,0
c-02462,control,0,0.0,227.7,8,1
c-02463,control,0,0.0,132.5,5,1
c-02464,control,0,0.0,127.5,3,0
c-02465,control,0,0.0,230.3,2,1
c-02466,control,0,0.0,191.0,2,0
c-02467,control,0,0.0,170.9,1,0
c-02468,control,0,0.0,180.4,2,0
c-02469,control,0,0.0,84.6,1,0
c-02470,control,0,0.0,172.4,0,1
c-02471,control,0,0.0,149.9,4,0
c-02472,control,0,0.0,216.7,7,1
c-02473,control,0,0.0,219.8,4,0
c-02474,control,0,0.0,203.1,2,1
c-02475,control,0,0.0,195.8,3,0
c-02476,control,0,0.0,120.1,4,0
c-02477,control,0,0.0,203.6,4,0
c-02478,control,0,0.0,205.2,0,0
c-02479,control,1,49.2,229.8,4,0
c-02480,control,0,0.0,264.7,3,1
c-02481,control,0,0.0,112.3,2,1
c-02482,control,0,0.0,164.5,4,0
c-02483,control,0,0.0,150.3,2,0
c-02484,control,0,0.0,186.9,3,0
c-02485,control,0,0.0,180.5,3,1
c-02486,control,0,0.0,170.6,4,1
c-02487,control,0,0.0,221.1,3,0
c-02488,control,0,0.0,135.9,6,0
c-02489,control,0,0.0,138.4,1,0
c-02490,control,1,26.44,139.0,1,0
c-02491,control,0,0.0,165.6,5,0
c-02492,control,0,0.0,130.9,4,0
c-02493,control,1,38.37,178.1,4,1
c-02494,control,0,0.0,173.4,2,0
c-02495,control,0,0.0,148.5,5,1
c-02496,control,0,0.0,215.0,8,1
c-02497,control,0,0.0,177.6,7,0
c-02498,control,0,0.0,222.5,3,0
c-02499,control,0,0.0,172.2,2,0
c-02500,control,0,0.0,179.0,0,1
c-02501,control,0,0.0,157.5,5,0
c-02502,control,1,42.29,179.7,4,1
c-02503,control,0,0.0,208.5,4,1
c-02504,control,0,0.0,163.5,3,0
c-02505,control,0,0.0,200.7,2,0
c-02506,control,1,58.91,147.5,5,0
c-02507,control,1,60.2,210.4,5,0
c-02508,control,0,0.0,156.8,1,0
c-02509,control,0,0.0,214.1,3,1
c-02510,control,0,0.0,182.4,3,0
c-02511,control,0,0.0,240.8,2,0
c-02512,control,0,0.0,133.8,8,1
c-02513,control,0,0.0,121.0,5,1
c-02514,control,0,0.0,155.4,4,0
c-02515,control,0,0.0,124.6,3,0
c-02516,control,0,0.0,124.7,3,1
c-02517,control,0,0.0,204.9,3,0
c-02518,control,0,0.0,179.8,4,0
c-02519,control,0,0.0,160.8,3,1
c-02520,control,0,0.0,164.5,7,1
c-02521,control,0,0.0,156.1,3,0
c-02522,control,0,0.0,246.0,5,0
c-02523,control,0,0.0,150.6,1,1
c-02524,control,1,37.65,127.1,1,0
c-02525,control,0,0.0,211.8,6,1
c-02526,control,1,60.4,171.4,3,0
c-02527,control,1,45.06,261.6,3,1
c-02528,control,0,0.0,159.0,5,1
c-02529,control,0,0.0,213.8,0,0
c-02530,control,0,0.0,223.3,1,1
c-02531,control,0,0.0,159.1,1,0
c-02532,control,0,0.0,150.3,2,1
c-02533,control,0,0.0,209.7,1,1
c-02534,control,1,13.45,203.0,1,1
c-02535,control,0,0.0,123.6,3,0
c-02536,control,0,0.0,134.9,3,1
c-02537,control,0,0.0,78.5,5,1
c-02538,control,0,0.0,203.8,1,0
c-02539,control,0,0.0,169.5,3,1
c-02540,control,0,0.0,173.5,3,0
c-02541,control,0,0.0,112.3,0,1
c-02542,control,0,0.0,136.1,5,1
c-02543,control,0,0.0,160.9,0,0
c-02544,control,0,0.0,153.1,2,0
c-02545,control,0,0.0,184.7,2,1
c-02546,control,1,39.33,203.3,4,0
c-02547,control,0,0.0,270.8,4,0
c-02548,control,0,0.0,179.2,1,0
c-02549,control,0,0.0,224.6,2,0
c-02550,control,0,0.0,146.8,0,0
c-02551,control,0,0.0,113.0,5,0
c-02552,control,0,0.0,165.9,2,1
c-02553,control,1,79.48,116.1,5,1
c-02554,control,0,0.0,180.6,7,1
c-02555,control,0,0.0,148.8,3,0
c-02556,control,0,0.0,101.8,2,1
c-02557,control,0,0.0,249.4,2,0
c-02558,control,0,0.0,158.5,2,1
c-02559,control,0,0.0,114.5,3,1
c-02560,control,0,0.0,215.9,2,0
c-02561,control,0,0.0,150.9,3,1
c-02562,control,0,0.0,223.6,2,1
c-02563,control,0,0.0,150.7,4,0
c-02564,control,0,0.0,158.4,7,1
c-02565,control,0,0.0,193.8,4,1
c-02566,control,0,0.0,203.7,2,0
c-02567,control,0,0.0,210.7,6,0
c-02568,control,0,0.0,176.4,5,1
c-02569,control,1,22.95,201.1,7,1
c-02570,control,0,0.0,209.8,4,0
c-02571,control,0,0.0,188.0,3,0
c-02572,control,0,0.0,174.3,6,0
c-02573,control,0,0.0,122.2,3,0
c-02574,control,0,0.0,204.0,2,0
c-02575,control,0,0.0,181.7,3,0
c-02576,control,0,0.0,163.5,3,1
c-02577,control,0,0.0,231.1,3,0
c-02578,control,0,0.0,122.9,2,1
c-02579,control,1,51.46,245.8,2,1
c-02580,control,0,0.0,179.1,4,1
c-02581,control,0,0.0,192.7,4,1
c-02582,control,0,0.0,164.2,1,1
c-02583,control,0,0.0,113.3,1,0
c-02584,control,0,0.0,174.4,2,0
c-02585,control,0,0.0,193.4,3,0
c-02586,control,0,0.0,207.0,1,0
c-02587,control,0,0.0,172.1,4,0
c-02588,control,0,0.0,92.3,4,0
c-02589,control,0,0.0,118.3,7,0
c-02590,control,0,0.0,262.1,4,0
c-02591,control,0,0.0,136.3,2,1
c-02592,control,0,0.0,237.1,1,1
c-02593,control,0,0.0,142.6,4,0
c-02594,control,0,0.0,172.7,4,0
c-02595,control,1,99.82,205.0,2,0
c-02596,control,0,0.0,147.2,1,0
c-02597,control,0,0.0,243.7,5,1
c-02598,control,1,34.73,183.0,2,0
c-02599,control,1,48.96,198.4,5,0
c-02600,control,0,0.0,169.3,2,1
c-02601,control,0,0.0,206.3,6,0
c-02602,control,0,0.0,243.2,1,0
c-02603,control,0,0.0,174.7,1,0
c-02604,control,0,0.0,249.2,5,0
c-02605,control,0,0.0,155.5,4,0
c-02606,control,0,0.0,210.6,2,1
c-02607,control,0,0.0,199.6,2,0
c-02608,control,0,0.0,137.3,5,0
c-02609,control,0,0.0,188.6,1,1
c-02610,control,0,0.0,180.3,3,0
c-02611,control,0,0.0,145.9,2,0
c-02612,control,0,0.0,194.3,2,1
c-02613,control,0,0.0,185.9,6,1
c-02614,control,0,0.0,177.1,2,1
c-02615,control,0,0.0,177.3,4,0
c-02616,control,0,0.0,176.4,1,0
c-02617,control,0,0.0,165.3,4,0
c-02618,control,0,0.0,185.6,2,0
c-02619,control,1,27.2,154.2,2,0
c-02620,control,0,0.0,286.3,0,0
c-02621,control,1,101.72,123.6,5,1
c-02622,control,0,0.0,156.6,1,1
c-02623,control,1,47.11,159.8,3,0
c-02624,control,0,0.0,261.6,2,0
c-02625,control,0,0.0,127.2,1,0
c-02626,control,0,0.0,197.0,2,1
c-02627,control,0,0.0,189.9,3,0
c-02628,control,0,0.0,193.3,2,1
c-02629,control,0,0.0,229.5,2,0
c-02630,control,0,0.0,228.6,5,1
c-02631,control,0,0.0,162.0,3,1
c-02632,control,0,0.0,187.8,2,0
c-02633,control,0,0.0,105.4,3,1
c-02634,control,0,0.0,184.0,1,1
c-02635,control,0,0.0,148.2,2,0
c-02636,control,0,0.0,172.5,4,0
c-02637,control,0,0.0,112.6,5,0
c-02638,control,0,0.0,196.2,4,0
c-02639,control,0,0.0,112.1,3,1
c-02640,control,0,0.0,185.9,5,0
c-02641,control,0,0.0,130.9,0,1
c-02642,control,0,0.0,146.0,1,1
c-02643,control,0,0.0,226.2,3,0
c-02644,control,0,0.0,203.5,1,0
c-02645,control,0,0.0,226.0,4,1
c-02646,control,0,0.0,242.4,7,0
c-02647,control,0,0.0,149.1,6,0
c-02648,control,0,0.0,240.0,3,1
c-02649,control,0,0.0,121.4,6,0
c-02650,control,1,49.95,209.8,7,1
c-02651,control,0,0.0,160.3,5,0
c-02652,control,0,0.0,142.8,4,1
c-02653,control,0,0.0,204.6,3,1
c-02654,control,0,0.0,217.8,0,0
c-02655,control,1,89.97,216.6,3,0
c-02656,control,0,0.0,188.6,4,0
c-02657,control,0,0.0,185.3,3,1
c-02658,control,0,0.0,201.1,4,0
c-02659,control,0,0.0,192.2,3,0
c-02660,control,0,0.0,201.7,4,1
c-02661,control,0,0.0,188.2,2,1
c-02662,control,0,0.0,213.7,4,0
c-02663,control,0,0.0,114.9,2,1
c-02664,control,0,0.0,174.7,2,1
c-02665,control,0,0.0,124.6,2,0
c-02666,control,0,0.0,191.1,4,1
c-02667,control,0,0.0,245.7,0,1
c-02668,control,0,0.0,161.0,7,1
c-02669,control,0,0.0,185.1,8,1
c-02670,control,0,0.0,210.3,3,0
c-02671,control,0,0.0,97.3,4,0
c-02672,control,0,0.0,159.1,1,1
c-02673,control,0,0.0,194.6,3,0
c-02674,control,0,0.0,64.1,2,0
c-02675,control,0,0.0,140.9,1,1
c-02676,control,0,0.0,224.0,4,0
c-02677,control,0,0.0,220.1,3,0
c-02678,control,0,0.0,195.0,7,0
c-02679,control,0,0.0,215.3,2,0
c-02680,control,0,0.0,188.6,2,0
c-02681,control,0,0.0,202.2,4,0
c-02682,control,0,0.0,167.4,4,0
c-02683,control,0,0.0,184.6,3,0
c-02684,control,0,0.0,154.7,3,1
c-02685,control,0,0.0,230.5,4,1
c-02686,control,0,0.0,240.9,5,0
c-02687,control,0,0.0,235.2,2,0
c-02688,control,0,0.0,163.7,3,0
c-02689,control,0,0.0,141.8,3,0
c-02690,control,1,65.87,231.1,7,1
c-02691,control,0,0.0,201.8,5,0
c-02692,control,0,0.0,193.1,9,0
c-02693,control,1,32.98,154.7,4,1
c-02694,control,0,0.0,197.0,2,1
c-02695,control,0,0.0,136.6,1,0
c-02696,control,0,0.0,205.4,2,1
c-02697,control,0,0.0,235.2,1,0
c-02698,control,0,0.0,245.2,0,1
c-02699,control,0,0.0,208.3,4,0
c-02700,control,0,0.0,124.7,3,0
c-02701,control,0,0.0,187.9,2,0
c-02702,control,0,0.0,265.6,4,0
c-02703,control,0,0.0,145.3,5,0
c-02704,control,0,0.0,177.6,4,1
c-02705,control,0,0.0,236.5,4,0
c-02706,control,0,0.0,204.7,1,1
c-02707,control,0,0.0,279.2,3,0
c-02708,control,0,0.0,150.7,2,1
c-02709,control,0,0.0,140.4,4,0
c-02710,control,1,36.55,229.0,4,0
c-02711,control,0,0.0,132.2,5,0
c-02712,control,0,0.0,172.1,5,0
c-02713,control,0,0.0,177.4,0,0
c-02714,control,0,0.0,221.4,2,1
c-02715,control,0,0.0,204.6,2,0
c-02716,control,0,0.0,198.3,4,0
c-02717,control,1,61.11,163.9,3,0
c-02718,control,0,0.0,228.6,3,1
c-02719,control,0,0.0,341.0,1,0
c-02720,control,0,0.0,207.7,3,0
c-02721,control,0,0.0,184.0,3,0
c-02722,control,0,0.0,128.1,4,1
c-02723,control,0,0.0,154.5,2,1
c-02724,control,0,0.0,171.5,4,0
c-02725,control,0,0.0,158.6,2,0
c-02726,control,0,0.0,179.4,2,0
c-02727,control,0,0.0,251.1,5,0
c-02728,control,0,0.0,229.9,3,1
c-02729,control,0,0.0,173.6,3,1
c-02730,control,0,0.0,131.7,1,0
c-02731,control,0,0.0,233.5,3,1
c-02732,control,0,0.0,178.0,4,0
c-02733,control,0,0.0,110.9,5,1
c-02734,control,0,0.0,208.5,4,1
c-02735,control,0,0.0,221.0,2,1
c-02736,control,0,0.0,83.0,2,0
c-02737,control,0,0.0,147.0,3,0
c-02738,control,0,0.0,175.6,3,0
c-02739,control,0,0.0,209.4,6,0
c-02740,control,0,0.0,159.4,2,0
c-02741,control,0,0.0,146.7,5,1
c-02742,control,0,0.0,209.1,0,0
c-02743,control,0,0.0,161.3,7,0
c-02744,control,0,0.0,201.7,2,1
c-02745,control,0,0.0,135.5,1,0
c-02746,control,0,0.0,125.9,3,0
c-02747,control,0,0.0,210.2,6,0
c-02748,control,0,0.0,190.1,3,1
c-02749,control,0,0.0,216.9,6,0
c-02750,control,0,0.0,158.7,2,0
c-02751,control,0,0.0,148.2,3,0
c-02752,control,0,0.0,234.4,5,1
c-02753,control,0,0.0,119.1,1,1
c-02754,control,0,0.0,230.1,0,1
c-02755,control,0,0.0,232.8,4,0
c-02756,control,0,0.0,214.4,5,0
c-02757,control,0,0.0,152.5,7,0
c-02758,control,0,0.0,147.3,3,1
c-02759,control,0,0.0,171.6,3,0
c-02760,control,0,0.0,128.2,2,0
c-02761,control,1,36.93,141.5,4,0
c-02762,control,0,0.0,205.8,4,0
c-02763,control,0,0.0,206.0,3,1
c-02764,control,0,0.0,138.0,2,0
c-02765,control,1,18.86,207.0,1,1
c-02766,control,0,0.0,198.2,1,0
c-02767,control,0,0.0,240.4,2,0
c-02768,control,0,0.0,202.8,4,1
c-02769,control,1,47.75,222.3,9,0
c-02770,control,0,0.0,199.1,0,1
c-02771,control,0,0.0,219.2,1,0
c-02772,control,0,0.0,128.5,3,0
c-02773,control,0,0.0,175.1,4,0
c-02774,control,0,0.0,178.4,5,1
c-02775,control,0,0.0,170.3,4,1
c-02776,control,0,0.0,197.8,5,1
c-02777,control,0,0.0,205.4,5,1
c-02778,control,0,0.0,195.7,4,0
c-02779,control,0,0.0,172.9,4,1
c-02780,control,0,0.0,150.6,2,0
c-02781,control,0,0.0,223.9,6,1
c-02782,control,0,0.0,194.0,3,1
c-02783,control,0,0.0,139.3,2,0
c-02784,control,0,0.0,172.3,1,1
c-02785,control,0,0.0,110.3,4,1
c-02786,control,0,0.0,181.4,1,0
c-02787,control,0,0.0,172.1,3,1
c-02788,control,1,25.13,157.0,4,0
c-02789,control,0,0.0,243.4,2,1
c-02790,control,0,0.0,133.8,4,1
c-02791,control,0,0.0,208.3,2,0
c-02792,control,0,0.0,267.5,1,0
c-02793,control,1,101.22,223.1,4,0
c-02794,control,0,0.0,178.7,4,1
c-02795,control,0,0.0,134.6,2,1
c-02796,control,0,0.0,125.5,2,1
c-02797,control,0,0.0,163.5,3,1
c-02798,control,0,0.0,152.5,3,1
c-02799,control,0,0.0,151.2,0,0
c-02800,control,1,52.96,166.9,3,1
c-02801,control,0,0.0,175.9,2,0
c-02802,control,0,0.0,199.4,1,0
c-02803,control,0,0.0,130.5,3,0
c-02804,control,0,0.0,152.7,1,0
c-02805,control,0,0.0,173.6,2,1
c-02806,control,0,0.0,172.2,3,0
c-02807,control,0,0.0,253.5,0,0
c-02808,control,0,0.0,189.3,2,0
c-02809,control,0,0.0,115.5,1,0
c-02810,control,0,0.0,196.7,1,0
c-02811,control,0,0.0,201.8,4,1
c-02812,control,0,0.0,175.0,3,0
c-02813,control,0,0.0,131.5,0,1
c-02814,control,0,0.0,250.3,6,0
c-02815,control,0,0.0,137.2,3,0
c-02816,control,0,0.0,206.4,1,1
c-02817,control,0,0.0,188.0,3,0
c-02818,control,0,0.0,204.0,3,0
c-02819,control,1,32.55,248.3,2,0
c-02820,control,0,0.0,202.5,5,1
c-02821,control,0,0.0,157.7,4,1
c-02822,control,0,0.0,224.2,3,0
c-02823,control,1,35.72,154.8,0,1
c-02824,control,1,20.9,186.5,2,0
c-02825,control,0,0.0,128.3,4,1
c-02826,control,0,0.0,138.7,3,1
c-02827,control,0,0.0,182.1,5,0
c-02828,control,0,0.0,194.7,3,0
c-02829,control,0,0.0,111.9,3,1
c-02830,control,0,0.0,199.9,1,0
c-02831,control,0,0.0,147.2,9,1
c-02832,control,0,0.0,231.2,3,0
c-02833,control,0,0.0,165.9,1,1
c-02834,control,0,0.0,135.1,5,0
c-02835,control,0,0.0,183.0,5,1
c-02836,control,0,0.0,143.4,3,0
c-02837,control,0,0.0,230.8,3,1
c-02838,control,0,0.0,180.0,4,1
c-02839,control,0,0.0,173.9,2,1
c-02840,control,0,0.0,203.7,7,1
c-02841,control,0,0.0,139.8,2,0
c-02842,control,0,0.0,128.4,5,0
c-02843,control,0,0.0,196.3,1,0
c-02844,control,0,0.0,136.0,2,0
c-02845,control,0,0.0,136.0,5,0
c-02846,control,0,0.0,213.5,3,1
c-02847,control,0,0.0,201.0,6,1
c-02848,control,0,0.0,129.8,1,0
c-02849,control,0,0.0,155.2,1,0
c-02850,control,0,0.0,143.9,3,0
c-02851,control,0,0.0,251.1,3,1
c-02852,control,0,0.0,216.2,6,1
c-02853,control,0,0.0,163.2,0,0
c-02854,control,0,0.0,203.0,2,0
c-02855,control,1,29.82,125.8,4,1
c-02856,control,0,0.0,153.1,2,0
c-02857,control,0,0.0,184.2,2,1
c-02858,control,0,0.0,198.1,3,0
c-02859,control,0,0.0,176.1,1,1
c-02860,control,0,0.0,189.9,3,1
c-02861,control,0,0.0,183.1,5,0
c-02862,control,0,0.0,173.5,3,0
c-02863,control,0,0.0,168.2,3,0
c-02864,control,0,0.0,162.9,4,0
c-02865,control,0,0.0,189.3,2,0
c-02866,control,0,0.0,196.4,1,0
c-02867,control,0,0.0,187.9,0,1
c-02868,control,1,77.27,132.9,2,0
c-02869,control,0,0.0,140.0,1,0
c-02870,control,0,0.0,196.0,6,1
c-02871,control,0,0.0,238.9,2,0
c-02872,control,0,0.0,186.1,2,0
c-02873,control,0,0.0,163.5,1,1
c-02874,control,0,0.0,189.0,2,1
c-02875,control,0,0.0,134.5,7,0
c-02876,control,0,0.0,232.4,3,1
c-02877,control,0,0.0,187.5,3,0
c-02878,control,0,0.0,153.2,5,0
c-02879,control,0,0.0,173.3,2,0
c-02880,control,0,0.0,158.9,1,0
c-02881,control,0,0.0,232.5,4,0
c-02882,control,0,0.0,171.9,6,0
c-02883,control,0,0.0,186.2,1,1
c-02884,control,0,0.0,202.9,0,0
c-02885,control,0,0.0,150.4,3,1
c-02886,control,0,0.0,187.7,3,0
c-02887,control,1,133.53,191.0,4,1
c-02888,control,0,0.0,117.8,2,0
c-02889,control,0,0.0,190.1,1,0
c-02890,control,0,0.0,178.2,8,1
c-02891,control,1,67.82,185.2,5,0
c-02892,control,0,0.0,181.4,2,1
c-02893,control,0,0.0,190.4,7,1
c-02894,control,1,46.93,233.5,3,1
c-02895,control,0,0.0,132.8,2,1
c-02896,control,1,40.27,166.3,2,1
c-02897,control,0,0.0,206.7,7,0
c-02898,control,0,0.0,199.2,4,1
c-02899,control,0,0.0,198.4,4,0
c-02900,control,0,0.0,290.1,4,0
c-02901,control,1,31.8,204.6,1,1
c-02902,control,0,0.0,225.2,3,0
c-02903,control,1,123.58,167.7,2,1
c-02904,control,0,0.0,140.3,5,1
c-02905,control,0,0.0,167.4,4,1
c-02906,control,1,44.93,208.5,2,0
c-02907,control,0,0.0,196.3,4,0
c-02908,control,1,126.73,196.1,4,0
c-02909,control,0,0.0,171.4,3,0
c-02910,control,0,0.0,165.0,5,1
c-02911,control,0,0.0,172.8,5,1
c-02912,control,0,0.0,209.0,3,1
c-02913,control,0,0.0,213.6,2,1
c-02914,control,0,0.0,139.8,5,1
c-02915,control,0,0.0,210.5,6,0
c-02916,control,0,0.0,154.0,2,0
c-02917,control,0,0.0,198.8,0,1
c-02918,control,0,0.0,172.3,1,1
c-02919,control,0,0.0,242.6,4,0
c-02920,control,1,91.57,163.3,2,0
c-02921,control,0,0.0,187.1,3,0
c-02922,control,0,0.0,204.3,3,1
c-02923,control,0,0.0,145.0,1,0
c-02924,control,0,0.0,177.1,5,1
c-02925,control,0,0.0,169.3,2,1
c-02926,control,0,0.0,159.4,2,1
c-02927,control,0,0.0,162.4,2,0
c-02928,control,0,0.0,224.5,4,1
c-02929,control,0,0.0,156.1,6,1
c-02930,control,0,0.0,202.7,3,0
c-02931,control,0,0.0,192.6,1,0
c-02932,control,0,0.0,124.1,7,0
c-02933,control,0,0.0,200.8,2,0
c-02934,control,0,0.0,123.5,6,0
c-02935,control,0,0.0,205.1,5,0
c-02936,control,0,0.0,159.7,3,1
c-02937,control,0,0.0,180.3,3,0
c-02938,control,0,0.0,128.2,4,0
c-02939,control,0,0.0,184.9,4,1
c-02940,control,1,22.35,217.1,6,1
c-02941,control,0,0.0,147.7,3,1
c-02942,control,0,0.0,155.7,2,1
c-02943,control,0,0.0,198.2,6,1
c-02944,control,0,0.0,199.2,6,0
c-02945,control,0,0.0,82.6,2,0
c-02946,control,0,0.0,260.6,1,0
c-02947,control,0,0.0,201.1,3,1
c-02948,control,1,36.25,207.9,2,0
c-02949,control,0,0.0,174.3,4,0
c-02950,control,0,0.0,105.8,1,0
c-02951,control,0,0.0,207.0,3,1
c-02952,control,0,0.0,157.4,4,0
c-02953,control,1,36.2,201.8,1,1
c-02954,control,0,0.0,171.2,0,1
c-02955,control,0,0.0,189.5,2,0
c-02956,control,0,0.0,149.0,0,1
c-02957,control,0,0.0,214.6,6,0
c-02958,control,0,0.0,132.5,2,0
c-02959,control,1,47.18,269.8,4,0
c-02960,control,0,0.0,269.5,5,1
c-02961,control,1,47.6,245.3,0,0
c-02962,control,0,0.0,231.0,2,1
c-02963,control,0,0.0,176.6,1,1
c-02964,control,0,0.0,226.7,1,0
c-02965,control,0,0.0,176.2,3,0
c-02966,control,0,0.0,117.9,3,0
c-02967,control,0,0.0,240.1,2,0
c-02968,control,0,0.0,225.2,4,1
c-02969,control,0,0.0,178.7,5,0
c-02970,control,0,0.0,131.0,1,1
c-02971,control,0,0.0,156.6,6,1
c-02972,control,0,0.0,107.2,5,0
c-02973,control,1,188.35,217.8,1,0
c-02974,control,0,0.0,115.9,5,1
c-02975,control,0,0.0,191.5,2,1
c-02976,control,0,0.0,146.3,2,0
c-02977,control,0,0.0,122.9,4,1
c-02978,control,0,0.0,189.5,2,1
c-02979,control,0,0.0,166.6,4,1
c-02980,control,0,0.0,213.5,3,1
c-02981,control,0,0.0,129.3,3,1
c-02982,control,0,0.0,149.7,3,1
c-02983,control,0,0.0,84.5,4,0
c-02984,control,0,0.0,92.6,1,1
c-02985,control,0,0.0,251.9,3,0
c-02986,control,0,0.0,263.3,4,1
c-02987,control,0,0.0,183.7,2,0
c-02988,control,0,0.0,147.0,4,1
c-02989,control,0,0.0,168.1,3,1
c-02990,control,0,0.0,214.9,2,1
c-02991,control,0,0.0,159.4,4,0
c-02992,control,0,0.0,189.5,0,1
c-02993,control,0,0.0,179.5,4,0
c-02994,control,0,0.0,157.2,4,0
c-02995,control,0,0.0,159.0,3,0
c-02996,control,0,0.0,191.7,3,1
c-02997,control,0,0.0,140.9,7,1
c-02998,control,1,30.12,198.1,5,0
c-02999,control,0,0.0,161.1,1,1
c-03000,control,0,0.0,185.1,0,0
c-03001,control,0,0.0,235.4,4,0
c-03002,control,0,0.0,173.3,2,1
c-03003,control,0,0.0,216.8,1,1
c-03004,control,0,0.0,108.3,3,1
c-03005,control,0,0.0,161.2,4,0
c-03006,control,0,0.0,181.1,2,0
c-03007,control,0,0.0,256.9,4,0
c-03008,control,0,0.0,101.6,3,1
c-03009,control,0,0.0,176.2,4,0
c-03010,control,0,0.0,238.3,6,0
c-03011,control,0,0.0,148.6,4,0
c-03012,control,0,0.0,171.5,5,0
c-03013,control,0,0.0,193.3,1,0
c-03014,control,0,0.0,187.4,2,1
c-03015,control,0,0.0,242.6,4,0
c-03016,control,1,54.22,197.9,0,0
c-03017,control,0,0.0,233.1,5,1
c-03018,control,0,0.0,165.6,6,0
c-03019,control,0,0.0,150.4,3,0
c-03020,control,0,0.0,171.0,3,1
c-03021,control,0,0.0,133.6,3,1
c-03022,control,0,0.0,199.3,5,1
c-03023,control,0,0.0,164.6,6,0
c-03024,control,0,0.0,153.1,3,1
c-03025,control,0,0.0,199.9,3,0
c-03026,control,0,0.0,134.3,2,0
c-03027,control,0,0.0,210.8,3,0
c-03028,control,0,0.0,160.9,3,0
c-03029,control,0,0.0,226.4,1,0
c-03030,control,0,0.0,164.3,2,0
c-03031,control,0,0.0,205.3,1,0
c-03032,control,0,0.0,187.2,4,0
c-03033,control,0,0.0,209.8,3,0
c-03034,control,1,64.55,184.4,3,0
c-03035,control,0,0.0,113.5,2,0
c-03036,control,0,0.0,220.4,2,1
c-03037,control,0,0.0,176.5,4,1
c-03038,control,0,0.0,211.6,3,0
c-03039,control,0,0.0,207.6,4,1
c-03040,control,0,0.0,149.1,1,1
c-03041,control,1,48.88,143.4,1,1
c-03042,control,0,0.0,206.2,0,0
c-03043,control,0,0.0,167.9,0,0
c-03044,control,0,0.0,217.5,3,1
c-03045,control,1,51.4,172.9,8,0
c-03046,control,0,0.0,220.9,3,1
c-03047,control,0,0.0,196.9,2,1
c-03048,control,1,30.56,191.5,2,0
c-03049,control,0,0.0,165.0,3,0
c-03050,control,0,0.0,189.3,1,0
c-03051,control,0,0.0,227.7,2,1
c-03052,control,0,0.0,177.8,3,1
c-03053,control,0,0.0,201.2,1,1
c-03054,control,0,0.0,181.9,6,0
c-03055,control,0,0.0,185.0,2,1
c-03056,control,0,0.0,248.9,3,0
c-03057,control,0,0.0,228.1,2,0
c-03058,control,0,0.0,183.2,4,0
c-03059,control,0,0.0,188.6,1,0
c-03060,control,0,0.0,151.9,3,0
c-03061,control,0,0.0,173.1,3,0
c-03062,control,0,0.0,192.4,3,0
c-03063,control,0,0.0,214.0,3,0
c-03064,control,0,0.0,210.0,5,0
c-03065,control,0,0.0,135.6,3,1
c-03066,control,0,0.0,219.1,3,0
c-03067,control,0,0.0,176.4,3,0
c-03068,control,0,0.0,140.5,1,0
c-03069,control,0,0.0,233.5,2,1
c-03070,control,0,0.0,238.5,4,0
c-03071,control,1,51.31,190.5,6,0
c-03072,control,0,0.0,208.4,3,1
c-03073,control,0,0.0,210.7,5,0
c-03074,control,0,0.0,235.8,3,0
c-03075,control,1,61.57,209.1,5,1
c-03076,control,0,0.0,126.9,5,0
c-03077,control,0,0.0,260.4,2,0
c-03078,control,0,0.0,222.6,1,0
c-03079,control,0,0.0,159.6,5,1
c-03080,control,0,0.0,138.8,1,0
c-03081,control,0,0.0,200.2,3,0
c-03082,control,0,0.0,168.9,2,0
c-03083,control,0,0.0,193.2,4,0
c-03084,control,0,0.0,209.7,0,0
c-03085,control,0,0.0,157.3,1,0
c-03086,control,0,0.0,135.4,1,0
c-03087,control,0,0.0,195.4,3,0
c-03088,control,0,0.0,158.7,3,1
c-03089,control,1,56.68,185.8,3,1
c-03090,control,0,0.0,126.3,3,0
c-03091,control,1,63.22,169.9,2,0
c-03092,control,0,0.0,208.6,6,1
c-03093,control,1,92.36,204.2,1,1
c-03094,control,0,0.0,148.5,3,0
c-03095,control,0,0.0,133.3,2,0
c-03096,control,0,0.0,180.6,4,0
c-03097,control,0,0.0,202.4,5,0
c-03098,control,0,0.0,196.2,2,0
c-03099,control,0,0.0,159.5,2,0
c-03100,control,1,74.56,191.9,3,1
c-03101,control,0,0.0,240.1,1,0
c-03102,control,1,50.51,188.2,5,0
c-03103,control,0,0.0,114.7,1,0
c-03104,control,0,0.0,188.1,4,1
c-03105,control,0,0.0,261.8,4,0
c-03106,control,0,0.0,128.5,5,1
c-03107,control,0,0.0,181.2,2,0
c-03108,control,0,0.0,170.9,3,0
c-03109,control,1,28.87,183.8,2,0
c-03110,control,0,0.0,187.8,7,1
c-03111,control,0,0.0,225.6,3,1
c-03112,control,0,0.0,183.4,5,0
c-03113,control,0,0.0,231.1,3,1
c-03114,control,0,0.0,175.3,2,0
c-03115,control,0,0.0,166.0,2,0
c-03116,control,0,0.0,153.2,4,0
c-03117,control,0,0.0,107.3,8,1
c-03118,control,0,0.0,191.0,7,1
c-03119,control,0,0.0,262.2,3,1
c-03120,control,0,0.0,198.3,6,1
c-03121,control,0,0.0,207.5,1,0
c-03122,control,0,0.0,163.5,4,1
c-03123,control,0,0.0,170.2,5,0
c-03124,control,0,0.0,219.4,4,1
c-03125,control,0,0.0,260.3,3,0
c-03126,control,0,0.0,239.5,0,0
c-03127,control,0,0.0,212.2,1,0
c-03128,control,0,0.0,181.4,1,0
c-03129,control,1,37.34,188.4,3,0
c-03130,control,0,0.0,149.9,3,1
c-03131,control,1,44.31,122.1,4,1
c-03132,control,0,0.0,134.9,3,0
c-03133,control,0,0.0,182.0,3,0
c-03134,control,0,0.0,168.3,3,1
c-03135,control,0,0.0,121.2,2,0
c-03136,control,0,0.0,178.5,2,0
c-03137,control,0,0.0,167.3,0,1
c-03138,control,0,0.0,133.1,4,1
c-03139,control,0,0.0,165.2,2,0
c-03140,control,0,0.0,167.2,4,1
c-03141,control,0,0.0,155.3,1,0
c-03142,control,1,54.79,217.1,3,1
c-03143,control,0,0.0,103.9,2,1
c-03144,control,0,0.0,100.6,3,0
c-03145,control,0,0.0,180.1,2,0
c-03146,control,0,0.0,183.8,1,1
c-03147,control,0,0.0,196.2,1,1
c-03148,control,0,0.0,158.4,4,1
c-03149,control,0,0.0,143.3,8,0
c-03150,control,0,0.0,179.7,2,0
c-03151,control,0,0.0,162.3,4,0
c-03152,control,0,0.0,242.0,4,0
c-03153,control,0,0.0,167.0,0,0
c-03154,control,0,0.0,177.9,1,0
c-03155,control,0,0.0,279.0,4,1
c-03156,control,0,0.0,172.2,2,0
c-03157,control,0,0.0,202.2,3,1
c-03158,control,1,39.44,205.9,3,0
c-03159,control,0,0.0,209.3,0,0
c-03160,control,1,32.1,191.6,4,0
c-03161,control,1,28.65,187.8,7,1
c-03162,control,0,0.0,184.0,0,1
c-03163,control,0,0.0,157.0,3,0
c-03164,control,0,0.0,193.0,0,1
c-03165,control,0,0.0,261.1,4,0
c-03166,control,0,0.0,228.4,0,0
c-03167,control,0,0.0,192.2,1,1
c-03168,control,0,0.0,214.2,3,0
c-03169,control,0,0.0,145.2,2,1
c-03170,control,1,23.27,169.6,3,1
c-03171,control,0,0.0,217.9,3,1
c-03172,control,0,0.0,239.5,2,0
c-03173,control,1,44.0,149.2,3,0
c-03174,control,0,0.0,160.7,0,1
c-03175,control,0,0.0,267.3,3,0
c-03176,control,0,0.0,183.9,3,0
c-03177,control,0,0.0,252.9,5,1
c-03178,control,0,0.0,188.3,4,1
c-03179,control,0,0.0,189.8,3,0
c-03180,control,1,25.25,167.8,1,1
c-03181,control,0,0.0,217.7,2,0
c-03182,control,0,0.0,234.3,5,1
c-03183,control,0,0.0,138.6,2,0
c-03184,control,0,0.0,165.9,2,0
c-03185,control,0,0.0,216.6,2,0
c-03186,control,0,0.0,174.8,2,0
c-03187,control,0,0.0,160.3,3,0
c-03188,control,0,0.0,220.4,5,1
c-03189,control,0,0.0,224.1,4,0
c-03190,control,0,0.0,162.0,1,1
c-03191,control,0,0.0,188.5,1,0
c-03192,control,0,0.0,131.7,4,0
c-03193,control,0,0.0,144.2,5,1
c-03194,control,0,0.0,185.0,7,1
c-03195,control,0,0.0,181.3,0,0
c-03196,control,0,0.0,141.3,8,0
c-03197,control,0,0.0,151.4,3,0
c-03198,control,0,0.0,137.4,3,1
c-03199,control,1,31.18,198.2,3,1
c-03200,control,0,0.0,101.3,3,1
c-03201,control,1,40.97,139.5,2,1
c-03202,control,1,26.81,105.5,0,1
c-03203,control,0,0.0,196.8,1,1
c-03204,control,1,58.03,107.9,5,1
c-03205,control,0,0.0,181.3,2,0
c-03206,control,0,0.0,245.6,2,0
c-03207,control,0,0.0,246.9,2,1
c-03208,control,0,0.0,107.8,0,1
c-03209,control,0,0.0,191.9,3,1
c-03210,control,0,0.0,140.4,3,0
c-03211,control,0,0.0,132.3,3,1
c-03212,control,0,0.0,175.5,6,0
c-03213,control,0,0.0,229.1,2,0
c-03214,control,0,0.0,204.0,4,0
c-03215,control,0,0.0,151.4,8,0
c-03216,control,0,0.0,208.2,1,0
c-03217,control,0,0.0,90.3,3,1
c-03218,control,0,0.0,149.9,1,1
c-03219,control,0,0.0,147.0,2,0
c-03220,control,0,0.0,183.1,3,0
c-03221,control,0,0.0,171.9,4,1
c-03222,control,0,0.0,174.3,2,1
c-03223,control,0,0.0,173.0,4,1
c-03224,control,0,0.0,180.9,1,0
c-03225,control,0,0.0,201.6,4,0
c-03226,control,0,0.0,186.0,6,1
c-03227,control,0,0.0,168.6,1,0
c-03228,control,0,0.0,196.1,4,1
c-03229,control,0,0.0,213.0,1,0
c-03230,control,0,0.0,157.8,5,1
c-03231,control,0,0.0,177.6,1,0
c-03232,control,0,0.0,226.5,1,0
c-03233,control,0,0.0,135.9,3,0
c-03234,control,0,0.0,252.2,6,0
c-03235,control,0,0.0,126.4,3,0
c-03236,control,1,68.24,166.2,4,0
c-03237,control,0,0.0,142.0,2,0
c-03238,control,0,0.0,267.5,2,0
c-03239,control,0,0.0,159.9,6,0
c-03240,control,0,0.0,160.0,1,0
c-03241,control,0,0.0,165.2,5,1
c-03242,control,1,38.2,183.8,4,0
c-03243,control,0,0.0,166.9,1,1
c-03244,control,0,0.0,174.7,3,0
c-03245,control,0,0.0,38.8,4,0
c-03246,control,0,0.0,182.3,3,1
c-03247,control,0,0.0,180.7,3,1
c-03248,control,0,0.0,221.5,1,1
c-03249,control,0,0.0,232.4,5,0
c-03250,control,1,40.18,172.5,2,0
c-03251,control,0,0.0,212.6,3,0
c-03252,control,0,0.0,135.9,2,0
c-03253,control,0,0.0,210.7,3,1
c-03254,control,0,0.0,157.1,2,0
c-03255,control,0,0.0,132.6,1,0
c-03256,control,0,0.0,172.6,1,0
c-03257,control,0,0.0,236.0,2,0
c-03258,control,0,0.0,187.2,2,0
c-03259,control,0,0.0,239.9,4,0
c-03260,control,0,0.0,150.1,2,1
c-03261,control,0,0.0,221.9,1,0
c-03262,control,0,0.0,153.9,1,0
c-03263,control,0,0.0,189.0,4,0
c-03264,control,0,0.0,188.7,2,0
c-03265,control,0,0.0,206.5,3,0
c-03266,control,0,0.0,190.0,2,1
c-03267,control,0,0.0,150.4,3,0
c-03268,control,1,62.29,215.2,2,0
c-03269,control,0,0.0,249.3,4,1
c-03270,control,1,35.47,156.6,2,0
c-03271,control,0,0.0,106.6,5,0
c-03272,control,0,0.0,200.0,2,1
c-03273,control,0,0.0,166.8,0,0
c-03274,control,0,0.0,174.8,5,0
c-03275,control,0,0.0,202.2,4,1
c-03276,control,0,0.0,161.7,2,1
c-03277,control,0,0.0,169.2,2,0
c-03278,control,0,0.0,176.0,3,1
c-03279,control,0,0.0,238.8,5,0
c-03280,control,0,0.0,181.2,6,1
c-03281,control,0,0.0,130.6,5,0
c-03282,control,0,0.0,132.2,7,0
c-03283,control,0,0.0,185.6,2,1
c-03284,control,0,0.0,134.8,4,0
c-03285,control,0,0.0,117.5,2,1
c-03286,control,0,0.0,205.4,5,0
c-03287,control,0,0.0,207.4,1,1
c-03288,control,0,0.0,165.3,1,0
c-03289,control,0,0.0,191.7,5,0
c-03290,control,0,0.0,187.5,7,0
c-03291,control,0,0.0,204.1,3,0
c-03292,control,0,0.0,204.2,4,1
c-03293,control,0,0.0,75.8,8,1
c-03294,control,0,0.0,170.4,4,1
c-03295,control,1,34.39,200.7,2,0
c-03296,control,0,0.0,163.6,2,0
c-03297,control,0,0.0,181.4,2,0
c-03298,control,0,0.0,210.0,1,1
c-03299,control,0,0.0,183.2,1,1
c-03300,control,1,83.8,240.3,4,0
c-03301,control,0,0.0,225.1,2,0
c-03302,control,0,0.0,175.3,6,0
c-03303,control,1,72.81,172.1,3,0
c-03304,control,0,0.0,66.0,3,0
c-03305,control,0,0.0,166.9,2,0
c-03306,control,0,0.0,125.9,5,1
c-03307,control,0,0.0,188.8,3,0
c-03308,control,0,0.0,186.1,6,0
c-03309,control,0,0.0,207.8,3,0
c-03310,control,1,64.12,235.9,3,0
c-03311,control,1,74.18,178.9,2,1
c-03312,control,0,0.0,271.2,6,1
c-03313,control,0,0.0,189.3,4,0
c-03314,control,0,0.0,127.6,3,0
c-03315,control,0,0.0,157.5,3,1
c-03316,control,0,0.0,165.1,4,1
c-03317,control,0,0.0,203.7,3,1
c-03318,control,0,0.0,142.1,0,0
c-03319,control,0,0.0,168.1,4,0
c-03320,control,0,0.0,173.6,3,0
c-03321,control,0,0.0,162.1,2,0
c-03322,control,0,0.0,212.5,3,1
c-03323,control,0,0.0,205.7,2,0
c-03324,control,0,0.0,226.7,1,0
c-03325,control,0,0.0,166.8,2,0
c-03326,control,0,0.0,228.1,2,0
c-03327,control,0,0.0,125.4,4,1
c-03328,control,0,0.0,124.5,3,0
c-03329,control,0,0.0,131.4,2,0
c-03330,control,1,20.09,180.4,3,1
c-03331,control,0,0.0,228.1,3,0
c-03332,control,0,0.0,155.9,4,0
c-03333,control,0,0.0,160.9,1,0
c-03334,control,0,0.0,171.4,6,0
c-03335,control,0,0.0,202.9,4,0
c-03336,control,0,0.0,160.9,3,1
c-03337,control,0,0.0,158.7,2,0
c-03338,control,0,0.0,126.2,1,1
c-03339,control,0,0.0,157.1,2,1
c-03340,control,0,0.0,227.1,2,0
c-03341,control,0,0.0,183.6,3,0
c-03342,control,0,0.0,150.4,4,0
c-03343,control,0,0.0,229.4,1,0
c-03344,control,0,0.0,156.6,2,0
c-03345,control,0,0.0,236.8,1,0
c-03346,control,0,0.0,236.1,2,0
c-03347,control,0,0.0,182.2,6,0
c-03348,control,0,0.0,120.1,3,0
c-03349,control,0,0.0,271.6,3,1
c-03350,control,0,0.0,195.5,3,0
c-03351,control,0,0.0,167.0,4,1
c-03352,control,0,0.0,218.2,1,0
c-03353,control,0,0.0,208.1,2,0
c-03354,control,0,0.0,232.4,4,1
c-03355,control,0,0.0,153.5,2,0
c-03356,control,0,0.0,192.7,1,1
c-03357,control,0,0.0,132.6,5,0
c-03358,control,0,0.0,206.7,2,0
c-03359,control,0,0.0,179.1,4,0
c-03360,control,0,0.0,191.2,4,0
c-03361,control,0,0.0,174.1,3,1
c-03362,control,0,0.0,170.0,3,0
c-03363,control,0,0.0,145.3,1,0
c-03364,control,0,0.0,211.6,4,0
c-03365,control,0,0.0,239.6,3,0
c-03366,control,0,0.0,157.7,1,0
c-03367,control,0,0.0,202.1,2,1
c-03368,control,0,0.0,197.3,1,1
c-03369,control,0,0.0,180.3,6,1
c-03370,control,0,0.0,118.9,2,0
c-03371,control,0,0.0,127.9,3,1
c-03372,control,0,0.0,148.8,4,1
c-03373,control,0,0.0,94.4,1,0
c-03374,control,0,0.0,236.3,1,1
c-03375,control,0,0.0,194.7,5,0
c-03376,control,0,0.0,178.8,4,0
c-03377,control,1,89.95,92.4,3,1
c-03378,control,0,0.0,107.0,0,0
c-03379,control,1,58.35,179.9,6,1
c-03380,control,0,0.0,258.8,4,1
c-03381,control,0,0.0,152.1,2,1
c-03382,control,1,77.08,214.6,5,1
c-03383,control,0,0.0,160.8,2,1
c-03384,control,0,0.0,182.2,2,0
c-03385,control,0,0.0,228.6,3,0
c-03386,control,0,0.0,166.2,1,1
c-03387,control,1,58.22,152.4,5,0
c-03388,control,0,0.0,236.7,2,0
c-03389,control,0,0.0,181.8,1,1
c-03390,control,0,0.0,223.6,1,0
c-03391,control,0,0.0,152.6,6,1
c-03392,control,1,50.0,236.3,4,0
c-03393,control,0,0.0,190.9,2,0
c-03394,control,0,0.0,197.4,3,1
c-03395,control,1,43.21,185.3,3,0
c-03396,control,0,0.0,159.8,1,1
c-03397,control,0,0.0,179.9,5,0
c-03398,control,0,0.0,162.3,4,0
c-03399,control,0,0.0,218.4,4,1
c-03400,control,0,0.0,171.9,2,0
c-03401,control,0,0.0,120.1,5,0
c-03402,control,0,0.0,112.8,4,0
c-03403,control,1,57.7,110.9,2,1
c-03404,control,0,0.0,204.7,2,1
c-03405,control,0,0.0,133.9,3,0
c-03406,control,0,0.0,192.0,2,0
c-03407,control,0,0.0,185.5,2,1
c-03408,control,0,0.0,177.4,2,1
c-03409,control,0,0.0,197.5,1,0
c-03410,control,0,0.0,186.3,3,1
c-03411,control,0,0.0,71.6,2,0
c-03412,control,0,0.0,167.1,1,0
c-03413,control,0,0.0,197.0,1,1
c-03414,control,0,0.0,245.6,4,1
c-03415,control,0,0.0,247.5,3,0
c-03416,control,0,0.0,125.5,2,1
c-03417,control,0,0.0,166.0,1,0
c-03418,control,0,0.0,117.4,3,1
c-03419,control,0,0.0,240.8,6,0
c-03420,control,0,0.0,220.5,6,1
c-03421,control,0,0.0,194.0,3,0
c-03422,control,0,0.0,186.6,3,0
c-03423,control,0,0.0,235.2,1,1
c-03424,control,0,0.0,228.5,2,0
c-03425,control,0,0.0,226.3,2,0
c-03426,control,0,0.0,198.3,1,1
c-03427,control,0,0.0,166.0,9,0
c-03428,control,1,42.51,210.7,5,1
c-03429,control,0,0.0,212.6,2,0
c-03430,control,0,0.0,172.4,1,0
c-03431,control,0,0.0,166.0,2,0
c-03432,control,1,72.28,225.3,3,0
c-03433,control,0,0.0,246.6,5,0
c-03434,control,0,0.0,150.0,5,0
c-03435,control,0,0.0,169.5,2,0
c-03436,control,0,0.0,194.0,3,0
c-03437,control,0,0.0,199.5,2,1
c-03438,control,0,0.0,159.1,3,0
c-03439,control,0,0.0,255.3,2,0
c-03440,control,0,0.0,196.9,7,0
c-03441,control,0,0.0,201.3,7,1
c-03442,control,0,0.0,250.4,5,0
c-03443,control,0,0.0,162.0,5,1
c-03444,control,0,0.0,176.5,4,0
c-03445,control,0,0.0,129.9,4,1
c-03446,control,0,0.0,173.1,3,0
c-03447,control,0,0.0,120.4,4,0
c-03448,control,0,0.0,209.9,3,0
c-03449,control,0,0.0,196.8,2,1
c-03450,control,0,0.0,168.9,3,0
c-03451,control,0,0.0,176.0,3,1
c-03452,control,0,0.0,210.5,3,0
c-03453,control,0,0.0,134.6,4,0
c-03454,control,1,23.95,188.2,0,1
c-03455,control,0,0.0,208.0,3,0
c-03456,control,1,38.33,108.7,2,1
c-03457,control,1,122.75,207.4,3,1
c-03458,control,0,0.0,113.0,4,0
c-03459,control,0,0.0,175.3,0,0
c-03460,control,0,0.0,133.5,2,0
c-03461,control,0,0.0,237.2,7,1
c-03462,control,0,0.0,133.7,1,0
c-03463,control,0,0.0,114.0,2,1
c-03464,control,0,0.0,185.3,3,0
c-03465,control,0,0.0,163.5,1,1
c-03466,control,0,0.0,119.8,2,1
c-03467,control,0,0.0,201.0,4,0
c-03468,control,0,0.0,100.3,2,1
c-03469,control,1,36.9,138.6,2,1
c-03470,control,0,0.0,157.0,2,0
c-03471,control,0,0.0,212.1,1,0
c-03472,control,0,0.0,231.8,5,0
c-03473,control,0,0.0,224.1,3,0
c-03474,control,0,0.0,173.9,3,0
c-03475,control,0,0.0,82.9,3,0
c-03476,control,0,0.0,195.6,4,0
c-03477,control,1,43.93,238.8,6,0
c-03478,control,1,32.88,229.4,3,0
c-03479,control,0,0.0,198.5,1,0
c-03480,control,0,0.0,132.4,3,0
c-03481,control,0,0.0,159.0,5,0
c-03482,control,0,0.0,257.4,1,0
c-03483,control,0,0.0,123.3,4,1
c-03484,control,0,0.0,134.1,4,1
c-03485,control,0,0.0,217.7,4,1
c-03486,control,0,0.0,162.8,1,1
c-03487,control,0,0.0,132.7,3,1
c-03488,control,0,0.0,241.1,3,1
c-03489,control,0,0.0,198.4,2,0
c-03490,control,0,0.0,164.7,3,1
c-03491,control,0,0.0,134.2,7,0
c-03492,control,0,0.0,261.9,3,1
c-03493,control,0,0.0,179.0,2,0
c-03494,control,0,0.0,235.9,1,1
c-03495,control,0,0.0,215.7,5,0
c-03496,control,0,0.0,159.2,4,1
c-03497,control,0,0.0,159.5,3,1
c-03498,control,0,0.0,237.9,4,1
c-03499,control,0,0.0,238.5,2,0
c-03500,control,0,0.0,104.9,1,0
c-03501,control,0,0.0,202.0,2,1
c-03502,control,0,0.0,175.2,2,0
c-03503,control,0,0.0,138.7,2,0
c-03504,control,0,0.0,190.5,1,1
c-03505,control,0,0.0,126.0,2,1
c-03506,control,0,0.0,161.3,3,0
c-03507,control,0,0.0,148.1,2,0
c-03508,control,0,0.0,160.0,0,1
c-03509,control,0,0.0,177.1,2,1
c-03510,control,1,56.89,139.4,4,1
c-03511,control,0,0.0,242.9,4,1
c-03512,control,1,35.12,199.7,2,0
c-03513,control,1,44.99,251.8,7,1
c-03514,control,1,71.66,173.6,1,1
c-03515,control,0,0.0,158.0,3,0
c-03516,control,0,0.0,250.3,0,0
c-03517,control,0,0.0,156.9,3,1
c-03518,control,0,0.0,172.9,2,0
c-03519,control,0,0.0,208.8,3,1
c-03520,control,0,0.0,130.5,4,0
c-03521,control,0,0.0,208.5,2,0
c-03522,control,0,0.0,203.3,3,1
c-03523,control,0,0.0,230.8,2,0
c-03524,control,0,0.0,215.6,2,0
c-03525,control,0,0.0,232.0,2,0
c-03526,control,0,0.0,175.6,4,1
c-03527,control,0,0.0,145.5,5,1
c-03528,control,0,0.0,264.4,4,0
c-03529,control,0,0.0,118.9,5,1
c-03530,control,0,0.0,122.9,2,1
c-03531,control,0,0.0,202.6,4,0
c-03532,control,0,0.0,245.0,1,0
c-03533,control,0,0.0,187.6,2,1
c-03534,control,0,0.0,220.0,4,0
c-03535,control,0,0.0,100.2,3,0
c-03536,control,0,0.0,160.0,7,0
c-03537,control,0,0.0,105.0,0,0
c-03538,control,0,0.0,211.2,4,0
c-03539,control,0,0.0,118.1,1,0
c-03540,control,0,0.0,128.9,4,0
c-03541,control,0,0.0,200.6,2,1
c-03542,control,0,0.0,222.5,3,0
c-03543,control,0,0.0,173.6,1,0
c-03544,control,0,0.0,202.8,3,0
c-03545,control,0,0.0,201.5,2,0
c-03546,control,0,0.0,171.4,1,1
c-03547,control,1,35.71,136.2,0,0
c-03548,control,0,0.0,202.6,1,1
c-03549,control,0,0.0,204.5,3,0
c-03550,control,0,0.0,215.8,1,1
c-03551,control,0,0.0,192.5,2,1
c-03552,control,0,0.0,133.3,0,0
c-03553,control,0,0.0,207.6,8,1
c-03554,control,0,0.0,179.9,1,1
c-03555,control,0,0.0,160.7,1,1
c-03556,control,0,0.0,168.2,1,1
c-03557,control,1,69.75,152.4,2,1
c-03558,control,0,0.0,215.6,5,0
c-03559,control,0,0.0,123.3,2,0
c-03560,control,0,0.0,140.3,2,1
c-03561,control,0,0.0,166.8,3,1
c-03562,control,1,70.81,244.6,4,0
c-03563,control,0,0.0,222.2,5,0
c-03564,control,1,78.63,114.4,5,0
c-03565,control,0,0.0,234.1,4,0
c-03566,control,0,0.0,234.0,0,0
c-03567,control,0,0.0,133.0,3,0
c-03568,control,0,0.0,79.1,1,1
c-03569,control,0,0.0,177.1,2,0
c-03570,control,0,0.0,224.9,7,1
c-03571,control,0,0.0,243.7,4,1
c-03572,control,0,0.0,145.2,2,1
c-03573,control,0,0.0,250.1,3,0
c-03574,control,0,0.0,90.9,6,0
c-03575,control,0,0.0,165.3,3,1
c-03576,control,0,0.0,163.3,1,1
c-03577,control,0,0.0,226.1,2,0
c-03578,control,0,0.0,231.9,4,0
c-03579,control,0,0.0,218.2,1,1
c-03580,control,0,0.0,126.0,2,0
c-03581,control,0,0.0,214.5,2,0
c-03582,control,0,0.0,200.4,5,1
c-03583,control,0,0.0,113.2,0,1
c-03584,control,1,52.1,97.3,3,0
c-03585,control,0,0.0,221.5,3,1
c-03586,control,0,0.0,172.8,3,0
c-03587,control,0,0.0,128.6,2,1
c-03588,control,0,0.0,171.7,2,1
c-03589,control,0,0.0,194.6,3,0
c-03590,control,0,0.0,176.7,3,1
c-03591,control,0,0.0,117.9,0,1
c-03592,control,0,0.0,255.4,4,0
c-03593,control,0,0.0,220.2,3,1
c-03594,control,0,0.0,166.6,0,1
c-03595,control,1,210.31,168.2,3,0
c-03596,control,0,0.0,194.4,4,0
c-03597,control,0,0.0,134.8,2,0
c-03598,control,1,78.61,192.9,5,1
c-03599,control,0,0.0,126.8,4,0
c-03600,control,0,0.0,177.2,3,0
c-03601,control,0,0.0,133.3,1,1
c-03602,control,0,0.0,135.3,5,0
c-03603,control,0,0.0,245.8,3,0
c-03604,control,1,56.61,182.4,6,0
c-03605,control,0,0.0,188.3,5,0
c-03606,control,0,0.0,99.5,3,1
c-03607,control,0,0.0,156.1,3,0
c-03608,control,0,0.0,198.4,3,0
c-03609,control,0,0.0,187.8,1,0
c-03610,control,0,0.0,93.8,0,1
c-03611,control,0,0.0,188.3,4,0
c-03612,control,0,0.0,194.7,5,0
c-03613,control,0,0.0,231.4,1,1
c-03614,control,0,0.0,153.8,2,0
c-03615,control,0,0.0,90.3,2,1
c-03616,control,0,0.0,140.1,3,0
c-03617,control,0,0.0,136.1,0,1
c-03618,control,0,0.0,209.5,3,0
c-03619,control,1,32.98,71.3,3,1
c-03620,control,0,0.0,162.1,0,1
c-03621,control,0,0.0,237.0,4,1
c-03622,control,0,0.0,180.3,2,0
c-03623,control,0,0.0,215.9,3,1
c-03624,control,0,0.0,114.3,2,0
c-03625,control,0,0.0,115.9,3,0
c-03626,control,0,0.0,237.5,3,0
c-03627,control,0,0.0,184.0,0,0
c-03628,control,0,0.0,184.1,3,1
c-03629,control,0,0.0,135.3,3,1
c-03630,control,0,0.0,184.0,5,1
c-03631,control,1,46.82,134.2,4,1
c-03632,control,0,0.0,227.5,3,1
c-03633,control,0,0.0,289.1,4,1
c-03634,control,0,0.0,199.4,4,0
c-03635,control,0,0.0,154.6,6,0
c-03636,control,0,0.0,78.7,0,1
c-03637,control,0,0.0,112.6,0,1
c-03638,control,0,0.0,242.2,2,1
c-03639,control,0,0.0,138.8,3,1
c-03640,control,0,0.0,165.2,8,1
c-03641,control,0,0.0,206.2,6,0
c-03642,control,0,0.0,239.3,2,0
c-03643,control,0,0.0,172.0,4,0
c-03644,control,0,0.0,163.8,6,1
c-03645,control,0,0.0,182.9,1,0
c-03646,control,0,0.0,154.9,2,0
c-03647,control,0,0.0,157.0,2,0
c-03648,control,0,0.0,196.5,4,1
c-03649,control,0,0.0,187.4,4,0
c-03650,control,0,0.0,265.3,2,1
c-03651,control,0,0.0,197.6,2,0
c-03652,control,0,0.0,226.0,3,0
c-03653,control,0,0.0,137.1,4,1
c-03654,control,0,0.0,201.0,7,0
c-03655,control,0,0.0,151.1,5,1
c-03656,control,0,0.0,195.8,2,1
c-03657,control,0,0.0,207.5,4,0
c-03658,control,0,0.0,182.0,2,1
c-03659,control,0,0.0,276.3,4,1
c-03660,control,0,0.0,237.1,2,0
c-03661,control,1,92.93,227.1,2,0
c-03662,control,0,0.0,210.6,6,0
c-03663,control,0,0.0,250.5,1,0
c-03664,control,0,0.0,122.5,1,0
c-03665,control,0,0.0,234.8,3,1
c-03666,control,0,0.0,140.4,2,1
c-03667,control,0,0.0,157.4,2,0
c-03668,control,0,0.0,202.5,6,1
c-03669,control,0,0.0,229.3,3,1
c-03670,control,0,0.0,133.9,4,1
c-03671,control,0,0.0,159.5,5,1
c-03672,control,0,0.0,183.9,9,0
c-03673,control,0,0.0,172.5,4,0
c-03674,control,0,0.0,214.2,2,0
c-03675,control,0,0.0,317.4,2,0
c-03676,control,0,0.0,196.8,2,0
c-03677,control,0,0.0,150.6,4,0
c-03678,control,0,0.0,128.1,1,0
c-03679,control,0,0.0,167.0,1,0
c-03680,control,0,0.0,142.4,2,0
c-03681,control,0,0.0,198.7,4,0
c-03682,control,0,0.0,198.1,1,0
c-03683,control,0,0.0,161.5,0,0
c-03684,control,0,0.0,259.4,2,1
c-03685,control,0,0.0,150.6,3,1
c-03686,control,0,0.0,175.2,3,1
c-03687,control,1,105.56,205.6,1,1
c-03688,control,0,0.0,215.7,3,1
c-03689,control,0,0.0,231.1,4,1
c-03690,control,0,0.0,197.1,2,0
c-03691,control,0,0.0,222.0,1,0
c-03692,control,0,0.0,153.4,2,1
c-03693,control,0,0.0,216.7,1,1
c-03694,control,0,0.0,216.2,0,0
c-03695,control,0,0.0,240.5,2,0
c-03696,control,0,0.0,113.3,5,0
c-03697,control,0,0.0,143.7,0,0
c-03698,control,0,0.0,212.9,0,0
c-03699,control,0,0.0,73.9,3,0
c-03700,control,0,0.0,199.7,5,0
c-03701,control,0,0.0,222.4,6,1
c-03702,control,0,0.0,156.9,2,1
c-03703,control,0,0.0,162.8,3,1
c-03704,control,0,0.0,137.0,2,0
c-03705,control,0,0.0,159.1,1,0
c-03706,control,0,0.0,160.3,2,1
c-03707,control,0,0.0,152.7,1,1
c-03708,control,0,0.0,150.5,1,1
c-03709,control,0,0.0,169.2,0,0
c-03710,control,0,0.0,168.7,3,0
c-03711,control,0,0.0,255.0,3,0
c-03712,control,1,95.13,164.2,2,0
c-03713,control,0,0.0,193.8,1,0
c-03714,control,0,0.0,156.9,2,0
c-03715,control,0,0.0,156.4,1,0
c-03716,control,0,0.0,111.8,2,0
c-03717,control,0,0.0,117.1,4,1
c-03718,control,1,69.64,131.7,1,0
c-03719,control,0,0.0,187.3,2,1
c-03720,control,0,0.0,223.0,2,1
c-03721,control,0,0.0,108.5,2,0
c-03722,control,0,0.0,158.0,2,0
c-03723,control,0,0.0,125.3,3,0
c-03724,control,0,0.0,169.4,5,0
c-03725,control,0,0.0,223.0,3,1
c-03726,control,1,27.8,162.1,4,1
c-03727,control,0,0.0,178.1,2,0
c-03728,control,0,0.0,238.2,3,0
c-03729,control,0,0.0,198.3,2,1
c-03730,control,1,60.9,149.6,7,0
c-03731,control,1,27.98,186.4,8,0
c-03732,control,0,0.0,146.9,1,0
c-03733,control,0,0.0,196.8,2,0
c-03734,control,0,0.0,200.6,1,0
c-03735,control,1,25.04,125.3,2,1
c-03736,control,0,0.0,187.0,3,1
c-03737,control,0,0.0,175.3,5,0
c-03738,control,0,0.0,201.8,3,1
c-03739,control,0,0.0,213.3,4,0
c-03740,control,0,0.0,199.1,4,0
c-03741,control,0,0.0,167.9,3,1
c-03742,control,0,0.0,217.3,3,1
c-03743,control,0,0.0,145.1,8,1
c-03744,control,0,0.0,127.2,2,0
c-03745,control,0,0.0,52.2,5,0
c-03746,control,0,0.0,177.2,2,1
c-03747,control,0,0.0,147.1,3,0
c-03748,control,0,0.0,195.9,6,1
c-03749,control,0,0.0,101.2,4,1
c-03750,control,0,0.0,154.1,3,0
c-03751,control,0,0.0,198.8,2,1
c-03752,control,0,0.0,138.8,1,1
c-03753,control,0,0.0,196.4,0,1
c-03754,control,0,0.0,157.7,3,0
c-03755,control,0,0.0,178.7,3,1
c-03756,control,0,0.0,203.8,2,0
c-03757,control,0,0.0,218.1,6,0
c-03758,control,1,54.47,183.7,4,1
c-03759,control,0,0.0,147.4,2,1
c-03760,control,1,61.9,161.7,4,0
c-03761,control,0,0.0,205.5,0,1
c-03762,control,0,0.0,139.1,1,1
c-03763,control,0,0.0,172.9,2,1
c-03764,control,0,0.0,164.6,5,0
c-03765,control,0,0.0,175.9,3,0
c-03766,control,0,0.0,139.6,2,0
c-03767,control,0,0.0,105.9,0,1
c-03768,control,0,0.0,200.8,2,0
c-03769,control,0,0.0,218.6,3,0
c-03770,control,1,73.44,108.3,4,1
c-03771,control,1,61.17,194.8,2,1
c-03772,control,0,0.0,223.3,7,1
c-03773,control,0,0.0,203.8,3,1
c-03774,control,0,0.0,163.3,1,1
c-03775,control,0,0.0,142.3,5,1
c-03776,control,0,0.0,183.2,5,1
c-03777,control,0,0.0,189.9,7,1
c-03778,control,0,0.0,183.8,2,0
c-03779,control,1,62.13,172.8,0,0
c-03780,control,0,0.0,136.7,3,0
c-03781,control,0,0.0,196.9,2,1
c-03782,control,1,31.4,198.8,5,0
c-03783,control,0,0.0,188.0,1,0
c-03784,control,0,0.0,184.4,6,1
c-03785,control,1,46.65,247.2,5,1
c-03786,control,1,24.82,155.0,5,1
c-03787,control,0,0.0,231.3,4,1
c-03788,control,0,0.0,150.6,4,0
c-03789,control,0,0.0,224.4,1,0
c-03790,control,0,0.0,229.3,2,1
c-03791,control,0,0.0,168.3,5,1
c-03792,control,0,0.0,246.4,4,0
c-03793,control,0,0.0,198.8,3,0
c-03794,control,0,0.0,144.9,3,0
c-03795,control,0,0.0,165.0,2,0
c-03796,control,0,0.0,225.3,4,0
c-03797,control,0,0.0,216.9,3,0
c-03798,control,0,0.0,137.7,6,0
c-03799,control,0,0.0,174.4,2,0
c-03800,control,0,0.0,188.1,4,1
c-03801,control,0,0.0,159.7,1,0
c-03802,control,0,0.0,274.3,5,0
c-03803,control,0,0.0,189.3,1,0
c-03804,control,0,0.0,177.5,3,1
c-03805,control,0,0.0,227.6,4,0
c-03806,control,0,0.0,165.4,2,1
c-03807,control,0,0.0,220.3,2,0
c-03808,control,1,19.86,113.3,4,1
c-03809,control,0,0.0,161.9,5,0
c-03810,control,0,0.0,222.0,2,1
c-03811,control,0,0.0,242.8,2,1
c-03812,control,0,0.0,149.1,4,0
c-03813,control,0,0.0,144.4,4,0
c-03814,control,0,0.0,202.7,1,0
c-03815,control,0,0.0,155.1,6,0
c-03816,control,0,0.0,169.3,3,1
c-03817,control,0,0.0,215.1,2,1
c-03818,control,0,0.0,158.2,9,1
c-03819,control,0,0.0,101.4,5,0
c-03820,control,0,0.0,128.0,4,0
c-03821,control,0,0.0,180.4,1,1
c-03822,control,0,0.0,105.5,2,0
c-03823,control,0,0.0,168.1,4,0
c-03824,control,0,0.0,124.3,5,0
c-03825,control,0,0.0,245.6,5,0
c-03826,control,0,0.0,266.6,3,1
c-03827,control,0,0.0,137.7,0,0
c-03828,control,1,68.26,190.3,1,0
c-03829,control,0,0.0,141.6,2,0
c-03830,control,0,0.0,167.6,1,0
c-03831,control,0,0.0,252.1,4,0
c-03832,control,0,0.0,161.3,0,0
c-03833,control,0,0.0,168.6,2,0
c-03834,control,0,0.0,142.3,2,0
c-03835,control,0,0.0,225.8,4,1
c-03836,control,0,0.0,49.5,4,0
c-03837,control,0,0.0,162.3,2,1
c-03838,control,0,0.0,178.2,0,0
c-03839,control,0,0.0,153.6,4,0
c-03840,control,0,0.0,214.5,3,1
c-03841,control,0,0.0,228.1,3,0
c-03842,control,0,0.0,123.5,3,0
c-03843,control,0,0.0,263.7,3,0
c-03844,control,1,34.85,123.1,2,0
c-03845,control,0,0.0,231.5,3,0
c-03846,control,0,0.0,186.0,2,0
c-03847,control,0,0.0,159.9,2,0
c-03848,control,0,0.0,163.6,2,0
c-03849,control,0,0.0,178.7,4,0
c-03850,control,0,0.0,188.3,1,0
c-03851,control,0,0.0,143.2,0,1
c-03852,control,0,0.0,170.6,3,1
c-03853,control,0,0.0,149.2,3,0
c-03854,control,0,0.0,131.4,2,0
c-03855,control,0,0.0,147.3,3,1
c-03856,control,0,0.0,134.0,5,0
c-03857,control,0,0.0,163.2,4,1
c-03858,control,0,0.0,197.3,1,1
c-03859,control,0,0.0,184.8,4,0
c-03860,control,0,0.0,259.0,2,1
c-03861,control,0,0.0,91.6,3,0
c-03862,control,0,0.0,198.8,0,0
c-03863,control,0,0.0,180.3,2,1
c-03864,control,1,72.43,212.6,1,1
c-03865,control,0,0.0,208.7,3,0
c-03866,control,0,0.0,173.4,3,1
c-03867,control,0,0.0,186.9,3,0
c-03868,control,0,0.0,150.2,2,1
c-03869,control,0,0.0,204.5,5,1
c-03870,control,0,0.0,104.8,7,1
c-03871,control,0,0.0,211.1,5,0
c-03872,control,0,0.0,179.1,2,0
c-03873,control,0,0.0,160.5,2,1
c-03874,control,1,80.54,170.7,5,0
c-03875,control,0,0.0,173.6,5,1
c-03876,control,0,0.0,231.9,3,0
c-03877,control,1,37.01,309.3,4,0
c-03878,control,0,0.0,228.8,4,0
c-03879,control,0,0.0,157.4,3,0
c-03880,control,0,0.0,205.2,3,0
c-03881,control,1,63.79,206.9,3,0
c-03882,control,0,0.0,143.0,2,1
c-03883,control,0,0.0,129.6,2,0
c-03884,control,1,36.32,177.5,4,1
c-03885,control,0,0.0,212.3,4,0
c-03886,control,1,21.31,115.5,4,1
c-03887,control,0,0.0,151.2,2,0
c-03888,control,1,51.7,202.9,1,1
c-03889,control,0,0.0,181.7,3,0
c-03890,control,0,0.0,236.7,1,0
c-03891,control,0,0.0,123.5,5,0
c-03892,control,0,0.0,274.1,5,0
c-03893,control,0,0.0,118.5,6,0
c-03894,control,1,39.57,98.8,2,1
c-03895,control,0,0.0,177.6,1,0
c-03896,control,0,0.0,134.6,3,1
c-03897,control,0,0.0,178.4,3,0
c-03898,control,0,0.0,177.1,2,1
c-03899,control,0,0.0,172.2,5,0
c-03900,control,0,0.0,146.3,0,1
c-03901,control,0,0.0,197.3,1,1
c-03902,control,0,0.0,167.3,0,0
c-03903,control,0,0.0,224.1,3,0
c-03904,control,0,0.0,172.8,4,1
c-03905,control,0,0.0,141.4,1,0
c-03906,control,0,0.0,112.5,4,0
c-03907,control,0,0.0,173.1,3,0
c-03908,control,0,0.0,129.2,2,0
c-03909,control,0,0.0,126.0,1,1
c-03910,control,0,0.0,201.1,7,0
c-03911,control,0,0.0,108.9,6,0
c-03912,control,0,0.0,236.5,4,0
c-03913,control,0,0.0,186.4,1,0
c-03914,control,0,0.0,178.2,1,1
c-03915,control,0,0.0,138.6,2,1
c-03916,control,0,0.0,210.6,4,1
c-03917,control,0,0.0,179.9,3,0
c-03918,control,0,0.0,152.6,3,0
c-03919,control,0,0.0,188.0,0,0
c-03920,control,0,0.0,112.7,2,1
c-03921,control,0,0.0,114.6,5,1
c-03922,control,0,0.0,135.2,4,1
c-03923,control,1,40.12,194.0,11,1
c-03924,control,0,0.0,179.9,7,0
c-03925,control,0,0.0,222.0,6,1
c-03926,control,0,0.0,143.2,4,1
c-03927,control,0,0.0,203.0,4,0
c-03928,control,0,0.0,175.4,3,0
c-03929,control,1,118.97,142.3,4,1
c-03930,control,0,0.0,195.4,6,0
c-03931,control,0,0.0,177.4,0,0
c-03932,control,0,0.0,154.8,2,0
c-03933,control,0,0.0,181.7,3,0
c-03934,control,0,0.0,174.8,4,1
c-03935,control,0,0.0,173.9,4,1
c-03936,control,0,0.0,163.5,3,1
c-03937,control,0,0.0,127.8,4,0
c-03938,control,0,0.0,183.0,5,1
c-03939,control,0,0.0,147.9,3,0
c-03940,control,0,0.0,139.2,5,0
c-03941,control,0,0.0,170.4,5,1
c-03942,control,0,0.0,209.4,0,1
c-03943,control,0,0.0,187.4,3,1
c-03944,control,0,0.0,158.8,0,0
c-03945,control,0,0.0,157.1,5,0
c-03946,control,0,0.0,205.4,6,1
c-03947,control,0,0.0,84.1,7,0
c-03948,control,0,0.0,211.9,3,0
c-03949,control,0,0.0,105.0,5,1
c-03950,control,0,0.0,123.4,2,0
c-03951,control,1,24.62,159.4,2,0
c-03952,control,1,58.11,266.8,4,0
c-03953,control,0,0.0,247.1,2,0
c-03954,control,0,0.0,208.3,6,0
c-03955,control,0,0.0,194.3,2,0
c-03956,control,1,31.26,105.5,4,0
c-03957,control,1,73.61,186.3,3,0
c-03958,control,0,0.0,158.0,6,0
c-03959,control,0,0.0,147.3,2,1
c-03960,control,0,0.0,186.2,1,0
c-03961,control,0,0.0,161.2,3,1
c-03962,control,0,0.0,214.8,1,1
c-03963,control,0,0.0,102.6,3,0
c-03964,control,0,0.0,183.0,5,0
c-03965,control,0,0.0,144.8,0,1
c-03966,control,0,0.0,163.6,3,0
c-03967,control,0,0.0,192.2,3,0
c-03968,control,0,0.0,135.3,5,0
c-03969,control,0,0.0,186.6,5,1
c-03970,control,1,55.94,171.5,0,0
c-03971,control,0,0.0,153.6,4,0
c-03972,control,0,0.0,161.2,2,0
c-03973,control,0,0.0,173.8,2,1
c-03974,control,0,0.0,149.3,8,0
c-03975,control,0,0.0,180.3,1,1
c-03976,control,0,0.0,168.9,1,1
c-03977,control,0,0.0,155.5,2,0
c-03978,control,0,0.0,243.6,4,0
c-03979,control,0,0.0,196.6,5,1
c-03980,control,0,0.0,164.7,3,0
c-03981,control,0,0.0,185.8,3,0
c-03982,control,0,0.0,138.9,3,0
c-03983,control,0,0.0,162.5,6,0
c-03984,control,0,0.0,167.2,3,0
c-03985,control,0,0.0,130.1,2,1
c-03986,control,0,0.0,195.5,5,1
c-03987,control,0,0.0,159.8,1,0
c-03988,control,1,58.02,165.8,4,0
c-03989,control,1,31.97,157.3,3,0
c-03990,control,1,34.66,298.4,4,1
c-03991,control,0,0.0,153.5,5,0
c-03992,control,0,0.0,97.3,3,1
c-03993,control,0,0.0,116.0,2,1
c-03994,control,0,0.0,210.4,6,1
c-03995,control,0,0.0,233.5,4,0
c-03996,control,0,0.0,152.7,1,1
c-03997,control,0,0.0,231.2,3,0
c-03998,control,0,0.0,209.7,2,1
c-03999,control,0,0.0,172.4,4,1
c-04000,control,0,0.0,169.6,4,1
c-04001,control,0,0.0,187.2,4,1
c-04002,control,0,0.0,215.1,2,1
c-04003,control,0,0.0,195.9,3,0
c-04004,control,0,0.0,152.9,2,0
c-04005,control,0,0.0,173.0,4,1
c-04006,control,0,0.0,259.3,4,1
c-04007,control,0,0.0,190.0,5,1
c-04008,control,0,0.0,214.8,4,1
c-04009,control,0,0.0,201.6,2,0
c-04010,control,0,0.0,190.9,3,1
c-04011,control,0,0.0,184.3,1,1
c-04012,control,1,74.24,215.9,3,0
c-04013,control,0,0.0,208.7,2,0
c-04014,control,0,0.0,190.6,1,0
c-04015,control,0,0.0,152.2,4,0
c-04016,control,0,0.0,195.4,3,1
c-04017,control,0,0.0,177.3,3,1
c-04018,control,0,0.0,167.7,0,1
c-04019,control,0,0.0,287.2,2,0
c-04020,control,0,0.0,118.4,3,0
c-04021,control,0,0.0,218.3,2,0
c-04022,control,0,0.0,145.5,0,1
c-04023,control,1,108.51,185.2,3,0
c-04024,control,0,0.0,282.7,2,0
c-04025,control,1,60.71,141.5,4,1
c-04026,control,0,0.0,151.0,4,0
c-04027,control,0,0.0,179.3,1,1
c-04028,control,0,0.0,146.1,0,1
c-04029,control,1,32.66,215.4,1,1
c-04030,control,0,0.0,158.6,3,1
c-04031,control,0,0.0,206.2,4,1
c-04032,control,0,0.0,126.8,3,0
c-04033,control,0,0.0,107.7,2,0
c-04034,control,0,0.0,170.8,2,0
c-04035,control,0,0.0,117.3,2,0
c-04036,control,0,0.0,240.7,8,1
c-04037,control,0,0.0,118.8,3,0
c-04038,control,0,0.0,138.5,5,0
c-04039,control,0,0.0,196.5,2,1
c-04040,control,0,0.0,156.5,1,0
c-04041,control,0,0.0,119.3,4,0
c-04042,control,0,0.0,261.6,4,1
c-04043,control,1,56.97,139.9,5,0
c-04044,control,0,0.0,172.1,4,0
c-04045,control,0,0.0,171.6,1,0
c-04046,control,0,0.0,208.4,4,1
c-04047,control,0,0.0,198.5,5,1
c-04048,control,0,0.0,146.9,1,1
c-04049,control,0,0.0,167.0,5,0
c-04050,control,1,145.82,170.9,2,1
c-04051,control,0,0.0,210.0,0,0
c-04052,control,0,0.0,133.3,5,0
c-04053,control,0,0.0,260.7,2,0
c-04054,control,0,0.0,149.6,3,0
c-04055,control,0,0.0,179.7,2,0
c-04056,control,0,0.0,133.6,4,0
c-04057,control,1,51.22,128.1,4,0
c-04058,control,0,0.0,145.0,6,0
c-04059,control,0,0.0,141.2,4,1
c-04060,control,1,94.43,163.4,2,0
c-04061,control,0,0.0,140.8,5,1
c-04062,control,0,0.0,207.8,5,0
c-04063,control,0,0.0,148.7,1,0
c-04064,control,0,0.0,144.2,3,1
c-04065,control,0,0.0,164.3,5,0
c-04066,control,0,0.0,219.7,5,1
c-04067,control,0,0.0,188.6,4,1
c-04068,control,1,35.05,176.0,1,0
c-04069,control,0,0.0,122.7,4,1
c-04070,control,0,0.0,134.3,2,1
c-04071,control,0,0.0,128.9,6,1
c-04072,control,0,0.0,232.3,7,0
c-04073,control,0,0.0,201.2,6,0
c-04074,control,0,0.0,145.5,3,0
c-04075,control,0,0.0,157.4,4,0
c-04076,control,0,0.0,147.0,4,0
c-04077,control,0,0.0,144.6,4,1
c-04078,control,0,0.0,198.4,1,0
c-04079,control,0,0.0,168.5,0,1
c-04080,control,0,0.0,263.2,7,1
c-04081,control,0,0.0,230.0,3,0
c-04082,control,0,0.0,232.4,5,0
c-04083,control,0,0.0,206.9,4,0
c-04084,control,0,0.0,163.1,2,0
c-04085,control,1,47.99,203.9,3,0
c-04086,control,0,0.0,166.0,0,1
c-04087,control,0,0.0,245.2,5,0
c-04088,control,0,0.0,196.2,5,0
c-04089,control,0,0.0,190.5,3,0
c-04090,control,0,0.0,185.1,2,0
c-04091,control,0,0.0,249.6,5,1
c-04092,control,0,0.0,122.6,3,1
c-04093,control,0,0.0,253.5,5,0
c-04094,control,0,0.0,172.6,3,0
c-04095,control,0,0.0,123.8,3,1
c-04096,control,0,0.0,149.9,4,1
c-04097,control,0,0.0,114.0,1,0
c-04098,control,0,0.0,206.1,2,0
c-04099,control,1,64.64,138.5,7,0
c-04100,control,0,0.0,186.7,3,0
c-04101,control,0,0.0,225.4,4,0
c-04102,control,0,0.0,153.1,1,1
c-04103,control,0,0.0,169.3,1,0
c-04104,control,1,58.49,127.9,2,1
c-04105,control,0,0.0,164.5,5,1
c-04106,control,0,0.0,283.0,2,1
c-04107,control,0,0.0,211.1,1,0
c-04108,control,1,34.64,169.4,3,0
c-04109,control,0,0.0,155.5,5,1
c-04110,control,0,0.0,178.3,3,1
c-04111,control,0,0.0,185.2,3,0
c-04112,control,0,0.0,163.2,4,1
c-04113,control,0,0.0,201.2,3,1
c-04114,control,0,0.0,141.9,2,1
c-04115,control,0,0.0,141.7,3,0
c-04116,control,0,0.0,194.8,4,1
c-04117,control,0,0.0,133.3,4,0
c-04118,control,0,0.0,209.2,4,0
c-04119,control,0,0.0,179.4,1,0
c-04120,control,1,33.98,106.9,1,1
c-04121,control,0,0.0,184.4,1,0
c-04122,control,0,0.0,112.6,5,0
c-04123,control,0,0.0,207.7,3,0
c-04124,control,1,76.3,170.1,2,0
c-04125,control,0,0.0,254.0,3,0
c-04126,control,0,0.0,222.9,5,0
c-04127,control,0,0.0,137.6,6,0
c-04128,control,0,0.0,99.2,3,0
c-04129,control,1,83.61,149.8,1,0
c-04130,control,0,0.0,131.1,2,1
c-04131,control,0,0.0,253.0,2,0
c-04132,control,0,0.0,179.6,2,1
c-04133,control,0,0.0,217.3,2,0
c-04134,control,0,0.0,168.6,3,0
c-04135,control,0,0.0,172.8,2,0
c-04136,control,0,0.0,178.7,2,0
c-04137,control,0,0.0,224.3,2,0
c-04138,control,0,0.0,192.5,4,1
c-04139,control,0,0.0,137.7,5,0
c-04140,control,0,0.0,244.9,2,0
c-04141,control,0,0.0,168.3,0,0
c-04142,control,0,0.0,161.8,1,0
c-04143,control,0,0.0,66.8,1,1
c-04144,control,0,0.0,205.4,7,0
c-04145,control,0,0.0,184.0,6,0
c-04146,control,0,0.0,184.0,5,1
c-04147,control,0,0.0,163.9,6,0
c-04148,control,0,0.0,157.0,10,0
c-04149,control,0,0.0,165.2,1,1
c-04150,control,0,0.0,198.5,5,0
c-04151,control,0,0.0,205.6,2,1
c-04152,control,0,0.0,170.8,8,1
c-04153,control,0,0.0,218.0,0,0
c-04154,control,0,0.0,176.8,3,0
c-04155,control,0,0.0,159.8,4,0
c-04156,control,1,96.59,187.9,6,1
c-04157,control,0,0.0,125.6,3,0
c-04158,control,0,0.0,189.3,0,1
c-04159,control,0,0.0,118.3,2,0
c-04160,control,0,0.0,138.9,5,1
c-04161,control,0,0.0,99.3,4,1
c-04162,control,0,0.0,173.0,1,0
c-04163,control,0,0.0,244.4,4,0
c-04164,control,0,0.0,175.3,4,0
c-04165,control,0,0.0,205.7,1,0
c-04166,control,0,0.0,274.1,3,0
c-04167,control,0,0.0,196.2,2,1
c-04168,control,0,0.0,149.4,6,1
c-04169,control,0,0.0,154.9,3,1
c-04170,control,1,110.14,180.0,2,1
c-04171,control,0,0.0,154.7,2,1
c-04172,control,1,51.97,157.7,3,0
c-04173,control,0,0.0,219.4,4,0
c-04174,control,0,0.0,221.0,6,1
c-04175,control,0,0.0,114.1,1,1
c-04176,control,0,0.0,147.3,3,1
c-04177,control,1,42.52,161.4,1,0
c-04178,control,0,0.0,204.0,2,0
c-04179,control,0,0.0,225.7,2,0
c-04180,control,0,0.0,288.1,2,0
c-04181,control,0,0.0,161.4,1,0
c-04182,control,0,0.0,163.4,2,0
c-04183,control,0,0.0,203.5,1,0
c-04184,control,1,89.83,152.7,5,0
c-04185,control,0,0.0,174.4,2,0
c-04186,control,0,0.0,163.4,2,1
c-04187,control,0,0.0,75.1,4,1
c-04188,control,0,0.0,184.9,7,0
c-04189,control,0,0.0,172.7,5,1
c-04190,control,0,0.0,230.8,5,0
c-04191,control,0,0.0,180.2,0,1
c-04192,control,0,0.0,129.8,5,1
c-04193,control,0,0.0,169.7,2,0
c-04194,control,0,0.0,96.4,2,0
c-04195,control,0,0.0,131.6,2,1
c-04196,control,0,0.0,205.4,1,1
c-04197,control,0,0.0,170.1,4,0
c-04198,control,0,0.0,216.9,3,0
c-04199,control,0,0.0,101.3,1,0
c-04200,control,0,0.0,170.3,3,1
c-04201,control,0,0.0,161.0,2,0
c-04202,control,0,0.0,218.2,3,0
c-04203,control,0,0.0,206.9,5,0
c-04204,control,0,0.0,205.7,3,0
c-04205,control,0,0.0,241.7,4,0
c-04206,control,0,0.0,165.3,5,1
c-04207,control,0,0.0,233.4,3,1
c-04208,control,0,0.0,138.2,3,0
c-04209,control,0,0.0,136.8,4,1
c-04210,control,0,0.0,210.1,4,1
c-04211,control,0,0.0,119.8,4,1
c-04212,control,0,0.0,202.9,2,0
c-04213,control,0,0.0,184.1,0,0
c-04214,control,0,0.0,222.9,2,1
c-04215,control,0,0.0,177.6,2,1
c-04216,control,0,0.0,182.2,1,1
c-04217,control,0,0.0,200.4,0,0
c-04218,control,1,67.42,153.5,4,0
c-04219,control,0,0.0,151.8,2,0
c-04220,control,0,0.0,199.0,3,1
c-04221,control,0,0.0,178.8,5,1
c-04222,control,0,0.0,163.7,3,0
c-04223,control,0,0.0,176.7,8,0
c-04224,control,0,0.0,243.8,5,0
c-04225,control,0,0.0,162.3,3,0
c-04226,control,0,0.0,161.1,4,0
c-04227,control,0,0.0,111.7,5,0
c-04228,control,0,0.0,178.3,3,1
c-04229,control,0,0.0,206.3,4,0
c-04230,control,1,31.43,213.4,0,1
c-04231,control,0,0.0,184.3,2,1
c-04232,control,0,0.0,218.2,5,0
c-04233,control,0,0.0,209.2,2,1
c-04234,control,0,0.0,224.5,4,0
c-04235,control,0,0.0,219.4,5,0
c-04236,control,0,0.0,242.8,4,0
c-04237,control,0,0.0,173.2,6,0
c-04238,control,0,0.0,126.9,2,1
c-04239,control,0,0.0,206.5,3,1
c-04240,control,0,0.0,211.2,2,1
c-04241,control,0,0.0,242.8,3,0
c-04242,control,0,0.0,231.3,6,1
c-04243,control,0,0.0,257.8,5,1
c-04244,control,0,0.0,204.8,4,1
c-04245,control,0,0.0,189.2,4,1
c-04246,control,0,0.0,124.6,2,0
c-04247,control,0,0.0,192.3,4,0
c-04248,control,0,0.0,157.9,5,0
c-04249,control,0,0.0,188.5,1,0
c-04250,control,0,0.0,182.2,2,1
c-04251,control,0,0.0,198.9,1,1
c-04252,control,0,0.0,176.1,3,1
c-04253,control,0,0.0,217.4,2,0
c-04254,control,0,0.0,71.1,2,0
c-04255,control,0,0.0,187.6,3,0
c-04256,control,0,0.0,228.1,4,1
c-04257,control,0,0.0,254.8,4,1
c-04258,control,1,30.72,209.3,4,1
c-04259,control,0,0.0,247.4,4,1
c-04260,control,1,61.03,186.8,4,0
c-04261,control,0,0.0,180.1,2,0
c-04262,control,0,0.0,201.2,1,1
c-04263,control,0,0.0,179.9,7,0
c-04264,control,0,0.0,148.7,2,0
c-04265,control,0,0.0,159.4,6,0
c-04266,control,0,0.0,135.5,3,1
c-04267,control,0,0.0,201.1,9,1
c-04268,control,0,0.0,180.5,3,0
c-04269,control,0,0.0,165.6,4,0
c-04270,control,1,45.16,157.3,2,1
c-04271,control,0,0.0,200.2,3,0
c-04272,control,0,0.0,211.2,4,1
c-04273,control,0,0.0,134.8,4,1
c-04274,control,0,0.0,128.5,3,0
c-04275,control,0,0.0,218.2,2,0
c-04276,control,0,0.0,125.0,3,0
c-04277,control,0,0.0,201.9,1,0
c-04278,control,0,0.0,244.7,3,0
c-04279,control,0,0.0,244.8,4,0
c-04280,control,0,0.0,209.5,3,0
c-04281,control,0,0.0,208.4,3,1
c-04282,control,0,0.0,270.1,3,0
c-04283,control,0,0.0,86.6,6,0
c-04284,control,0,0.0,161.4,1,0
c-04285,control,0,0.0,213.9,0,1
c-04286,control,1,48.33,166.5,5,0
c-04287,control,0,0.0,229.6,1,0
c-04288,control,1,79.25,178.4,3,1
c-04289,control,0,0.0,185.3,1,1
c-04290,control,0,0.0,169.0,2,1
c-04291,control,0,0.0,159.1,2,1
c-04292,control,0,0.0,158.1,2,0
c-04293,control,0,0.0,190.8,1,0
c-04294,control,0,0.0,149.0,4,0
c-04295,control,0,0.0,218.1,4,1
c-04296,control,0,0.0,206.1,2,1
c-04297,control,0,0.0,224.0,1,1
c-04298,control,0,0.0,134.8,3,0
c-04299,control,0,0.0,112.0,1,1
c-04300,control,0,0.0,179.8,1,1
c-04301,control,0,0.0,296.0,2,0
c-04302,control,1,68.82,230.6,2,0
c-04303,control,0,0.0,157.8,6,0
c-04304,control,0,0.0,197.0,8,0
c-04305,control,0,0.0,209.1,2,1
c-04306,control,0,0.0,125.3,3,0
c-04307,control,0,0.0,234.8,2,1
c-04308,control,1,88.98,173.3,7,0
c-04309,control,0,0.0,176.4,2,0
c-04310,control,0,0.0,181.0,6,1
c-04311,control,0,0.0,225.8,0,1
c-04312,control,0,0.0,149.8,3,1
c-04313,control,0,0.0,111.7,1,1
c-04314,control,0,0.0,192.9,2,1
c-04315,control,0,0.0,98.3,3,0
c-04316,control,1,20.51,168.0,3,1
c-04317,control,0,0.0,227.5,4,0
c-04318,control,0,0.0,203.2,4,1
c-04319,control,0,0.0,221.7,1,1
c-04320,control,0,0.0,204.8,3,0
c-04321,control,0,0.0,276.4,2,0
c-04322,control,0,0.0,156.5,1,1
c-04323,control,0,0.0,195.9,3,0
c-04324,control,0,0.0,162.5,1,1
c-04325,control,0,0.0,218.3,5,1
c-04326,control,0,0.0,177.5,4,0
c-04327,control,0,0.0,248.8,3,0
c-04328,control,0,0.0,158.8,5,1
c-04329,control,1,54.82,236.3,4,0
c-04330,control,0,0.0,203.7,3,0
c-04331,control,1,66.86,178.7,3,1
c-04332,control,0,0.0,201.7,6,1
c-04333,control,0,0.0,190.5,1,1
c-04334,control,0,0.0,194.2,3,1
c-04335,control,0,0.0,171.7,2,0
c-04336,control,0,0.0,151.9,2,0
c-04337,control,0,0.0,166.6,1,0
c-04338,control,0,0.0,112.7,4,1
c-04339,control,0,0.0,213.7,1,0
c-04340,control,0,0.0,130.6,4,1
c-04341,control,0,0.0,171.3,3,0
c-04342,control,0,0.0,205.9,4,0
c-04343,control,0,0.0,213.6,2,1
c-04344,control,0,0.0,109.0,1,0
c-04345,control,1,24.61,176.3,1,0
c-04346,control,0,0.0,198.4,3,1
c-04347,control,0,0.0,182.1,3,1
c-04348,control,0,0.0,233.8,4,0
c-04349,control,0,0.0,147.1,1,0
c-04350,control,0,0.0,98.0,4,1
c-04351,control,0,0.0,212.4,2,0
c-04352,control,0,0.0,158.5,1,0
c-04353,control,0,0.0,109.7,3,0
c-04354,control,0,0.0,173.7,0,1
c-04355,control,0,0.0,229.2,4,0
c-04356,control,1,36.43,129.5,1,1
c-04357,control,0,0.0,273.4,3,0
c-04358,control,0,0.0,146.5,5,1
c-04359,control,0,0.0,183.5,2,0
c-04360,control,0,0.0,131.2,5,0
c-04361,control,0,0.0,181.7,1,1
c-04362,control,0,0.0,174.7,6,0
c-04363,control,1,33.51,120.4,0,1
c-04364,control,0,0.0,293.0,3,1
c-04365,control,0,0.0,160.2,5,0
c-04366,control,0,0.0,160.2,2,1
c-04367,control,0,0.0,218.8,3,1
c-04368,control,0,0.0,252.6,3,0
c-04369,control,0,0.0,225.1,7,0
c-04370,control,0,0.0,132.0,1,1
c-04371,control,0,0.0,188.6,4,0
c-04372,control,0,0.0,104.7,2,1
c-04373,control,0,0.0,216.1,2,0
c-04374,control,0,0.0,114.6,4,1
c-04375,control,0,0.0,147.9,1,0
c-04376,control,0,0.0,179.9,3,0
c-04377,control,0,0.0,197.8,1,1
c-04378,control,0,0.0,169.6,1,0
c-04379,control,0,0.0,240.8,6,0
c-04380,control,0,0.0,208.9,5,1
c-04381,control,0,0.0,205.8,1,0
c-04382,control,0,0.0,130.8,3,0
c-04383,control,0,0.0,248.0,2,1
c-04384,control,0,0.0,147.9,0,1
c-04385,control,1,49.39,249.5,4,0
c-04386,control,0,0.0,260.9,4,1
c-04387,control,0,0.0,200.5,1,1
c-04388,control,0,0.0,221.3,4,0
c-04389,control,0,0.0,56.7,4,1
c-04390,control,0,0.0,172.2,2,0
c-04391,control,0,0.0,224.1,3,1
c-04392,control,0,0.0,217.0,1,1
c-04393,control,0,0.0,131.2,7,0
c-04394,control,0,0.0,168.3,5,0
c-04395,control,0,0.0,78.5,1,0
c-04396,control,0,0.0,196.5,5,0
c-04397,control,0,0.0,104.7,1,1
c-04398,control,0,0.0,225.2,2,1
c-04399,control,0,0.0,227.3,4,1
c-04400,control,0,0.0,161.0,1,0
c-04401,control,0,0.0,200.9,0,0
c-04402,control,0,0.0,171.3,4,1
c-04403,control,0,0.0,189.7,4,0
c-04404,control,0,0.0,134.1,4,0
c-04405,control,0,0.0,204.9,4,0
c-04406,control,1,101.75,114.4,4,1
c-04407,control,0,0.0,106.8,3,1
c-04408,control,0,0.0,175.1,4,0
c-04409,control,0,0.0,171.6,4,1
c-04410,control,0,0.0,190.9,5,1
c-04411,control,0,0.0,154.0,6,1
c-04412,control,0,0.0,255.4,2,0
c-04413,control,0,0.0,186.4,2,0
c-04414,control,0,0.0,189.3,3,0
c-04415,control,0,0.0,187.9,2,1
c-04416,control,0,0.0,220.1,2,1
c-04417,control,0,0.0,203.0,4,0
c-04418,control,0,0.0,197.7,3,0
c-04419,control,0,0.0,209.4,4,0
c-04420,control,0,0.0,107.0,4,1
c-04421,control,0,0.0,108.5,1,0
c-04422,control,0,0.0,177.0,3,1
c-04423,control,0,0.0,172.1,1,1
c-04424,control,0,0.0,203.2,1,1
c-04425,control,0,0.0,180.8,4,0
c-04426,control,0,0.0,203.3,2,1
c-04427,control,0,0.0,130.2,3,1
c-04428,control,0,0.0,179.6,2,1
c-04429,control,0,0.0,126.4,3,0
c-04430,control,0,0.0,195.5,3,0
c-04431,control,1,121.53,104.9,5,0
c-04432,control,0,0.0,193.9,2,0
c-04433,control,0,0.0,121.2,5,1
c-04434,control,0,0.0,164.7,2,0
c-04435,control,0,0.0,215.8,2,1
c-04436,control,0,0.0,189.1,3,1
c-04437,control,0,0.0,114.2,1,0
c-04438,control,0,0.0,153.1,4,0
c-04439,control,0,0.0,119.9,3,0
c-04440,control,0,0.0,112.2,5,0
c-04441,control,0,0.0,184.7,2,1
c-04442,control,0,0.0,202.4,3,0
c-04443,control,1,33.91,197.6,2,0
c-04444,control,0,0.0,204.1,5,0
c-04445,control,0,0.0,179.5,3,1
c-04446,control,0,0.0,169.1,1,1
c-04447,control,0,0.0,137.1,8,1
c-04448,control,0,0.0,162.4,3,0
c-04449,control,0,0.0,127.1,5,0
c-04450,control,0,0.0,146.2,2,1
c-04451,control,1,61.99,183.6,4,0
c-04452,control,0,0.0,175.3,2,0
c-04453,control,0,0.0,302.6,4,1
c-04454,control,0,0.0,126.2,5,0
c-04455,control,0,0.0,175.0,4,0
c-04456,control,0,0.0,123.1,6,1
c-04457,control,0,0.0,164.5,3,0
c-04458,control,0,0.0,166.1,1,0
c-04459,control,0,0.0,213.8,3,0
c-04460,control,0,0.0,162.0,5,0
c-04461,control,0,0.0,172.3,5,0
c-04462,control,0,0.0,162.8,2,1
c-04463,control,1,62.89,124.0,3,1
c-04464,control,0,0.0,153.9,2,1
c-04465,control,0,0.0,164.7,3,1
c-04466,control,0,0.0,183.0,6,0
c-04467,control,0,0.0,202.4,1,0
c-04468,control,1,58.23,170.6,4,0
c-04469,control,0,0.0,169.9,3,0
c-04470,control,1,58.53,111.2,3,0
c-04471,control,0,0.0,201.6,0,0
c-04472,control,0,0.0,152.2,1,1
c-04473,control,0,0.0,209.9,7,0
c-04474,control,0,0.0,232.7,4,1
c-04475,control,0,0.0,172.5,2,0
c-04476,control,0,0.0,139.1,5,0
c-04477,control,0,0.0,179.3,4,1
c-04478,control,0,0.0,193.9,2,0
c-04479,control,1,56.07,167.4,2,0
c-04480,control,0,0.0,157.4,3,1
c-04481,control,0,0.0,202.5,3,1
c-04482,control,0,0.0,199.9,2,0
c-04483,control,0,0.0,166.1,3,0
c-04484,control,0,0.0,113.8,4,0
c-04485,control,0,0.0,198.3,2,0
c-04486,control,0,0.0,149.3,4,1
c-04487,control,0,0.0,188.6,4,0
c-04488,control,0,0.0,186.0,3,0
c-04489,control,0,0.0,104.4,0,1
c-04490,control,0,0.0,183.2,3,1
c-04491,control,0,0.0,200.6,1,0
c-04492,control,1,104.52,205.5,3,1
c-04493,control,0,0.0,184.7,3,1
c-04494,control,0,0.0,100.9,0,0
c-04495,control,0,0.0,231.1,1,0
c-04496,control,0,0.0,196.4,1,1
c-04497,control,0,0.0,131.9,4,0
c-04498,control,0,0.0,148.5,6,0
c-04499,control,0,0.0,189.2,6,0
c-04500,control,0,0.0,207.2,1,0
c-04501,control,0,0.0,160.5,2,0
c-04502,control,0,0.0,213.0,5,0
c-04503,control,0,0.0,108.3,2,0
c-04504,control,0,0.0,138.3,3,0
c-04505,control,0,0.0,97.4,2,0
c-04506,control,0,0.0,144.1,1,0
c-04507,control,0,0.0,240.3,1,1
c-04508,control,0,0.0,262.3,5,1
c-04509,control,0,0.0,189.4,4,0
c-04510,control,0,0.0,154.5,1,0
c-04511,control,0,0.0,171.1,1,0
c-04512,control,0,0.0,198.9,2,1
c-04513,control,0,0.0,117.5,2,0
c-04514,control,0,0.0,157.1,1,0
c-04515,control,0,0.0,237.4,3,1
c-04516,control,0,0.0,138.2,8,1
c-04517,control,0,0.0,150.0,5,1
c-04518,control,0,0.0,180.5,1,0
c-04519,control,0,0.0,191.3,3,1
c-04520,control,0,0.0,155.0,4,0
c-04521,control,0,0.0,183.1,2,1
c-04522,control,0,0.0,204.3,4,0
c-04523,control,0,0.0,258.5,1,1
c-04524,control,0,0.0,175.0,3,1
c-04525,control,0,0.0,178.3,3,1
c-04526,control,0,0.0,241.1,6,1
c-04527,control,0,0.0,158.0,1,0
c-04528,control,0,0.0,127.0,4,0
c-04529,control,0,0.0,190.0,5,0
c-04530,control,0,0.0,223.0,4,1
c-04531,control,0,0.0,194.4,1,0
c-04532,control,0,0.0,176.1,4,0
c-04533,control,0,0.0,122.1,3,0
c-04534,control,0,0.0,177.7,0,1
c-04535,control,0,0.0,229.3,5,0
c-04536,control,0,0.0,130.6,4,0
c-04537,control,0,0.0,170.2,0,0
c-04538,control,0,0.0,164.5,1,0
c-04539,control,0,0.0,152.1,1,0
c-04540,control,0,0.0,189.9,1,0
c-04541,control,0,0.0,197.7,0,1
c-04542,control,1,80.33,197.3,3,0
c-04543,control,0,0.0,140.9,2,1
c-04544,control,0,0.0,114.2,3,0
c-04545,control,0,0.0,190.5,1,0
c-04546,control,1,30.35,159.8,1,1
c-04547,control,0,0.0,253.5,4,1
c-04548,control,0,0.0,255.4,3,0
c-04549,control,0,0.0,259.6,0,0
c-04550,control,0,0.0,142.4,1,0
c-04551,control,0,0.0,202.8,2,1
c-04552,control,0,0.0,214.8,5,0
c-04553,control,0,0.0,210.3,1,0
c-04554,control,0,0.0,165.8,0,0
c-04555,control,0,0.0,231.2,2,0
c-04556,control,0,0.0,180.0,3,1
c-04557,control,0,0.0,185.1,6,0
c-04558,control,0,0.0,118.5,4,1
c-04559,control,0,0.0,205.8,2,0
c-04560,control,1,69.97,169.6,2,1
c-04561,control,0,0.0,198.6,5,1
c-04562,control,0,0.0,189.4,1,0
c-04563,control,0,0.0,187.2,4,0
c-04564,control,0,0.0,178.2,2,0
c-04565,control,0,0.0,211.5,6,1
c-04566,control,0,0.0,172.0,7,0
c-04567,control,0,0.0,121.8,6,1
c-04568,control,0,0.0,202.8,5,1
c-04569,control,0,0.0,147.6,4,0
c-04570,control,0,0.0,127.0,4,1
c-04571,control,0,0.0,139.1,3,1
c-04572,control,0,0.0,191.3,5,1
c-04573,control,0,0.0,176.1,5,0
c-04574,control,0,0.0,94.7,1,0
c-04575,control,0,0.0,164.7,4,0
c-04576,control,0,0.0,226.8,0,0
c-04577,control,0,0.0,161.9,2,0
c-04578,control,0,0.0,173.4,1,1
c-04579,control,0,0.0,221.7,2,0
c-04580,control,0,0.0,211.8,6,0
c-04581,control,0,0.0,220.9,2,0
c-04582,control,0,0.0,69.1,4,1
c-04583,control,1,73.08,249.3,0,0
c-04584,control,0,0.0,205.5,4,0
c-04585,control,0,0.0,278.5,4,0
c-04586,control,0,0.0,148.7,2,0
c-04587,control,1,56.36,109.5,1,0
c-04588,control,0,0.0,180.3,3,0
c-04589,control,0,0.0,169.0,4,0
c-04590,control,0,0.0,206.1,1,0
c-04591,control,0,0.0,223.0,4,0
c-04592,control,0,0.0,176.5,5,1
c-04593,control,0,0.0,170.4,3,0
c-04594,control,0,0.0,200.9,5,1
c-04595,control,1,81.38,169.7,5,0
c-04596,control,0,0.0,166.4,3,0
c-04597,control,0,0.0,221.5,6,1
c-04598,control,0,0.0,230.4,0,0
c-04599,control,0,0.0,223.4,4,0
c-04600,control,0,0.0,173.3,3,0
c-04601,control,1,53.23,94.4,7,1
c-04602,control,1,53.53,174.1,1,0
c-04603,control,0,0.0,149.7,4,0
c-04604,control,0,0.0,174.8,2,0
c-04605,control,0,0.0,153.2,2,0
c-04606,control,0,0.0,179.2,2,0
c-04607,control,0,0.0,138.4,1,1
c-04608,control,0,0.0,128.8,3,1
c-04609,control,1,51.65,228.9,0,1
c-04610,control,0,0.0,141.2,3,0
c-04611,control,0,0.0,180.0,6,0
c-04612,control,0,0.0,218.2,6,0
c-04613,control,0,0.0,216.6,4,0
c-04614,control,0,0.0,211.8,3,0
c-04615,control,0,0.0,192.1,5,0
c-04616,control,0,0.0,209.0,1,0
c-04617,control,0,0.0,234.9,5,1
c-04618,control,0,0.0,197.0,4,1
c-04619,control,0,0.0,106.5,1,1
c-04620,control,0,0.0,158.9,3,0
c-04621,control,1,19.72,207.9,2,1
c-04622,control,0,0.0,154.9,2,0
c-04623,control,0,0.0,244.8,3,0
c-04624,control,0,0.0,177.5,4,0
c-04625,control,0,0.0,183.4,4,0
c-04626,control,0,0.0,225.0,3,0
c-04627,control,0,0.0,172.7,8,1
c-04628,control,0,0.0,187.1,3,0
c-04629,control,0,0.0,216.0,3,1
c-04630,control,0,0.0,121.1,3,0
c-04631,control,0,0.0,168.6,4,1
c-04632,control,0,0.0,213.2,1,1
c-04633,control,0,0.0,182.6,3,0
c-04634,control,0,0.0,238.7,4,1
c-04635,control,0,0.0,117.0,0,1
c-04636,control,0,0.0,112.4,2,0
c-04637,control,0,0.0,210.8,2,1
c-04638,control,0,0.0,214.6,3,1
c-04639,control,0,0.0,172.3,3,0
c-04640,control,0,0.0,196.0,5,0
c-04641,control,0,0.0,209.8,3,0
c-04642,control,0,0.0,147.4,3,0
c-04643,control,0,0.0,151.7,4,1
c-04644,control,0,0.0,187.6,2,1
c-04645,control,1,47.17,216.2,0,1
c-04646,control,1,36.21,133.4,1,0
c-04647,control,0,0.0,172.1,4,0
c-04648,control,0,0.0,170.2,2,0
c-04649,control,0,0.0,196.7,2,0
c-04650,control,0,0.0,179.7,3,1
c-04651,control,0,0.0,158.2,8,0
c-04652,control,0,0.0,229.9,1,0
c-04653,control,0,0.0,158.4,1,0
c-04654,control,0,0.0,168.3,2,1
c-04655,control,0,0.0,116.3,3,0
c-04656,control,0,0.0,151.5,5,0
c-04657,control,0,0.0,200.6,4,0
c-04658,control,0,0.0,192.8,2,0
c-04659,control,0,0.0,204.0,9,1
c-04660,control,0,0.0,202.0,1,1
c-04661,control,1,28.68,263.5,8,1
c-04662,control,0,0.0,150.1,4,0
c-04663,control,0,0.0,115.2,4,1
c-04664,control,0,0.0,138.0,4,1
c-04665,control,0,0.0,151.9,4,1
c-04666,control,0,0.0,141.0,5,0
c-04667,control,0,0.0,183.7,4,1
c-04668,control,0,0.0,230.1,2,1
c-04669,control,0,0.0,241.6,4,0
c-04670,control,0,0.0,200.2,3,0
c-04671,control,0,0.0,265.7,4,0
c-04672,control,0,0.0,165.7,4,1
c-04673,control,0,0.0,114.7,5,0
c-04674,control,0,0.0,222.1,2,1
c-04675,control,0,0.0,106.5,4,1
c-04676,control,0,0.0,149.8,2,1
c-04677,control,0,0.0,200.8,8,0
c-04678,control,0,0.0,175.9,2,1
c-04679,control,0,0.0,172.4,3,0
c-04680,control,1,93.25,132.8,2,1
c-04681,control,0,0.0,179.6,4,0
c-04682,control,0,0.0,220.1,4,0
c-04683,control,0,0.0,180.8,2,0
c-04684,control,1,61.37,146.8,1,1
c-04685,control,0,0.0,130.1,2,1
c-04686,control,0,0.0,147.6,4,0
c-04687,control,0,0.0,195.7,4,0
c-04688,control,0,0.0,193.7,3,1
c-04689,control,0,0.0,148.0,3,0
c-04690,control,0,0.0,91.6,1,0
c-04691,control,0,0.0,196.8,3,1
c-04692,control,0,0.0,144.1,6,0
c-04693,control,0,0.0,207.6,2,0
c-04694,control,0,0.0,149.8,3,0
c-04695,control,0,0.0,140.5,5,0
c-04696,control,0,0.0,186.1,2,1
c-04697,control,0,0.0,274.3,7,0
c-04698,control,0,0.0,210.0,5,0
c-04699,control,0,0.0,185.4,5,0
c-04700,control,1,48.26,194.4,3,0
c-04701,control,0,0.0,110.0,5,0
c-04702,control,0,0.0,135.1,5,0
c-04703,control,0,0.0,79.6,1,1
c-04704,control,0,0.0,249.2,3,0
c-04705,control,0,0.0,241.1,0,1
c-04706,control,0,0.0,195.7,2,1
c-04707,control,0,0.0,185.4,2,0
c-04708,control,0,0.0,117.9,3,1
c-04709,control,0,0.0,171.2,2,1
c-04710,control,0,0.0,251.7,0,0
c-04711,control,0,0.0,185.3,3,0
c-04712,control,0,0.0,157.4,2,1
c-04713,control,1,37.93,109.7,4,0
c-04714,control,0,0.0,235.2,3,0
c-04715,control,0,0.0,177.2,2,1
c-04716,control,0,0.0,109.7,5,0
c-04717,control,0,0.0,143.0,3,0
c-04718,control,0,0.0,128.9,6,1
c-04719,control,0,0.0,174.7,2,0
c-04720,control,0,0.0,188.3,1,0
c-04721,control,0,0.0,159.9,7,0
c-04722,control,0,0.0,211.1,7,1
c-04723,control,0,0.0,183.2,2,0
c-04724,control,0,0.0,222.5,2,0
c-04725,control,0,0.0,165.7,1,1
c-04726,control,0,0.0,301.8,3,1
c-04727,control,0,0.0,157.4,1,0
c-04728,control,0,0.0,143.9,0,1
c-04729,control,0,0.0,138.9,0,0
c-04730,control,0,0.0,171.6,1,0
c-04731,control,1,55.88,111.2,4,0
c-04732,control,0,0.0,191.8,5,0
c-04733,control,0,0.0,103.8,7,1
c-04734,control,1,76.41,186.5,2,0
c-04735,control,0,0.0,125.9,3,1
c-04736,control,0,0.0,164.7,3,0
c-04737,control,0,0.0,204.2,4,0
c-04738,control,0,0.0,272.2,2,1
c-04739,control,0,0.0,136.9,2,1
c-04740,control,0,0.0,174.0,4,0
c-04741,control,0,0.0,151.0,4,0
c-04742,control,0,0.0,145.2,4,0
c-04743,control,0,0.0,151.4,3,1
c-04744,control,0,0.0,213.0,3,0
c-04745,control,0,0.0,160.5,2,0
c-04746,control,0,0.0,270.0,4,1
c-04747,control,0,0.0,196.6,2,1
c-04748,control,0,0.0,139.6,2,0
c-04749,control,0,0.0,165.3,3,1
c-04750,control,0,0.0,147.9,0,0
c-04751,control,0,0.0,212.0,3,1
c-04752,control,0,0.0,114.4,5,0
c-04753,control,0,0.0,126.4,2,1
c-04754,control,1,33.71,156.3,5,1
c-04755,control,0,0.0,207.3,3,1
c-04756,control,0,0.0,229.3,3,0
c-04757,control,1,48.8,235.2,3,1
c-04758,control,0,0.0,201.2,3,0
c-04759,control,1,72.29,176.7,5,0
c-04760,control,0,0.0,211.8,4,0
c-04761,control,0,0.0,134.2,4,1
c-04762,control,1,20.47,106.2,4,0
c-04763,control,0,0.0,197.5,3,1
c-04764,control,0,0.0,139.8,3,1
c-04765,control,0,0.0,177.4,3,1
c-04766,control,0,0.0,184.8,0,0
c-04767,control,0,0.0,189.9,1,1
c-04768,control,0,0.0,217.5,3,0
c-04769,control,0,0.0,213.3,5,1
c-04770,control,0,0.0,187.8,6,0
c-04771,control,0,0.0,162.3,6,1
c-04772,control,0,0.0,184.3,4,1
c-04773,control,0,0.0,156.2,1,0
c-04774,control,0,0.0,172.1,1,0
c-04775,control,0,0.0,284.7,2,0
c-04776,control,0,0.0,187.3,7,1
c-04777,control,0,0.0,198.0,5,1
c-04778,control,0,0.0,151.8,2,0
c-04779,control,0,0.0,220.8,1,1
c-04780,control,0,0.0,210.4,2,0
c-04781,control,1,47.66,210.7,3,1
c-04782,control,1,40.32,188.6,2,1
c-04783,control,0,0.0,221.4,3,0
c-04784,control,1,46.05,230.9,1,1
c-04785,control,0,0.0,191.3,4,0
c-04786,control,0,0.0,175.4,4,0
c-04787,control,0,0.0,215.8,3,1
c-04788,control,0,0.0,143.8,4,0
c-04789,control,0,0.0,151.3,2,0
c-04790,control,0,0.0,177.9,3,0
c-04791,control,0,0.0,110.3,0,1
c-04792,control,0,0.0,213.1,2,1
c-04793,control,1,39.03,141.5,0,1
c-04794,control,0,0.0,161.1,5,1
c-04795,control,0,0.0,171.5,2,1
c-04796,control,0,0.0,181.6,1,1
c-04797,control,0,0.0,166.3,4,1
c-04798,control,0,0.0,177.3,3,0
c-04799,control,0,0.0,177.6,2,1
c-04800,control,0,0.0,162.1,2,0
c-04801,control,0,0.0,149.1,0,0
c-04802,control,0,0.0,223.3,2,0
c-04803,control,0,0.0,95.8,3,0
c-04804,control,0,0.0,171.8,5,1
c-04805,control,0,0.0,161.2,6,0
c-04806,control,0,0.0,196.8,3,1
c-04807,control,0,0.0,121.8,1,0
c-04808,control,0,0.0,160.0,2,1
c-04809,control,0,0.0,175.9,4,0
c-04810,control,0,0.0,222.8,3,1
c-04811,control,0,0.0,193.3,3,0
c-04812,control,0,0.0,132.7,2,1
c-04813,control,1,52.04,160.5,8,1
c-04814,control,0,0.0,215.4,2,1
c-04815,control,0,0.0,132.0,5,1
c-04816,control,0,0.0,176.9,1,0
c-04817,control,0,0.0,179.6,3,0
c-04818,control,0,0.0,164.6,6,0
c-04819,control,0,0.0,287.8,3,0
c-04820,control,0,0.0,163.5,5,0
c-04821,control,0,0.0,198.0,2,1
c-04822,control,0,0.0,149.3,1,1
c-04823,control,0,0.0,201.1,0,1
c-04824,control,0,0.0,214.8,1,1
c-04825,control,0,0.0,156.5,2,0
c-04826,control,0,0.0,177.8,3,0
c-04827,control,0,0.0,144.2,3,1
c-04828,control,0,0.0,134.2,1,0
c-04829,control,1,116.24,221.5,2,0
c-04830,control,0,0.0,157.8,3,1
c-04831,control,0,0.0,83.5,4,0
c-04832,control,0,0.0,250.6,6,0
c-04833,control,0,0.0,147.9,6,0
c-04834,control,0,0.0,170.1,2,1
c-04835,control,0,0.0,245.6,1,0
c-04836,control,0,0.0,174.3,3,1
c-04837,control,0,0.0,173.5,4,0
c-04838,control,0,0.0,130.9,5,1
c-04839,control,0,0.0,114.6,4,1
c-04840,control,0,0.0,173.3,7,0
c-04841,control,0,0.0,194.5,4,1
c-04842,control,0,0.0,192.2,1,0
c-04843,control,0,0.0,160.7,3,0
c-04844,control,0,0.0,180.8,1,0
c-04845,control,0,0.0,106.5,3,0
c-04846,control,0,0.0,198.4,2,1
c-04847,control,0,0.0,186.5,0,1
c-04848,control,0,0.0,258.9,0,1
c-04849,control,0,0.0,180.3,5,0
c-04850,control,0,0.0,142.3,3,1
c-04851,control,0,0.0,178.0,1,1
c-04852,control,0,0.0,166.9,4,0
c-04853,control,0,0.0,197.4,1,1
c-04854,control,0,0.0,181.1,4,1
c-04855,control,1,42.28,129.6,6,1
c-04856,control,0,0.0,114.6,4,1
c-04857,control,0,0.0,190.5,4,0
c-04858,control,0,0.0,235.3,4,1
c-04859,control,0,0.0,183.2,3,1
c-04860,control,0,0.0,212.5,2,1
c-04861,control,0,0.0,220.5,7,0
c-04862,control,0,0.0,190.7,3,0
c-04863,control,0,0.0,147.4,3,0
c-04864,control,0,0.0,187.8,3,0
c-04865,control,0,0.0,228.3,0,1
c-04866,control,0,0.0,201.2,3,1
c-04867,control,0,0.0,209.9,4,1
c-04868,control,0,0.0,161.5,2,0
c-04869,control,0,0.0,171.9,0,1
c-04870,control,0,0.0,175.3,3,0
c-04871,control,0,0.0,177.9,4,0
c-04872,control,0,0.0,226.7,2,0
c-04873,control,0,0.0,86.1,3,1
c-04874,control,0,0.0,181.2,3,1
c-04875,control,0,0.0,176.8,4,1
c-04876,control,0,0.0,125.1,3,0
c-04877,control,0,0.0,206.9,0,0
c-04878,control,0,0.0,151.0,1,1
c-04879,control,0,0.0,165.7,2,1
c-04880,control,0,0.0,254.0,3,1
c-04881,control,0,0.0,220.4,3,0
c-04882,control,0,0.0,203.0,5,0
c-04883,control,0,0.0,195.2,1,1
c-04884,control,0,0.0,173.4,3,0
c-04885,control,0,0.0,260.0,4,0
c-04886,control,0,0.0,212.1,2,1
c-04887,control,0,0.0,150.0,4,1
c-04888,control,0,0.0,124.0,1,1
c-04889,control,1,55.77,202.7,3,0
c-04890,control,0,0.0,177.8,2,1
c-04891,control,0,0.0,122.8,7,0
c-04892,control,0,0.0,197.1,3,1
c-04893,control,0,0.0,169.2,5,0
c-04894,control,0,0.0,201.2,3,0
c-04895,control,0,0.0,197.7,3,0
c-04896,control,0,0.0,155.7,2,0
c-04897,control,0,0.0,205.3,0,0
c-04898,control,0,0.0,160.1,5,0
c-04899,control,0,0.0,162.7,3,1
c-04900,control,0,0.0,158.7,3,0
c-04901,control,0,0.0,225.2,2,0
c-04902,control,0,0.0,168.8,8,1
c-04903,control,0,0.0,234.9,1,1
c-04904,control,0,0.0,251.3,2,0
c-04905,control,0,0.0,150.5,2,0
c-04906,control,0,0.0,63.2,1,0
c-04907,control,0,0.0,221.8,2,0
c-04908,control,0,0.0,166.3,4,0
c-04909,control,0,0.0,145.4,1,1
c-04910,control,0,0.0,156.5,3,0
c-04911,control,0,0.0,163.4,1,0
c-04912,control,0,0.0,231.9,3,1
c-04913,control,1,120.02,186.4,1,0
c-04914,control,0,0.0,231.3,3,1
c-04915,control,0,0.0,199.8,1,0
c-04916,control,0,0.0,167.6,5,1
c-04917,control,0,0.0,164.4,3,0
c-04918,control,1,38.19,202.5,6,0
c-04919,control,0,0.0,212.8,5,0
c-04920,control,0,0.0,219.9,2,1
c-04921,control,0,0.0,169.5,5,0
c-04922,control,0,0.0,187.0,1,0
c-04923,control,0,0.0,203.4,2,1
c-04924,control,0,0.0,164.6,5,0
c-04925,control,0,0.0,134.6,1,0
c-04926,control,0,0.0,147.7,5,1
c-04927,control,0,0.0,170.4,0,0
c-04928,control,0,0.0,206.5,3,0
c-04929,control,0,0.0,230.4,3,1
c-04930,control,0,0.0,125.8,4,0
c-04931,control,0,0.0,156.1,5,1
c-04932,control,0,0.0,165.7,4,0
c-04933,control,0,0.0,211.8,3,0
c-04934,control,0,0.0,158.9,1,0
c-04935,control,0,0.0,162.8,7,1
c-04936,control,0,0.0,123.5,4,0
c-04937,control,0,0.0,199.3,4,0
c-04938,control,0,0.0,173.5,9,0
c-04939,control,0,0.0,153.8,1,0
c-04940,control,0,0.0,169.6,6,0
c-04941,control,0,0.0,225.1,5,1
c-04942,control,0,0.0,139.8,5,1
c-04943,control,1,110.68,146.3,2,0
c-04944,control,0,0.0,230.1,4,0
c-04945,control,0,0.0,183.0,7,0
c-04946,control,0,0.0,206.8,3,0
c-04947,control,0,0.0,196.1,2,0
c-04948,control,0,0.0,178.6,5,1
c-04949,control,0,0.0,166.1,2,0
c-04950,control,0,0.0,213.3,4,0
c-04951,control,0,0.0,226.5,1,1
c-04952,control,0,0.0,223.4,3,0
c-04953,control,1,49.03,132.6,3,1
c-04954,control,0,0.0,232.2,5,1
c-04955,control,0,0.0,165.7,4,0
c-04956,control,0,0.0,149.8,2,1
c-04957,control,0,0.0,173.2,2,0
c-04958,control,0,0.0,213.2,2,0
c-04959,control,0,0.0,201.6,3,1
c-04960,control,0,0.0,169.8,5,1
c-04961,control,0,0.0,213.5,3,0
c-04962,control,0,0.0,185.6,3,0
c-04963,control,0,0.0,157.1,2,1
c-04964,control,0,0.0,151.7,7,1
c-04965,control,0,0.0,196.4,4,0
c-04966,control,0,0.0,176.7,1,0
c-04967,control,0,0.0,125.0,4,1
c-04968,control,0,0.0,213.9,2,1
c-04969,control,0,0.0,160.8,2,0
c-04970,control,0,0.0,243.7,2,0
c-04971,control,0,0.0,123.9,6,0
c-04972,control,0,0.0,172.8,4,1
c-04973,control,0,0.0,152.0,2,1
c-04974,control,0,0.0,141.0,3,1
c-04975,control,0,0.0,160.5,1,1
c-04976,control,0,0.0,250.8,4,0
c-04977,control,0,0.0,185.7,2,1
c-04978,control,0,0.0,148.3,1,1
c-04979,control,1,109.06,106.9,5,1
c-04980,control,1,68.55,111.1,3,1
c-04981,control,0,0.0,158.5,1,1
c-04982,control,0,0.0,154.7,3,0
c-04983,control,0,0.0,171.0,1,0
c-04984,control,0,0.0,89.1,4,0
c-04985,control,0,0.0,176.3,3,0
c-04986,control,0,0.0,221.1,1,1
c-04987,control,0,0.0,244.9,2,0
c-04988,control,1,56.16,104.2,2,0
c-04989,control,0,0.0,147.9,1,0
c-04990,control,0,0.0,145.8,2,0
c-04991,control,0,0.0,185.8,4,0
c-04992,control,0,0.0,131.2,2,0
c-04993,control,0,0.0,247.3,1,0
c-04994,control,0,0.0,181.7,1,0
c-04995,control,0,0.0,175.1,3,1
c-04996,control,0,0.0,243.7,2,1
c-04997,control,0,0.0,179.4,4,0
c-04998,control,0,0.0,196.0,1,1
c-04999,control,0,0.0,150.0,3,0
t-00000,treatment,0,0.0,228.0,1,0
t-00001,treatment,1,58.39,92.5,1,1
t-00002,treatment,1,56.69,176.4,6,1
t-00003,treatment,0,0.0,185.9,5,0
t-00004,treatment,0,0.0,160.4,2,0
t-00005,treatment,0,0.0,178.6,3,0
t-00006,treatment,0,0.0,196.8,1,0
t-00007,treatment,0,0.0,156.5,1,0
t-00008,treatment,0,0.0,215.3,2,0
t-00009,treatment,1,43.07,203.3,1,0
t-00010,treatment,1,126.58,172.8,3,1
t-00011,treatment,0,0.0,146.9,1,0
t-00012,treatment,1,30.45,176.4,4,1
t-00013,treatment,0,0.0,264.4,9,1
t-00014,treatment,0,0.0,149.7,4,1
t-00015,treatment,0,0.0,241.2,5,0
t-00016,treatment,0,0.0,109.8,5,0
t-00017,treatment,0,0.0,145.6,4,0
t-00018,treatment,0,0.0,158.3,0,0
t-00019,treatment,0,0.0,218.0,4,0
t-00020,treatment,0,0.0,182.2,5,0
t-00021,treatment,0,0.0,232.4,1,1
t-00022,treatment,1,39.0,166.7,0,1
t-00023,treatment,0,0.0,177.8,3,0
t-00024,treatment,0,0.0,166.9,4,1
t-00025,treatment,0,0.0,261.1,2,0
t-00026,treatment,0,0.0,135.2,1,1
t-00027,treatment,1,78.58,159.7,5,0
t-00028,treatment,0,0.0,140.9,7,0
t-00029,treatment,0,0.0,202.9,2,0
t-00030,treatment,1,59.61,134.4,1,1
t-00031,treatment,0,0.0,252.9,1,0
t-00032,treatment,0,0.0,183.2,7,0
t-00033,treatment,0,0.0,196.5,3,0
t-00034,treatment,0,0.0,198.5,3,1
t-00035,treatment,0,0.0,179.2,1,0
t-00036,treatment,0,0.0,184.9,4,0
t-00037,treatment,0,0.0,183.4,3,0
t-00038,treatment,0,0.0,200.8,5,0
t-00039,treatment,0,0.0,147.1,2,0
t-00040,treatment,0,0.0,140.3,2,0
t-00041,treatment,0,0.0,212.8,1,0
t-00042,treatment,1,41.28,179.9,3,0
t-00043,treatment,0,0.0,99.7,4,1
t-00044,treatment,0,0.0,161.0,2,0
t-00045,treatment,0,0.0,241.2,4,0
t-00046,treatment,0,0.0,173.6,2,0
t-00047,treatment,0,0.0,158.8,2,1
t-00048,treatment,0,0.0,120.2,1,0
t-00049,treatment,0,0.0,157.3,3,0
t-00050,treatment,0,0.0,133.4,2,1
t-00051,treatment,1,41.82,197.2,5,0
t-00052,treatment,0,0.0,182.0,8,1
t-00053,treatment,0,0.0,165.5,4,0
t-00054,treatment,0,0.0,149.5,2,0
t-00055,treatment,1,46.95,241.1,2,1
t-00056,treatment,0,0.0,151.8,1,0
t-00057,treatment,0,0.0,151.9,5,0
t-00058,treatment,0,0.0,170.3,8,1
t-00059,treatment,1,56.03,175.9,8,1
t-00060,treatment,0,0.0,199.3,2,0
t-00061,treatment,0,0.0,217.2,3,1
t-00062,treatment,0,0.0,214.2,1,0
t-00063,treatment,1,107.68,277.2,1,0
t-00064,treatment,0,0.0,112.3,7,0
t-00065,treatment,0,0.0,189.2,6,1
t-00066,treatment,0,0.0,159.2,4,0
t-00067,treatment,1,70.27,260.4,0,1
t-00068,treatment,0,0.0,187.0,4,0
t-00069,treatment,0,0.0,98.8,1,0
t-00070,treatment,0,0.0,197.4,4,1
t-00071,treatment,0,0.0,190.7,2,0
t-00072,treatment,0,0.0,210.3,3,0
t-00073,treatment,0,0.0,151.1,5,0
t-00074,treatment,1,84.82,193.1,4,0
t-00075,treatment,0,0.0,169.2,2,0
t-00076,treatment,0,0.0,153.1,4,0
t-00077,treatment,1,44.02,193.7,3,0
t-00078,treatment,0,0.0,186.1,2,1
t-00079,treatment,0,0.0,222.0,2,0
t-00080,treatment,0,0.0,181.1,7,1
t-00081,treatment,0,0.0,204.2,3,0
t-00082,treatment,0,0.0,131.7,1,0
t-00083,treatment,0,0.0,235.8,6,0
t-00084,treatment,1,67.5,148.9,3,0
t-00085,treatment,0,0.0,216.1,3,0
t-00086,treatment,0,0.0,190.5,2,0
t-00087,treatment,0,0.0,185.5,3,1
t-00088,treatment,1,26.58,210.4,2,0
t-00089,treatment,0,0.0,94.4,1,1
t-00090,treatment,0,0.0,157.1,4,1
t-00091,treatment,0,0.0,209.8,1,0
t-00092,treatment,1,58.09,256.9,3,0
t-00093,treatment,0,0.0,179.0,0,1
t-00094,treatment,0,0.0,82.5,3,0
t-00095,treatment,1,56.43,167.3,6,0
t-00096,treatment,0,0.0,177.6,1,0
t-00097,treatment,0,0.0,224.4,0,1
t-00098,treatment,0,0.0,181.9,11,0
t-00099,treatment,0,0.0,128.9,3,0
t-00100,treatment,0,0.0,218.5,0,1
t-00101,treatment,0,0.0,202.7,2,1
t-00102,treatment,0,0.0,152.0,2,0
t-00103,treatment,1,121.47,208.8,2,1
t-00104,treatment,0,0.0,158.1,3,1
t-00105,treatment,0,0.0,168.1,4,0
t-00106,treatment,0,0.0,158.8,3,0
t-00107,treatment,0,0.0,167.6,4,1
t-00108,treatment,1,107.87,216.3,3,1
t-00109,treatment,0,0.0,108.6,4,0
t-00110,treatment,0,0.0,224.2,3,0
t-00111,treatment,0,0.0,187.1,5,0
t-00112,treatment,0,0.0,164.4,4,1
t-00113,treatment,0,0.0,180.8,1,1
t-00114,treatment,0,0.0,143.6,2,0
t-00115,treatment,1,47.64,114.7,2,1
t-00116,treatment,0,0.0,144.8,6,0
t-00117,treatment,0,0.0,104.2,3,0
t-00118,treatment,0,0.0,125.9,4,0
t-00119,treatment,0,0.0,115.1,0,1
t-00120,treatment,0,0.0,229.0,2,0
t-00121,treatment,0,0.0,128.6,3,1
t-00122,treatment,0,0.0,178.4,6,1
t-00123,treatment,0,0.0,224.7,0,1
t-00124,treatment,0,0.0,214.0,3,0
t-00125,treatment,0,0.0,168.2,4,0
t-00126,treatment,0,0.0,168.4,2,0
t-00127,treatment,0,0.0,187.2,3,0
t-00128,treatment,0,0.0,264.5,2,1
t-00129,treatment,0,0.0,196.5,4,0
t-00130,treatment,0,0.0,206.7,4,0
t-00131,treatment,0,0.0,270.7,2,0
t-00132,treatment,0,0.0,191.1,4,0
t-00133,treatment,1,37.05,225.9,3,0
t-00134,treatment,0,0.0,199.1,3,0
t-00135,treatment,0,0.0,198.5,3,0
t-00136,treatment,1,37.51,141.5,3,0
t-00137,treatment,0,0.0,134.8,3,1
t-00138,treatment,0,0.0,159.5,3,0
t-00139,treatment,0,0.0,215.3,9,1
t-00140,treatment,0,0.0,213.4,4,1
t-00141,treatment,0,0.0,233.3,4,0
t-00142,treatment,0,0.0,179.6,2,0
t-00143,treatment,0,0.0,201.5,3,0
t-00144,treatment,0,0.0,201.7,3,0
t-00145,treatment,1,46.87,175.7,1,1
t-00146,treatment,0,0.0,167.1,2,0
t-00147,treatment,0,0.0,120.6,5,1
t-00148,treatment,1,96.14,173.9,3,1
t-00149,treatment,0,0.0,175.8,4,0
t-00150,treatment,0,0.0,225.4,7,1
t-00151,treatment,0,0.0,229.3,4,0
t-00152,treatment,0,0.0,185.8,2,0
t-00153,treatment,0,0.0,262.5,4,1
t-00154,treatment,1,64.5,187.6,5,0
t-00155,treatment,0,0.0,221.3,0,1
t-00156,treatment,0,0.0,176.0,2,1
t-00157,treatment,1,67.57,134.4,2,0
t-00158,treatment,0,0.0,163.0,4,1
t-00159,treatment,0,0.0,239.0,0,1
t-00160,treatment,0,0.0,169.4,4,1
t-00161,treatment,0,0.0,161.3,0,1
t-00162,treatment,0,0.0,179.8,4,0
t-00163,treatment,0,0.0,164.4,2,1
t-00164,treatment,0,0.0,227.8,2,0
t-00165,treatment,0,0.0,255.4,1,0
t-00166,treatment,0,0.0,180.2,4,0
t-00167,treatment,1,77.1,201.6,4,1
t-00168,treatment,0,0.0,218.9,6,0
t-00169,treatment,1,34.21,184.3,3,0
t-00170,treatment,0,0.0,144.9,1,0
t-00171,treatment,0,0.0,163.6,5,0
t-00172,treatment,0,0.0,196.5,3,1
t-00173,treatment,0,0.0,195.8,5,0
t-00174,treatment,0,0.0,108.3,3,0
t-00175,treatment,0,0.0,162.5,3,1
t-00176,treatment,0,0.0,150.5,2,1
t-00177,treatment,1,38.9,215.3,3,1
t-00178,treatment,0,0.0,152.1,0,1
t-00179,treatment,0,0.0,161.6,6,0
t-00180,treatment,1,67.63,160.2,3,1
t-00181,treatment,0,0.0,211.7,4,1
t-00182,treatment,0,0.0,218.8,3,0
t-00183,treatment,0,0.0,199.7,3,0
t-00184,treatment,0,0.0,224.3,3,1
t-00185,treatment,0,0.0,229.4,3,0
t-00186,treatment,0,0.0,107.6,4,1
t-00187,treatment,0,0.0,203.7,4,1
t-00188,treatment,0,0.0,165.2,4,0
t-00189,treatment,0,0.0,129.7,3,0
t-00190,treatment,0,0.0,167.2,5,0
t-00191,treatment,0,0.0,209.2,1,0
t-00192,treatment,0,0.0,238.2,2,0
t-00193,treatment,0,0.0,126.2,1,0
t-00194,treatment,0,0.0,204.7,3,0
t-00195,treatment,1,37.69,258.6,0,0
t-00196,treatment,0,0.0,253.2,4,0
t-00197,treatment,0,0.0,41.9,6,1
t-00198,treatment,0,0.0,267.2,1,0
t-00199,treatment,0,0.0,218.4,4,1
t-00200,treatment,0,0.0,87.7,3,1
t-00201,treatment,1,26.93,149.4,4,0
t-00202,treatment,0,0.0,230.3,2,1
t-00203,treatment,0,0.0,194.4,7,0
t-00204,treatment,0,0.0,157.0,4,0
t-00205,treatment,0,0.0,182.7,1,0
t-00206,treatment,0,0.0,201.8,2,0
t-00207,treatment,0,0.0,156.8,3,0
t-00208,treatment,0,0.0,174.9,4,0
t-00209,treatment,1,32.88,215.9,3,1
t-00210,treatment,0,0.0,152.0,3,1
t-00211,treatment,0,0.0,125.7,3,0
t-00212,treatment,0,0.0,154.5,3,0
t-00213,treatment,0,0.0,144.4,1,0
t-00214,treatment,0,0.0,155.8,1,0
t-00215,treatment,0,0.0,110.9,2,0
t-00216,treatment,0,0.0,189.4,3,0
t-00217,treatment,0,0.0,214.7,6,0
t-00218,treatment,0,0.0,147.5,1,1
t-00219,treatment,0,0.0,153.9,1,0
t-00220,treatment,0,0.0,172.5,3,1
t-00221,treatment,0,0.0,143.5,0,0
t-00222,treatment,0,0.0,219.4,5,0
t-00223,treatment,1,86.01,144.5,4,0
t-00224,treatment,0,0.0,159.0,2,1
t-00225,treatment,0,0.0,149.5,0,1
t-00226,treatment,0,0.0,220.3,1,0
t-00227,treatment,0,0.0,170.8,5,0
t-00228,treatment,0,0.0,259.7,1,1
t-00229,treatment,0,0.0,194.2,4,0
t-00230,treatment,0,0.0,226.3,2,0
t-00231,treatment,1,45.23,167.0,2,0
t-00232,treatment,0,0.0,142.3,3,0
t-00233,treatment,0,0.0,178.7,3,0
t-00234,treatment,0,0.0,152.8,2,0
t-00235,treatment,0,0.0,100.1,2,1
t-00236,treatment,0,0.0,220.5,3,1
t-00237,treatment,0,0.0,181.3,3,0
t-00238,treatment,0,0.0,152.0,5,0
t-00239,treatment,0,0.0,195.1,4,0
t-00240,treatment,0,0.0,181.9,2,1
t-00241,treatment,0,0.0,236.4,4,1
t-00242,treatment,0,0.0,197.3,0,1
t-00243,treatment,0,0.0,173.7,3,0
t-00244,treatment,0,0.0,207.7,3,1
t-00245,treatment,0,0.0,178.6,1,1
t-00246,treatment,0,0.0,187.4,3,0
t-00247,treatment,0,0.0,229.0,0,1
t-00248,treatment,0,0.0,133.3,1,0
t-00249,treatment,0,0.0,145.5,8,1
t-00250,treatment,0,0.0,163.2,3,0
t-00251,treatment,0,0.0,169.1,1,0
t-00252,treatment,0,0.0,226.3,5,0
t-00253,treatment,0,0.0,123.4,0,0
t-00254,treatment,0,0.0,178.8,4,0
t-00255,treatment,0,0.0,158.0,2,0
t-00256,treatment,0,0.0,248.0,9,0
t-00257,treatment,0,0.0,215.4,3,0
t-00258,treatment,1,59.24,189.5,5,0
t-00259,treatment,0,0.0,218.8,1,1
t-00260,treatment,0,0.0,127.2,3,0
t-00261,treatment,0,0.0,261.1,2,0
t-00262,treatment,1,33.63,146.3,5,0
t-00263,treatment,0,0.0,230.3,3,0
t-00264,treatment,0,0.0,202.1,3,0
t-00265,treatment,0,0.0,190.6,4,1
t-00266,treatment,0,0.0,228.6,3,1
t-00267,treatment,1,63.48,219.9,0,0
t-00268,treatment,0,0.0,184.3,3,0
t-00269,treatment,0,0.0,163.1,2,0
t-00270,treatment,1,47.4,184.9,2,1
t-00271,treatment,0,0.0,175.9,4,1
t-00272,treatment,1,65.42,194.2,1,0
t-00273,treatment,0,0.0,220.8,3,1
t-00274,treatment,0,0.0,198.7,4,1
t-00275,treatment,0,0.0,187.4,4,0
t-00276,treatment,0,0.0,153.8,2,0
t-00277,treatment,0,0.0,193.0,2,0
t-00278,treatment,0,0.0,112.2,3,0
t-00279,treatment,0,0.0,148.1,3,1
t-00280,treatment,0,0.0,204.2,1,0
t-00281,treatment,0,0.0,215.4,1,0
t-00282,treatment,0,0.0,179.2,4,1
t-00283,treatment,0,0.0,188.0,1,0
t-00284,treatment,0,0.0,194.8,3,0
t-00285,treatment,0,0.0,207.3,0,1
t-00286,treatment,1,43.16,171.9,3,1
t-00287,treatment,1,67.15,140.7,2,1
t-00288,treatment,0,0.0,195.5,4,0
t-00289,treatment,0,0.0,258.3,6,1
t-00290,treatment,0,0.0,143.1,3,0
t-00291,treatment,0,0.0,174.9,5,0
t-00292,treatment,0,0.0,164.6,2,0
t-00293,treatment,1,42.22,276.5,3,0
t-00294,treatment,0,0.0,141.6,3,0
t-00295,treatment,0,0.0,173.6,3,0
t-00296,treatment,0,0.0,165.4,2,0
t-00297,treatment,1,51.62,129.8,3,0
t-00298,treatment,0,0.0,127.7,1,1
t-00299,treatment,0,0.0,202.7,5,1
t-00300,treatment,0,0.0,208.3,5,0
t-00301,treatment,0,0.0,157.6,4,1
t-00302,treatment,0,0.0,236.4,3,0
t-00303,treatment,0,0.0,90.0,2,0
t-00304,treatment,0,0.0,129.7,4,1
t-00305,treatment,0,0.0,147.0,0,0
t-00306,treatment,0,0.0,179.6,3,1
t-00307,treatment,0,0.0,162.0,1,1
t-00308,treatment,0,0.0,172.0,3,1
t-00309,treatment,0,0.0,199.4,2,1
t-00310,treatment,0,0.0,238.3,2,1
t-00311,treatment,0,0.0,212.1,8,0
t-00312,treatment,0,0.0,182.2,4,0
t-00313,treatment,0,0.0,176.8,1,0
t-00314,treatment,0,0.0,224.1,0,1
t-00315,treatment,0,0.0,255.4,1,0
t-00316,treatment,0,0.0,205.5,0,0
t-00317,treatment,0,0.0,160.4,4,0
t-00318,treatment,1,47.36,190.4,5,0
t-00319,treatment,0,0.0,203.2,3,1
t-00320,treatment,0,0.0,157.8,2,0
t-00321,treatment,0,0.0,214.6,2,0
t-00322,treatment,0,0.0,190.6,1,1
t-00323,treatment,0,0.0,226.6,3,0
t-00324,treatment,0,0.0,140.9,3,0
t-00325,treatment,0,0.0,110.3,2,1
t-00326,treatment,0,0.0,164.3,3,0
t-00327,treatment,0,0.0,180.9,1,1
t-00328,treatment,0,0.0,108.0,2,0
t-00329,treatment,0,0.0,155.7,4,1
t-00330,treatment,0,0.0,231.3,2,1
t-00331,treatment,0,0.0,201.3,3,1
t-00332,treatment,0,0.0,185.5,1,1
t-00333,treatment,0,0.0,137.8,3,0
t-00334,treatment,0,0.0,230.0,2,0
t-00335,treatment,0,0.0,163.3,3,0
t-00336,treatment,1,54.15,183.8,3,1
t-00337,treatment,0,0.0,196.3,2,1
t-00338,treatment,0,0.0,186.9,3,0
t-00339,treatment,0,0.0,239.7,3,1
t-00340,treatment,0,0.0,203.0,1,0
t-00341,treatment,0,0.0,193.5,4,0
t-00342,treatment,0,0.0,176.5,7,1
t-00343,treatment,0,0.0,197.3,3,1
t-00344,treatment,1,60.68,171.6,3,0
t-00345,treatment,0,0.0,187.6,5,1
t-00346,treatment,0,0.0,166.3,3,0
t-00347,treatment,0,0.0,160.0,3,0
t-00348,treatment,0,0.0,143.4,1,1
t-00349,treatment,0,0.0,169.2,3,0
t-00350,treatment,0,0.0,166.5,4,0
t-00351,treatment,0,0.0,253.2,2,0
t-00352,treatment,0,0.0,219.7,2,0
t-00353,treatment,0,0.0,174.6,3,0
t-00354,treatment,0,0.0,163.1,4,1
t-00355,treatment,0,0.0,204.6,2,1
t-00356,treatment,0,0.0,257.7,2,0
t-00357,treatment,0,0.0,211.9,1,1
t-00358,treatment,0,0.0,111.2,4,1
t-00359,treatment,0,0.0,214.5,4,0
t-00360,treatment,0,0.0,221.6,4,0
t-00361,treatment,0,0.0,268.0,2,0
t-00362,treatment,0,0.0,170.1,4,0
t-00363,treatment,0,0.0,185.5,7,0
t-00364,treatment,0,0.0,198.0,1,1
t-00365,treatment,0,0.0,149.4,3,0
t-00366,treatment,0,0.0,145.8,5,1
t-00367,treatment,0,0.0,196.0,3,0
t-00368,treatment,0,0.0,118.3,5,0
t-00369,treatment,0,0.0,127.3,1,1
t-00370,treatment,0,0.0,212.6,2,1
t-00371,treatment,0,0.0,199.9,1,0
t-00372,treatment,1,42.83,230.0,4,1
t-00373,treatment,0,0.0,198.5,3,1
t-00374,treatment,0,0.0,180.4,1,1
t-00375,treatment,0,0.0,231.6,3,1
t-00376,treatment,0,0.0,163.1,5,0
t-00377,treatment,0,0.0,166.7,2,0
t-00378,treatment,0,0.0,177.4,4,1
t-00379,treatment,0,0.0,198.0,2,1
t-00380,treatment,0,0.0,177.3,1,1
t-00381,treatment,0,0.0,120.6,1,0
t-00382,treatment,1,50.71,169.3,2,0
t-00383,treatment,0,0.0,178.7,1,1
t-00384,treatment,0,0.0,184.6,4,1
t-00385,treatment,1,58.2,162.0,4,0
t-00386,treatment,1,67.25,200.2,6,0
t-00387,treatment,1,51.72,115.6,5,1
t-00388,treatment,0,0.0,196.6,5,1
t-00389,treatment,1,35.9,251.7,3,0
t-00390,treatment,0,0.0,155.7,6,0
t-00391,treatment,1,55.64,182.3,2,0
t-00392,treatment,0,0.0,170.1,2,0
t-00393,treatment,0,0.0,170.8,4,1
t-00394,treatment,0,0.0,138.9,5,0
t-00395,treatment,0,0.0,259.7,4,0
t-00396,treatment,0,0.0,195.4,3,1
t-00397,treatment,1,72.36,153.2,5,1
t-00398,treatment,0,0.0,148.6,2,1
t-00399,treatment,0,0.0,182.5,1,0
t-00400,treatment,0,0.0,93.3,4,0
t-00401,treatment,0,0.0,222.1,2,0
t-00402,treatment,0,0.0,159.4,4,0
t-00403,treatment,0,0.0,195.6,2,0
t-00404,treatment,0,0.0,197.4,1,1
t-00405,treatment,0,0.0,218.6,3,1
t-00406,treatment,1,29.37,199.7,2,0
t-00407,treatment,0,0.0,209.7,1,0
t-00408,treatment,0,0.0,220.8,2,1
t-00409,treatment,0,0.0,166.8,3,1
t-00410,treatment,0,0.0,266.1,4,0
t-00411,treatment,1,29.53,194.1,3,1
t-00412,treatment,0,0.0,178.9,3,0
t-00413,treatment,0,0.0,146.4,5,0
t-00414,treatment,0,0.0,171.7,4,0
t-00415,treatment,0,0.0,196.1,3,0
t-00416,treatment,0,0.0,183.8,2,0
t-00417,treatment,0,0.0,253.1,4,1
t-00418,treatment,0,0.0,164.4,7,0
t-00419,treatment,0,0.0,207.2,5,0
t-00420,treatment,0,0.0,135.0,5,0
t-00421,treatment,1,39.73,267.3,3,1
t-00422,treatment,1,49.08,132.3,3,1
t-00423,treatment,0,0.0,263.0,2,0
t-00424,treatment,0,0.0,174.6,3,0
t-00425,treatment,1,19.91,90.6,5,1
t-00426,treatment,0,0.0,234.1,2,1
t-00427,treatment,0,0.0,183.3,0,0
t-00428,treatment,0,0.0,161.9,4,0
t-00429,treatment,0,0.0,205.7,3,0
t-00430,treatment,0,0.0,206.6,3,0
t-00431,treatment,0,0.0,196.6,2,0
t-00432,treatment,0,0.0,225.4,2,0
t-00433,treatment,0,0.0,190.1,2,0
t-00434,treatment,0,0.0,206.0,3,1
t-00435,treatment,0,0.0,159.1,4,0
t-00436,treatment,1,69.29,210.6,4,1
t-00437,treatment,0,0.0,159.3,5,1
t-00438,treatment,0,0.0,135.0,8,1
t-00439,treatment,0,0.0,171.7,0,1
t-00440,treatment,0,0.0,169.0,5,1
t-00441,treatment,0,0.0,217.1,3,1
t-00442,treatment,0,0.0,121.9,2,0
t-00443,treatment,0,0.0,223.7,5,1
t-00444,treatment,0,0.0,155.1,7,1
t-00445,treatment,0,0.0,81.4,4,0
t-00446,treatment,0,0.0,131.7,1,0
t-00447,treatment,0,0.0,167.7,2,1
t-00448,treatment,1,49.3,197.8,2,0
t-00449,treatment,0,0.0,174.7,5,1
t-00450,treatment,0,0.0,131.6,2,1
t-00451,treatment,0,0.0,148.9,4,0
t-00452,treatment,0,0.0,132.3,3,0
t-00453,treatment,0,0.0,190.4,0,1
t-00454,treatment,0,0.0,176.4,4,0
t-00455,treatment,1,18.58,204.6,2,0
t-00456,treatment,1,32.43,109.2,5,1
t-00457,treatment,1,46.75,158.6,3,0
t-00458,treatment,0,0.0,261.2,1,0
t-00459,treatment,0,0.0,205.6,4,1
t-00460,treatment,0,0.0,168.2,3,1
t-00461,treatment,0,0.0,140.5,6,1
t-00462,treatment,0,0.0,224.3,8,0
t-00463,treatment,0,0.0,241.3,1,0
t-00464,treatment,0,0.0,134.1,2,0
t-00465,treatment,0,0.0,137.8,3,1
t-00466,treatment,0,0.0,191.2,1,1
t-00467,treatment,0,0.0,194.9,4,1
t-00468,treatment,0,0.0,199.3,1,1
t-00469,treatment,0,0.0,253.7,3,0
t-00470,treatment,0,0.0,141.1,3,0
t-00471,treatment,1,24.1,181.6,7,1
t-00472,treatment,0,0.0,208.8,3,1
t-00473,treatment,1,82.82,208.4,1,1
t-00474,treatment,0,0.0,154.1,8,1
t-00475,treatment,1,58.21,155.7,4,1
t-00476,treatment,0,0.0,161.6,2,1
t-00477,treatment,0,0.0,248.1,5,1
t-00478,treatment,0,0.0,140.9,3,0
t-00479,treatment,0,0.0,167.0,1,1
t-00480,treatment,0,0.0,211.0,4,0
t-00481,treatment,0,0.0,136.4,2,0
t-00482,treatment,1,72.62,190.3,2,0
t-00483,treatment,0,0.0,104.0,3,1
t-00484,treatment,0,0.0,187.7,1,1
t-00485,treatment,0,0.0,182.1,10,0
t-00486,treatment,0,0.0,186.5,2,0
t-00487,treatment,0,0.0,145.2,3,1
t-00488,treatment,0,0.0,189.1,5,1
t-00489,treatment,0,0.0,178.4,2,0
t-00490,treatment,0,0.0,232.0,2,0
t-00491,treatment,0,0.0,205.5,1,0
t-00492,treatment,0,0.0,122.0,3,1
t-00493,treatment,0,0.0,146.7,1,0
t-00494,treatment,1,33.68,155.3,3,1
t-00495,treatment,0,0.0,187.2,5,0
t-00496,treatment,0,0.0,173.2,2,0
t-00497,treatment,1,64.4,173.1,5,0
t-00498,treatment,0,0.0,292.7,2,0
t-00499,treatment,0,0.0,159.5,3,0
t-00500,treatment,1,39.75,235.6,4,1
t-00501,treatment,0,0.0,174.1,0,0
t-00502,treatment,0,0.0,92.9,5,0
t-00503,treatment,0,0.0,187.7,2,0
t-00504,treatment,0,0.0,224.8,7,0
t-00505,treatment,0,0.0,205.3,4,0
t-00506,treatment,0,0.0,190.2,1,1
t-00507,treatment,0,0.0,180.9,1,0
t-00508,treatment,0,0.0,160.2,2,0
t-00509,treatment,0,0.0,215.8,3,1
t-00510,treatment,0,0.0,162.6,6,1
t-00511,treatment,0,0.0,154.4,5,0
t-00512,treatment,0,0.0,196.4,4,0
t-00513,treatment,0,0.0,168.0,5,0
t-00514,treatment,0,0.0,231.2,2,1
t-00515,treatment,0,0.0,198.7,3,1
t-00516,treatment,0,0.0,148.9,4,1
t-00517,treatment,1,49.08,134.2,6,0
t-00518,treatment,0,0.0,157.1,4,1
t-00519,treatment,0,0.0,273.5,4,0
t-00520,treatment,1,62.73,170.5,6,1
t-00521,treatment,0,0.0,210.3,4,0
t-00522,treatment,0,0.0,127.8,2,0
t-00523,treatment,0,0.0,136.7,2,0
t-00524,treatment,0,0.0,172.5,5,0
t-00525,treatment,0,0.0,248.0,4,1
t-00526,treatment,0,0.0,128.4,3,0
t-00527,treatment,0,0.0,154.8,2,0
t-00528,treatment,0,0.0,216.1,2,0
t-00529,treatment,0,0.0,243.7,2,0
t-00530,treatment,0,0.0,197.5,2,1
t-00531,treatment,0,0.0,207.0,1,0
t-00532,treatment,1,51.86,144.1,5,1
t-00533,treatment,0,0.0,127.1,3,0
t-00534,treatment,0,0.0,134.2,3,0
t-00535,treatment,0,0.0,145.1,5,1
t-00536,treatment,0,0.0,189.0,2,1
t-00537,treatment,1,77.0,131.2,3,1
t-00538,treatment,0,0.0,190.0,4,1
t-00539,treatment,0,0.0,167.4,1,0
t-00540,treatment,0,0.0,157.5,4,1
t-00541,treatment,0,0.0,215.4,2,0
t-00542,treatment,0,0.0,141.6,3,0
t-00543,treatment,0,0.0,237.4,4,1
t-00544,treatment,0,0.0,213.2,2,1
t-00545,treatment,0,0.0,140.4,4,1
t-00546,treatment,0,0.0,228.1,3,0
t-00547,treatment,0,0.0,135.7,1,1
t-00548,treatment,0,0.0,231.7,4,1
t-00549,treatment,0,0.0,193.3,3,0
t-00550,treatment,0,0.0,116.8,3,0
t-00551,treatment,0,0.0,128.2,7,0
t-00552,treatment,0,0.0,163.8,2,0
t-00553,treatment,0,0.0,214.7,2,0
t-00554,treatment,0,0.0,173.2,4,1
t-00555,treatment,0,0.0,172.2,1,0
t-00556,treatment,1,56.97,181.6,0,1
t-00557,treatment,0,0.0,100.2,7,0
t-00558,treatment,0,0.0,213.0,5,0
t-00559,treatment,0,0.0,233.6,1,1
t-00560,treatment,0,0.0,211.6,5,1
t-00561,treatment,0,0.0,163.1,3,0
t-00562,treatment,1,43.45,144.6,4,1
t-00563,treatment,0,0.0,136.7,2,1
t-00564,treatment,0,0.0,134.7,3,0
t-00565,treatment,0,0.0,270.6,4,0
t-00566,treatment,0,0.0,176.8,3,0
t-00567,treatment,0,0.0,216.2,7,0
t-00568,treatment,0,0.0,214.0,3,0
t-00569,treatment,0,0.0,185.7,4,0
t-00570,treatment,0,0.0,142.7,0,0
t-00571,treatment,0,0.0,200.7,5,1
t-00572,treatment,0,0.0,136.7,2,0
t-00573,treatment,1,78.2,204.1,4,0
t-00574,treatment,0,0.0,138.5,2,1
t-00575,treatment,0,0.0,162.6,2,1
t-00576,treatment,0,0.0,162.5,3,0
t-00577,treatment,0,0.0,236.0,1,0
t-00578,treatment,0,0.0,82.6,3,0
t-00579,treatment,0,0.0,273.2,2,1
t-00580,treatment,0,0.0,147.8,6,1
t-00581,treatment,0,0.0,175.1,4,1
t-00582,treatment,0,0.0,196.5,4,1
t-00583,treatment,0,0.0,193.1,5,0
t-00584,treatment,0,0.0,213.7,0,0
t-00585,treatment,0,0.0,204.4,4,1
t-00586,treatment,1,85.98,261.5,2,0
t-00587,treatment,1,55.67,209.3,3,0
t-00588,treatment,0,0.0,175.3,4,1
t-00589,treatment,0,0.0,157.9,1,0
t-00590,treatment,0,0.0,156.8,1,0
t-00591,treatment,0,0.0,231.7,2,0
t-00592,treatment,0,0.0,250.2,2,0
t-00593,treatment,1,97.64,220.2,4,0
t-00594,treatment,0,0.0,53.4,4,0
t-00595,treatment,0,0.0,90.1,3,0
t-00596,treatment,0,0.0,179.7,0,1
t-00597,treatment,0,0.0,173.3,3,0
t-00598,treatment,0,0.0,180.8,7,0
t-00599,treatment,0,0.0,230.1,1,1
t-00600,treatment,0,0.0,228.1,1,0
t-00601,treatment,0,0.0,187.0,3,0
t-00602,treatment,1,48.14,119.0,0,1
t-00603,treatment,0,0.0,130.8,1,0
t-00604,treatment,0,0.0,182.7,0,0
t-00605,treatment,0,0.0,196.7,4,0
t-00606,treatment,0,0.0,131.3,5,0
t-00607,treatment,0,0.0,206.4,3,1
t-00608,treatment,0,0.0,109.9,7,0
t-00609,treatment,0,0.0,73.5,0,0
t-00610,treatment,0,0.0,145.0,3,0
t-00611,treatment,0,0.0,234.9,1,0
t-00612,treatment,0,0.0,240.9,4,1
t-00613,treatment,1,50.52,116.2,3,0
t-00614,treatment,0,0.0,119.3,0,0
t-00615,treatment,0,0.0,210.4,1,1
t-00616,treatment,0,0.0,162.4,5,0
t-00617,treatment,0,0.0,234.7,2,1
t-00618,treatment,0,0.0,209.8,1,1
t-00619,treatment,0,0.0,216.7,4,0
t-00620,treatment,0,0.0,147.1,3,0
t-00621,treatment,0,0.0,197.8,4,0
t-00622,treatment,0,0.0,260.7,2,0
t-00623,treatment,0,0.0,185.7,1,0
t-00624,treatment,0,0.0,178.2,1,0
t-00625,treatment,0,0.0,162.6,2,1
t-00626,treatment,0,0.0,115.9,1,1
t-00627,treatment,0,0.0,136.0,3,0
t-00628,treatment,0,0.0,144.3,5,0
t-00629,treatment,0,0.0,114.2,6,0
t-00630,treatment,0,0.0,118.3,0,1
t-00631,treatment,0,0.0,82.1,2,0
t-00632,treatment,0,0.0,148.7,1,1
t-00633,treatment,1,53.62,207.0,3,0
t-00634,treatment,0,0.0,167.3,2,1
t-00635,treatment,0,0.0,167.5,2,0
t-00636,treatment,1,50.48,210.7,4,0
t-00637,treatment,0,0.0,247.6,4,0
t-00638,treatment,0,0.0,270.9,2,1
t-00639,treatment,0,0.0,185.8,1,0
t-00640,treatment,0,0.0,168.7,5,0
t-00641,treatment,0,0.0,163.5,4,0
t-00642,treatment,0,0.0,203.6,6,1
t-00643,treatment,1,46.54,173.7,5,0
t-00644,treatment,1,38.8,173.9,4,0
t-00645,treatment,0,0.0,176.5,1,0
t-00646,treatment,1,34.21,142.3,5,0
t-00647,treatment,0,0.0,86.7,2,1
t-00648,treatment,1,56.25,153.2,0,0
t-00649,treatment,0,0.0,238.3,0,0
t-00650,treatment,0,0.0,236.4,7,1
t-00651,treatment,0,0.0,217.6,6,1
t-00652,treatment,0,0.0,160.3,4,1
t-00653,treatment,0,0.0,148.4,2,0
t-00654,treatment,0,0.0,245.0,3,1
t-00655,treatment,0,0.0,136.7,4,1
t-00656,treatment,1,91.77,181.6,6,0
t-00657,treatment,0,0.0,247.6,2,0
t-00658,treatment,0,0.0,185.0,1,0
t-00659,treatment,1,77.2,168.3,3,1
t-00660,treatment,0,0.0,226.4,4,1
t-00661,treatment,0,0.0,182.9,4,1
t-00662,treatment,0,0.0,187.8,3,1
t-00663,treatment,0,0.0,240.6,3,0
t-00664,treatment,0,0.0,78.2,2,0
t-00665,treatment,0,0.0,194.4,1,0
t-00666,treatment,0,0.0,149.3,2,1
t-00667,treatment,0,0.0,171.7,6,1
t-00668,treatment,0,0.0,184.5,2,0
t-00669,treatment,0,0.0,153.0,1,1
t-00670,treatment,0,0.0,189.1,2,0
t-00671,treatment,0,0.0,195.4,2,0
t-00672,treatment,0,0.0,188.1,4,0
t-00673,treatment,0,0.0,184.5,3,0
t-00674,treatment,0,0.0,175.3,2,1
t-00675,treatment,0,0.0,176.1,2,0
t-00676,treatment,0,0.0,183.2,3,1
t-00677,treatment,0,0.0,142.3,2,0
t-00678,treatment,0,0.0,230.8,5,0
t-00679,treatment,0,0.0,176.4,1,1
t-00680,treatment,0,0.0,163.9,4,1
t-00681,treatment,0,0.0,195.8,2,1
t-00682,treatment,0,0.0,175.4,1,0
t-00683,treatment,0,0.0,229.7,5,0
t-00684,treatment,1,63.73,215.8,1,0
t-00685,treatment,1,93.89,183.7,4,0
t-00686,treatment,0,0.0,217.6,3,0
t-00687,treatment,0,0.0,189.4,7,0
t-00688,treatment,0,0.0,133.8,2,0
t-00689,treatment,0,0.0,215.6,3,0
t-00690,treatment,0,0.0,104.0,3,0
t-00691,treatment,0,0.0,39.3,2,0
t-00692,treatment,0,0.0,207.9,3,0
t-00693,treatment,0,0.0,197.7,4,1
t-00694,treatment,1,53.98,195.1,3,0
t-00695,treatment,0,0.0,235.6,2,0
t-00696,treatment,0,0.0,179.0,1,0
t-00697,treatment,0,0.0,164.9,4,0
t-00698,treatment,1,34.3,211.9,1,1
t-00699,treatment,1,45.73,151.4,3,1
t-00700,treatment,0,0.0,170.5,5,0
t-00701,treatment,0,0.0,190.1,4,0
t-00702,treatment,0,0.0,193.3,5,1
t-00703,treatment,0,0.0,166.7,5,0
t-00704,treatment,0,0.0,160.4,4,0
t-00705,treatment,0,0.0,135.2,10,0
t-00706,treatment,0,0.0,148.5,3,0
t-00707,treatment,0,0.0,252.8,3,1
t-00708,treatment,0,0.0,169.4,3,0
t-00709,treatment,1,52.08,187.6,2,0
t-00710,treatment,1,42.5,120.3,2,0
t-00711,treatment,0,0.0,282.5,4,0
t-00712,treatment,0,0.0,145.5,1,1
t-00713,treatment,0,0.0,133.0,2,0
t-00714,treatment,1,70.42,177.6,3,0
t-00715,treatment,0,0.0,144.3,3,1
t-00716,treatment,0,0.0,194.6,3,1
t-00717,treatment,0,0.0,119.5,5,0
t-00718,treatment,0,0.0,225.5,5,0
t-00719,treatment,0,0.0,217.6,3,0
t-00720,treatment,0,0.0,175.3,5,0
t-00721,treatment,0,0.0,113.8,8,0
t-00722,treatment,0,0.0,147.5,1,0
t-00723,treatment,0,0.0,182.5,5,1
t-00724,treatment,0,0.0,131.6,2,1
t-00725,treatment,0,0.0,138.1,1,0
t-00726,treatment,0,0.0,222.0,7,0
t-00727,treatment,0,0.0,186.2,2,0
t-00728,treatment,0,0.0,184.9,0,1
t-00729,treatment,0,0.0,201.1,3,0
t-00730,treatment,1,81.53,173.4,3,1
t-00731,treatment,0,0.0,177.6,2,0
t-00732,treatment,0,0.0,198.2,4,1
t-00733,treatment,0,0.0,212.4,3,0
t-00734,treatment,0,0.0,199.9,5,0
t-00735,treatment,0,0.0,238.4,1,0
t-00736,treatment,0,0.0,181.0,2,0
t-00737,treatment,0,0.0,126.1,4,0
t-00738,treatment,0,0.0,223.5,5,1
t-00739,treatment,0,0.0,170.2,4,1
t-00740,treatment,0,0.0,149.3,2,0
t-00741,treatment,0,0.0,208.5,2,1
t-00742,treatment,0,0.0,194.8,2,1
t-00743,treatment,0,0.0,128.9,9,0
t-00744,treatment,0,0.0,206.8,3,0
t-00745,treatment,1,24.55,255.0,4,0
t-00746,treatment,0,0.0,192.9,6,1
t-00747,treatment,0,0.0,169.8,1,0
t-00748,treatment,0,0.0,113.2,5,0
t-00749,treatment,0,0.0,262.0,4,0
t-00750,treatment,0,0.0,159.3,6,1
t-00751,treatment,1,50.13,123.7,2,0
t-00752,treatment,0,0.0,184.4,2,1
t-00753,treatment,0,0.0,220.3,3,1
t-00754,treatment,0,0.0,229.4,3,0
t-00755,treatment,0,0.0,153.1,4,1
t-00756,treatment,0,0.0,176.1,5,1
t-00757,treatment,0,0.0,180.0,4,0
t-00758,treatment,0,0.0,219.1,4,0
t-00759,treatment,0,0.0,203.7,2,0
t-00760,treatment,0,0.0,190.8,4,0
t-00761,treatment,0,0.0,216.6,5,1
t-00762,treatment,0,0.0,125.5,6,0
t-00763,treatment,0,0.0,196.8,4,0
t-00764,treatment,0,0.0,188.9,1,0
t-00765,treatment,0,0.0,178.0,5,1
t-00766,treatment,0,0.0,170.0,0,1
t-00767,treatment,1,14.49,185.4,3,0
t-00768,treatment,0,0.0,157.2,4,0
t-00769,treatment,0,0.0,289.1,2,1
t-00770,treatment,0,0.0,234.4,3,0
t-00771,treatment,0,0.0,223.7,6,0
t-00772,treatment,0,0.0,158.8,1,0
t-00773,treatment,0,0.0,141.7,7,1
t-00774,treatment,0,0.0,171.5,0,1
t-00775,treatment,0,0.0,184.6,3,0
t-00776,treatment,1,51.36,122.1,1,1
t-00777,treatment,0,0.0,199.2,5,1
t-00778,treatment,0,0.0,223.3,8,1
t-00779,treatment,0,0.0,90.6,6,0
t-00780,treatment,0,0.0,144.0,4,1
t-00781,treatment,0,0.0,229.1,4,1
t-00782,treatment,0,0.0,195.0,6,0
t-00783,treatment,0,0.0,145.3,3,0
t-00784,treatment,0,0.0,209.4,3,1
t-00785,treatment,0,0.0,156.2,2,0
t-00786,treatment,0,0.0,170.6,4,0
t-00787,treatment,0,0.0,134.4,1,0
t-00788,treatment,0,0.0,180.7,2,0
t-00789,treatment,0,0.0,220.7,4,0
t-00790,treatment,0,0.0,160.9,2,0
t-00791,treatment,0,0.0,205.8,2,1
t-00792,treatment,0,0.0,178.0,2,0
t-00793,treatment,0,0.0,223.2,1,1
t-00794,treatment,0,0.0,161.5,8,1
t-00795,treatment,0,0.0,242.2,1,0
t-00796,treatment,0,0.0,207.3,5,1
t-00797,treatment,0,0.0,189.8,2,1
t-00798,treatment,0,0.0,191.2,3,0
t-00799,treatment,0,0.0,161.4,4,0
t-00800,treatment,0,0.0,158.8,2,1
t-00801,treatment,0,0.0,190.5,4,0
t-00802,treatment,0,0.0,132.1,4,0
t-00803,treatment,0,0.0,155.9,2,0
t-00804,treatment,0,0.0,142.5,2,0
t-00805,treatment,0,0.0,202.9,2,0
t-00806,treatment,0,0.0,203.5,5,1
t-00807,treatment,0,0.0,230.7,5,0
t-00808,treatment,0,0.0,166.6,3,1
t-00809,treatment,0,0.0,147.7,4,0
t-00810,treatment,0,0.0,121.2,0,1
t-00811,treatment,0,0.0,190.8,5,1
t-00812,treatment,0,0.0,235.9,5,0
t-00813,treatment,0,0.0,177.0,3,0
t-00814,treatment,0,0.0,181.1,1,1
t-00815,treatment,0,0.0,179.8,2,1
t-00816,treatment,0,0.0,190.2,3,0
t-00817,treatment,0,0.0,219.9,3,1
t-00818,treatment,0,0.0,256.8,3,0
t-00819,treatment,0,0.0,199.9,4,1
t-00820,treatment,0,0.0,202.6,3,1
t-00821,treatment,0,0.0,170.4,8,1
t-00822,treatment,1,51.1,175.7,2,0
t-00823,treatment,0,0.0,175.1,3,0
t-00824,treatment,1,119.02,165.4,3,0
t-00825,treatment,0,0.0,185.1,0,0
t-00826,treatment,0,0.0,205.0,2,0
t-00827,treatment,0,0.0,182.5,4,0
t-00828,treatment,0,0.0,168.8,0,0
t-00829,treatment,0,0.0,185.0,4,0
t-00830,treatment,0,0.0,141.6,3,0
t-00831,treatment,0,0.0,212.1,1,0
t-00832,treatment,0,0.0,163.5,2,0
t-00833,treatment,1,103.99,133.8,2,1
t-00834,treatment,1,81.41,198.5,3,1
t-00835,treatment,0,0.0,200.5,4,0
t-00836,treatment,0,0.0,145.6,0,0
t-00837,treatment,0,0.0,204.9,3,1
t-00838,treatment,0,0.0,205.4,2,0
t-00839,treatment,1,34.75,259.0,4,1
t-00840,treatment,0,0.0,170.6,2,0
t-00841,treatment,0,0.0,177.8,4,0
t-00842,treatment,0,0.0,155.7,3,1
t-00843,treatment,0,0.0,199.7,2,1
t-00844,treatment,1,33.86,179.8,4,1
t-00845,treatment,1,32.68,219.5,6,0
t-00846,treatment,0,0.0,162.6,3,1
t-00847,treatment,0,0.0,198.9,4,0
t-00848,treatment,1,106.38,170.5,6,0
t-00849,treatment,0,0.0,106.3,3,0
t-00850,treatment,0,0.0,205.1,1,1
t-00851,treatment,0,0.0,110.1,5,0
t-00852,treatment,0,0.0,173.6,3,1
t-00853,treatment,0,0.0,174.2,1,0
t-00854,treatment,1,35.53,179.7,4,0
t-00855,treatment,1,44.99,181.9,3,0
t-00856,treatment,0,0.0,181.5,4,1
t-00857,treatment,1,35.7,194.5,4,1
t-00858,treatment,0,0.0,175.7,3,0
t-00859,treatment,0,0.0,284.6,1,1
t-00860,treatment,0,0.0,166.3,0,0
t-00861,treatment,0,0.0,131.1,3,1
t-00862,treatment,1,30.38,123.6,1,0
t-00863,treatment,0,0.0,206.3,0,0
t-00864,treatment,1,62.16,116.3,3,0
t-00865,treatment,0,0.0,131.6,4,1
t-00866,treatment,0,0.0,125.8,3,1
t-00867,treatment,0,0.0,198.3,5,0
t-00868,treatment,0,0.0,233.2,5,0
t-00869,treatment,0,0.0,142.2,4,1
t-00870,treatment,0,0.0,196.9,3,0
t-00871,treatment,0,0.0,74.5,5,0
t-00872,treatment,0,0.0,150.2,3,0
t-00873,treatment,1,57.34,204.1,4,1
t-00874,treatment,0,0.0,167.5,2,1
t-00875,treatment,0,0.0,219.8,7,0
t-00876,treatment,1,19.67,90.7,4,0
t-00877,treatment,0,0.0,150.6,4,0
t-00878,treatment,0,0.0,198.1,7,0
t-00879,treatment,0,0.0,197.6,2,0
t-00880,treatment,0,0.0,200.7,4,0
t-00881,treatment,0,0.0,188.3,2,0
t-00882,treatment,0,0.0,134.2,3,0
t-00883,treatment,0,0.0,148.8,1,1
t-00884,treatment,0,0.0,272.7,1,0
t-00885,treatment,0,0.0,129.6,2,1
t-00886,treatment,0,0.0,123.4,3,1
t-00887,treatment,0,0.0,207.2,4,0
t-00888,treatment,0,0.0,137.6,1,1
t-00889,treatment,0,0.0,251.7,1,0
t-00890,treatment,0,0.0,289.4,1,1
t-00891,treatment,0,0.0,170.4,2,1
t-00892,treatment,0,0.0,192.4,3,1
t-00893,treatment,0,0.0,107.0,2,0
t-00894,treatment,0,0.0,221.3,4,1
t-00895,treatment,0,0.0,90.5,2,0
t-00896,treatment,0,0.0,126.4,4,0
t-00897,treatment,0,0.0,184.7,3,0
t-00898,treatment,1,29.79,201.9,7,0
t-00899,treatment,0,0.0,120.6,3,1
t-00900,treatment,0,0.0,158.3,1,1
t-00901,treatment,0,0.0,113.5,3,1
t-00902,treatment,0,0.0,167.3,3,1
t-00903,treatment,0,0.0,148.0,4,1
t-00904,treatment,0,0.0,154.6,4,0
t-00905,treatment,1,60.03,206.0,4,0
t-00906,treatment,0,0.0,191.3,6,0
t-00907,treatment,0,0.0,202.4,5,0
t-00908,treatment,0,0.0,174.8,5,1
t-00909,treatment,1,51.81,208.7,6,0
t-00910,treatment,1,44.68,178.6,2,1
t-00911,treatment,0,0.0,160.3,2,0
t-00912,treatment,0,0.0,202.8,2,1
t-00913,treatment,1,70.28,163.1,2,1
t-00914,treatment,0,0.0,166.8,2,1
t-00915,treatment,0,0.0,222.7,3,0
t-00916,treatment,1,27.96,219.0,3,0
t-00917,treatment,0,0.0,168.1,1,1
t-00918,treatment,1,40.95,214.9,3,1
t-00919,treatment,0,0.0,128.9,2,0
t-00920,treatment,0,0.0,168.3,4,1
t-00921,treatment,0,0.0,149.9,3,0
t-00922,treatment,0,0.0,179.9,4,0
t-00923,treatment,1,67.57,209.4,2,0
t-00924,treatment,0,0.0,202.2,4,0
t-00925,treatment,1,39.96,196.8,2,0
t-00926,treatment,0,0.0,185.5,1,0
t-00927,treatment,1,61.6,173.6,4,0
t-00928,treatment,0,0.0,228.0,5,0
t-00929,treatment,0,0.0,118.1,2,0
t-00930,treatment,0,0.0,153.3,3,0
t-00931,treatment,0,0.0,196.5,0,0
t-00932,treatment,0,0.0,241.1,3,0
t-00933,treatment,1,31.95,166.2,2,0
t-00934,treatment,1,36.94,169.6,2,0
t-00935,treatment,0,0.0,128.4,5,0
t-00936,treatment,0,0.0,158.3,2,0
t-00937,treatment,0,0.0,208.3,3,0
t-00938,treatment,0,0.0,243.2,4,0
t-00939,treatment,0,0.0,168.3,5,1
t-00940,treatment,0,0.0,148.0,5,0
t-00941,treatment,0,0.0,182.8,2,0
t-00942,treatment,1,24.0,115.4,4,1
t-00943,treatment,0,0.0,229.4,4,0
t-00944,treatment,0,0.0,130.8,4,0
t-00945,treatment,0,0.0,192.6,4,1
t-00946,treatment,1,21.21,192.0,0,0
t-00947,treatment,0,0.0,205.1,1,0
t-00948,treatment,1,43.2,190.2,3,1
t-00949,treatment,1,65.53,180.1,2,1
t-00950,treatment,0,0.0,197.1,1,1
t-00951,treatment,0,0.0,213.4,3,0
t-00952,treatment,0,0.0,251.9,6,1
t-00953,treatment,0,0.0,135.9,3,0
t-00954,treatment,0,0.0,106.4,3,0
t-00955,treatment,0,0.0,118.1,3,0
t-00956,treatment,0,0.0,107.5,3,0
t-00957,treatment,0,0.0,132.0,4,0
t-00958,treatment,0,0.0,126.9,1,1
t-00959,treatment,0,0.0,163.3,5,0
t-00960,treatment,0,0.0,214.2,1,1
t-00961,treatment,0,0.0,205.1,3,1
t-00962,treatment,0,0.0,155.1,5,0
t-00963,treatment,1,50.82,158.6,2,0
t-00964,treatment,1,90.21,260.4,1,0
t-00965,treatment,0,0.0,203.8,7,0
t-00966,treatment,0,0.0,186.9,3,0
t-00967,treatment,0,0.0,184.9,4,0
t-00968,treatment,0,0.0,168.4,3,1
t-00969,treatment,0,0.0,260.1,6,1
t-00970,treatment,0,0.0,172.4,2,0
t-00971,treatment,0,0.0,186.0,2,0
t-00972,treatment,0,0.0,114.0,2,1
t-00973,treatment,0,0.0,154.5,2,1
t-00974,treatment,0,0.0,158.0,3,0
t-00975,treatment,0,0.0,199.5,3,0
t-00976,treatment,0,0.0,149.0,0,1
t-00977,treatment,0,0.0,181.9,5,0
t-00978,treatment,0,0.0,155.7,3,0
t-00979,treatment,0,0.0,136.0,4,0
t-00980,treatment,0,0.0,134.3,3,0
t-00981,treatment,0,0.0,173.1,3,1
t-00982,treatment,0,0.0,184.1,4,0
t-00983,treatment,0,0.0,172.3,3,0
t-00984,treatment,0,0.0,146.7,0,1
t-00985,treatment,0,0.0,174.5,1,0
t-00986,treatment,0,0.0,167.1,1,0
t-00987,treatment,0,0.0,138.3,3,1
t-00988,treatment,0,0.0,183.3,4,0
t-00989,treatment,0,0.0,252.4,5,1
t-00990,treatment,0,0.0,174.0,0,1
t-00991,treatment,0,0.0,121.6,3,0
t-00992,treatment,0,0.0,238.7,0,0
t-00993,treatment,0,0.0,230.3,1,0
t-00994,treatment,0,0.0,237.3,2,0
t-00995,treatment,0,0.0,178.3,3,0
t-00996,treatment,0,0.0,148.7,3,0
t-00997,treatment,0,0.0,144.3,1,1
t-00998,treatment,0,0.0,225.6,3,0
t-00999,treatment,0,0.0,244.2,2,0
t-01000,treatment,0,0.0,143.2,2,0
t-01001,treatment,1,44.85,79.2,1,0
t-01002,treatment,1,20.61,179.3,3,1
t-01003,treatment,0,0.0,143.8,2,0
t-01004,treatment,0,0.0,151.7,1,1
t-01005,treatment,0,0.0,170.5,3,1
t-01006,treatment,0,0.0,196.4,2,0
t-01007,treatment,0,0.0,148.8,1,0
t-01008,treatment,0,0.0,185.4,1,0
t-01009,treatment,0,0.0,175.0,4,0
t-01010,treatment,0,0.0,87.8,0,1
t-01011,treatment,0,0.0,201.8,5,1
t-01012,treatment,0,0.0,162.0,2,0
t-01013,treatment,0,0.0,129.4,2,1
t-01014,treatment,0,0.0,151.0,2,1
t-01015,treatment,0,0.0,188.1,6,0
t-01016,treatment,0,0.0,181.8,5,0
t-01017,treatment,0,0.0,205.8,3,0
t-01018,treatment,0,0.0,197.5,3,0
t-01019,treatment,0,0.0,133.1,2,0
t-01020,treatment,1,62.48,61.8,2,0
t-01021,treatment,0,0.0,184.8,5,1
t-01022,treatment,1,32.94,205.2,4,1
t-01023,treatment,0,0.0,171.9,3,0
t-01024,treatment,1,56.64,206.4,3,0
t-01025,treatment,1,19.14,139.9,6,1
t-01026,treatment,0,0.0,166.2,7,1
t-01027,treatment,0,0.0,143.2,3,0
t-01028,treatment,0,0.0,207.9,1,1
t-01029,treatment,0,0.0,143.6,4,1
t-01030,treatment,0,0.0,262.4,9,0
t-01031,treatment,0,0.0,159.9,3,0
t-01032,treatment,0,0.0,211.9,4,0
t-01033,treatment,0,0.0,160.4,0,0
t-01034,treatment,1,47.29,233.5,3,0
t-01035,treatment,0,0.0,232.0,1,0
t-01036,treatment,0,0.0,167.0,4,1
t-01037,treatment,0,0.0,191.0,6,0
t-01038,treatment,0,0.0,231.0,5,1
t-01039,treatment,0,0.0,192.2,3,0
t-01040,treatment,0,0.0,143.2,5,1
t-01041,treatment,1,73.42,182.8,4,0
t-01042,treatment,1,69.49,150.1,4,0
t-01043,treatment,0,0.0,186.0,1,0
t-01044,treatment,0,0.0,148.5,3,0
t-01045,treatment,0,0.0,194.9,2,1
t-01046,treatment,0,0.0,108.4,3,1
t-01047,treatment,0,0.0,135.1,2,0
t-01048,treatment,0,0.0,148.3,3,0
t-01049,treatment,0,0.0,173.6,6,1
t-01050,treatment,1,47.81,119.5,4,0
t-01051,treatment,0,0.0,144.7,1,0
t-01052,treatment,0,0.0,211.1,2,0
t-01053,treatment,1,52.29,215.9,2,0
t-01054,treatment,0,0.0,78.7,5,0
t-01055,treatment,0,0.0,156.5,3,1
t-01056,treatment,0,0.0,231.0,2,0
t-01057,treatment,1,42.79,195.4,2,1
t-01058,treatment,0,0.0,196.3,2,1
t-01059,treatment,1,46.79,202.6,5,0
t-01060,treatment,0,0.0,141.6,2,1
t-01061,treatment,0,0.0,188.6,2,1
t-01062,treatment,0,0.0,198.9,8,1
t-01063,treatment,0,0.0,184.3,4,0
t-01064,treatment,0,0.0,164.3,2,1
t-01065,treatment,0,0.0,178.1,5,0
t-01066,treatment,0,0.0,134.4,6,0
t-01067,treatment,0,0.0,204.6,1,0
t-01068,treatment,0,0.0,122.6,4,1
t-01069,treatment,0,0.0,147.3,2,0
t-01070,treatment,0,0.0,207.3,1,0
t-01071,treatment,0,0.0,191.6,3,1
t-01072,treatment,0,0.0,160.6,2,1
t-01073,treatment,1,70.96,111.5,6,1
t-01074,treatment,0,0.0,178.2,2,0
t-01075,treatment,0,0.0,154.8,0,0
t-01076,treatment,0,0.0,199.2,3,1
t-01077,treatment,0,0.0,159.3,1,0
t-01078,treatment,0,0.0,110.0,7,0
t-01079,treatment,0,0.0,124.7,2,0
t-01080,treatment,0,0.0,162.9,3,0
t-01081,treatment,0,0.0,184.4,1,0
t-01082,treatment,0,0.0,133.4,2,0
t-01083,treatment,0,0.0,149.7,0,1
t-01084,treatment,0,0.0,211.7,6,1
t-01085,treatment,0,0.0,224.4,5,1
t-01086,treatment,0,0.0,191.1,1,0
t-01087,treatment,0,0.0,168.6,0,0
t-01088,treatment,0,0.0,155.1,2,0
t-01089,treatment,1,38.19,201.6,6,1
t-01090,treatment,0,0.0,167.3,3,1
t-01091,treatment,0,0.0,216.8,4,0
t-01092,treatment,0,0.0,218.9,1,0
t-01093,treatment,0,0.0,196.4,5,1
t-01094,treatment,0,0.0,160.1,5,0
t-01095,treatment,0,0.0,163.2,0,1
t-01096,treatment,0,0.0,114.3,3,0
t-01097,treatment,0,0.0,177.9,3,1
t-01098,treatment,0,0.0,176.7,2,1
t-01099,treatment,0,0.0,124.9,3,1
t-01100,treatment,0,0.0,274.6,2,1
t-01101,treatment,0,0.0,202.2,2,1
t-01102,treatment,0,0.0,146.4,3,1
t-01103,treatment,0,0.0,262.2,5,1
t-01104,treatment,0,0.0,160.2,1,0
t-01105,treatment,0,0.0,213.2,3,0
t-01106,treatment,1,39.91,183.5,6,0
t-01107,treatment,0,0.0,161.5,4,0
t-01108,treatment,0,0.0,166.5,2,1
t-01109,treatment,1,26.29,237.5,3,1
t-01110,treatment,1,71.59,215.0,2,1
t-01111,treatment,0,0.0,175.1,2,1
t-01112,treatment,0,0.0,98.0,3,1
t-01113,treatment,0,0.0,192.2,0,1
t-01114,treatment,0,0.0,130.1,3,0
t-01115,treatment,0,0.0,201.5,5,1
t-01116,treatment,0,0.0,151.4,0,1
t-01117,treatment,0,0.0,155.6,0,1
t-01118,treatment,0,0.0,154.5,2,0
t-01119,treatment,0,0.0,220.8,2,1
t-01120,treatment,0,0.0,109.3,5,0
t-01121,treatment,0,0.0,209.5,4,0
t-01122,treatment,0,0.0,193.7,1,0
t-01123,treatment,0,0.0,177.1,2,0
t-01124,treatment,1,46.34,162.1,3,0
t-01125,treatment,0,0.0,199.5,2,1
t-01126,treatment,0,0.0,162.4,3,1
t-01127,treatment,1,30.32,162.0,1,0
t-01128,treatment,0,0.0,182.6,3,1
t-01129,treatment,0,0.0,248.8,6,1
t-01130,treatment,0,0.0,119.5,4,1
t-01131,treatment,0,0.0,200.0,4,1
t-01132,treatment,0,0.0,174.3,4,1
t-01133,treatment,0,0.0,171.2,1,0
t-01134,treatment,0,0.0,118.9,6,0
t-01135,treatment,0,0.0,109.8,3,0
t-01136,treatment,0,0.0,193.6,0,0
t-01137,treatment,0,0.0,129.2,8,0
t-01138,treatment,0,0.0,220.7,4,0
t-01139,treatment,0,0.0,139.4,0,1
t-01140,treatment,0,0.0,202.0,1,0
t-01141,treatment,0,0.0,157.0,5,1
t-01142,treatment,0,0.0,155.0,7,0
t-01143,treatment,0,0.0,143.4,3,0
t-01144,treatment,0,0.0,197.5,2,1
t-01145,treatment,0,0.0,208.6,2,0
t-01146,treatment,0,0.0,167.4,4,1
t-01147,treatment,0,0.0,203.6,2,0
t-01148,treatment,1,77.48,180.5,3,0
t-01149,treatment,0,0.0,126.6,5,0
t-01150,treatment,0,0.0,195.1,2,0
t-01151,treatment,0,0.0,168.0,3,0
t-01152,treatment,0,0.0,75.4,3,1
t-01153,treatment,0,0.0,164.4,2,0
t-01154,treatment,1,51.14,112.3,3,1
t-01155,treatment,1,37.39,130.7,7,1
t-01156,treatment,0,0.0,170.0,1,0
t-01157,treatment,0,0.0,177.0,6,0
t-01158,treatment,0,0.0,146.6,0,0
t-01159,treatment,1,78.03,201.1,1,0
t-01160,treatment,0,0.0,175.4,5,0
t-01161,treatment,0,0.0,163.0,7,0
t-01162,treatment,1,44.78,181.7,4,0
t-01163,treatment,0,0.0,228.2,5,1
t-01164,treatment,0,0.0,94.0,4,1
t-01165,treatment,0,0.0,232.0,1,0
t-01166,treatment,0,0.0,155.3,2,1
t-01167,treatment,0,0.0,148.8,5,0
t-01168,treatment,0,0.0,163.9,4,0
t-01169,treatment,0,0.0,144.5,6,0
t-01170,treatment,0,0.0,138.4,2,1
t-01171,treatment,0,0.0,213.9,1,1
t-01172,treatment,0,0.0,186.4,3,0
t-01173,treatment,0,0.0,103.3,1,0
t-01174,treatment,0,0.0,207.0,4,0
t-01175,treatment,0,0.0,201.1,6,0
t-01176,treatment,1,25.77,120.6,4,0
t-01177,treatment,0,0.0,187.2,0,0
t-01178,treatment,0,0.0,204.8,2,1
t-01179,treatment,0,0.0,115.8,4,0
t-01180,treatment,0,0.0,191.4,2,1
t-01181,treatment,0,0.0,153.0,4,1
t-01182,treatment,0,0.0,201.7,1,1
t-01183,treatment,0,0.0,142.7,5,0
t-01184,treatment,0,0.0,221.7,4,1
t-01185,treatment,0,0.0,170.3,1,1
t-01186,treatment,0,0.0,155.4,4,1
t-01187,treatment,0,0.0,151.1,2,0
t-01188,treatment,0,0.0,215.0,3,0
t-01189,treatment,0,0.0,151.1,2,0
t-01190,treatment,0,0.0,222.4,2,0
t-01191,treatment,0,0.0,188.5,1,1
t-01192,treatment,0,0.0,124.6,1,1
t-01193,treatment,0,0.0,181.0,4,0
t-01194,treatment,0,0.0,181.9,3,0
t-01195,treatment,0,0.0,123.3,5,0
t-01196,treatment,0,0.0,180.3,5,0
t-01197,treatment,0,0.0,201.7,2,0
t-01198,treatment,0,0.0,225.1,2,1
t-01199,treatment,0,0.0,223.4,1,0
t-01200,treatment,0,0.0,275.6,6,1
t-01201,treatment,0,0.0,180.0,4,0
t-01202,treatment,0,0.0,202.2,1,1
t-01203,treatment,0,0.0,155.8,9,1
t-01204,treatment,0,0.0,255.4,1,0
t-01205,treatment,0,0.0,144.4,3,1
t-01206,treatment,0,0.0,253.6,5,1
t-01207,treatment,0,0.0,248.4,1,0
t-01208,treatment,0,0.0,148.6,2,0
t-01209,treatment,0,0.0,221.5,7,0
t-01210,treatment,0,0.0,198.3,3,0
t-01211,treatment,0,0.0,163.5,3,0
t-01212,treatment,1,80.38,174.6,2,1
t-01213,treatment,0,0.0,190.6,1,0
t-01214,treatment,1,35.78,194.4,3,1
t-01215,treatment,0,0.0,239.8,2,1
t-01216,treatment,0,0.0,202.8,2,0
t-01217,treatment,0,0.0,149.2,2,1
t-01218,treatment,0,0.0,209.7,3,1
t-01219,treatment,0,0.0,110.1,4,0
t-01220,treatment,0,0.0,164.5,4,0
t-01221,treatment,1,203.28,168.4,2,0
t-01222,treatment,0,0.0,206.3,5,1
t-01223,treatment,0,0.0,250.8,5,1
t-01224,treatment,0,0.0,188.7,1,0
t-01225,treatment,0,0.0,165.5,5,0
t-01226,treatment,0,0.0,152.1,4,0
t-01227,treatment,1,42.73,213.4,1,0
t-01228,treatment,0,0.0,172.2,2,0
t-01229,treatment,0,0.0,159.9,3,1
t-01230,treatment,0,0.0,218.1,4,1
t-01231,treatment,0,0.0,226.8,3,1
t-01232,treatment,0,0.0,141.6,2,0
t-01233,treatment,0,0.0,120.1,5,0
t-01234,treatment,0,0.0,176.1,2,0
t-01235,treatment,0,0.0,134.4,3,1
t-01236,treatment,0,0.0,128.9,2,1
t-01237,treatment,0,0.0,138.4,1,1
t-01238,treatment,0,0.0,221.9,2,0
t-01239,treatment,0,0.0,206.0,1,0
t-01240,treatment,1,21.08,278.3,2,0
t-01241,treatment,0,0.0,154.3,1,0
t-01242,treatment,1,115.0,233.2,2,1
t-01243,treatment,0,0.0,199.7,2,0
t-01244,treatment,0,0.0,157.7,2,1
t-01245,treatment,0,0.0,174.1,3,0
t-01246,treatment,0,0.0,157.6,3,0
t-01247,treatment,0,0.0,190.3,3,1
t-01248,treatment,0,0.0,219.5,4,1
t-01249,treatment,0,0.0,165.3,2,1
t-01250,treatment,0,0.0,213.9,2,0
t-01251,treatment,0,0.0,230.8,3,0
t-01252,treatment,0,0.0,239.8,3,0
t-01253,treatment,0,0.0,133.1,4,1
t-01254,treatment,1,50.91,178.0,3,0
t-01255,treatment,0,0.0,208.4,3,1
t-01256,treatment,1,58.6,136.5,3,0
t-01257,treatment,0,0.0,127.6,7,0
t-01258,treatment,0,0.0,178.9,1,0
t-01259,treatment,0,0.0,163.5,4,1
t-01260,treatment,0,0.0,173.1,5,0
t-01261,treatment,0,0.0,161.1,0,0
t-01262,treatment,0,0.0,266.4,2,0
t-01263,treatment,0,0.0,161.5,2,0
t-01264,treatment,0,0.0,203.4,2,0
t-01265,treatment,0,0.0,200.7,7,1
t-01266,treatment,0,0.0,112.4,2,1
t-01267,treatment,0,0.0,238.6,6,1
t-01268,treatment,0,0.0,205.0,1,0
t-01269,treatment,0,0.0,186.3,3,0
t-01270,treatment,0,0.0,222.3,1,0
t-01271,treatment,0,0.0,178.1,3,0
t-01272,treatment,0,0.0,215.3,0,0
t-01273,treatment,0,0.0,105.0,1,0
t-01274,treatment,0,0.0,212.7,2,0
t-01275,treatment,0,0.0,187.3,5,1
t-01276,treatment,0,0.0,188.0,3,0
t-01277,treatment,0,0.0,146.3,5,0
t-01278,treatment,1,62.01,171.2,1,0
t-01279,treatment,0,0.0,170.1,3,0
t-01280,treatment,0,0.0,134.4,6,1
t-01281,treatment,0,0.0,194.3,4,1
t-01282,treatment,1,28.31,242.9,3,0
t-01283,treatment,0,0.0,123.1,2,0
t-01284,treatment,0,0.0,199.6,3,0
t-01285,treatment,0,0.0,163.2,1,1
t-01286,treatment,1,19.7,158.6,2,0
t-01287,treatment,0,0.0,183.0,1,1
t-01288,treatment,0,0.0,183.6,3,0
t-01289,treatment,0,0.0,187.4,5,0
t-01290,treatment,1,125.8,134.8,5,1
t-01291,treatment,0,0.0,223.6,4,1
t-01292,treatment,0,0.0,183.2,6,0
t-01293,treatment,1,25.84,203.8,6,0
t-01294,treatment,0,0.0,228.6,6,1
t-01295,treatment,0,0.0,103.2,4,1
t-01296,treatment,0,0.0,205.2,6,1
t-01297,treatment,0,0.0,173.4,2,0
t-01298,treatment,0,0.0,220.8,3,0
t-01299,treatment,0,0.0,147.9,3,1
t-01300,treatment,1,109.14,217.4,2,0
t-01301,treatment,1,66.19,137.8,4,0
t-01302,treatment,0,0.0,196.1,3,0
t-01303,treatment,0,0.0,191.4,5,0
t-01304,treatment,0,0.0,173.8,2,1
t-01305,treatment,0,0.0,138.7,4,1
t-01306,treatment,1,56.51,165.3,1,0
t-01307,treatment,1,42.3,216.9,1,1
t-01308,treatment,0,0.0,239.5,5,0
t-01309,treatment,0,0.0,258.2,6,1
t-01310,treatment,0,0.0,201.1,5,1
t-01311,treatment,0,0.0,190.1,2,0
t-01312,treatment,0,0.0,198.0,2,1
t-01313,treatment,0,0.0,257.1,1,1
t-01314,treatment,0,0.0,200.8,1,1
t-01315,treatment,0,0.0,183.5,4,1
t-01316,treatment,0,0.0,169.0,2,0
t-01317,treatment,0,0.0,173.6,1,0
t-01318,treatment,0,0.0,195.5,5,0
t-01319,treatment,0,0.0,149.9,1,0
t-01320,treatment,0,0.0,154.9,1,1
t-01321,treatment,0,0.0,177.4,3,1
t-01322,treatment,0,0.0,161.9,6,0
t-01323,treatment,0,0.0,203.9,4,0
t-01324,treatment,0,0.0,207.0,8,0
t-01325,treatment,0,0.0,190.5,4,1
t-01326,treatment,0,0.0,199.6,3,0
t-01327,treatment,0,0.0,184.7,1,0
t-01328,treatment,0,0.0,28.3,1,1
t-01329,treatment,0,0.0,145.0,6,1
t-01330,treatment,0,0.0,208.3,2,1
t-01331,treatment,0,0.0,146.4,3,0
t-01332,treatment,0,0.0,214.2,3,0
t-01333,treatment,0,0.0,216.5,2,0
t-01334,treatment,0,0.0,169.4,4,0
t-01335,treatment,1,147.61,156.4,5,1
t-01336,treatment,0,0.0,180.4,7,1
t-01337,treatment,0,0.0,178.2,4,1
t-01338,treatment,0,0.0,205.1,6,0
t-01339,treatment,0,0.0,86.4,2,0
t-01340,treatment,0,0.0,150.6,3,1
t-01341,treatment,0,0.0,139.5,4,0
t-01342,treatment,0,0.0,79.3,4,0
t-01343,treatment,0,0.0,160.2,4,1
t-01344,treatment,0,0.0,120.0,5,0
t-01345,treatment,0,0.0,164.5,4,0
t-01346,treatment,0,0.0,160.5,2,1
t-01347,treatment,0,0.0,198.1,5,0
t-01348,treatment,0,0.0,170.0,1,1
t-01349,treatment,0,0.0,112.3,3,0
t-01350,treatment,1,38.24,193.9,2,0
t-01351,treatment,0,0.0,276.8,3,1
t-01352,treatment,1,38.72,223.0,2,0
t-01353,treatment,1,70.7,207.2,2,0
t-01354,treatment,0,0.0,172.2,5,0
t-01355,treatment,0,0.0,160.4,4,0
t-01356,treatment,0,0.0,157.6,5,0
t-01357,treatment,0,0.0,189.6,4,0
t-01358,treatment,0,0.0,134.6,4,1
t-01359,treatment,0,0.0,188.8,5,0
t-01360,treatment,0,0.0,153.5,3,0
t-01361,treatment,0,0.0,111.4,4,1
t-01362,treatment,1,38.58,152.9,5,0
t-01363,treatment,0,0.0,230.0,3,0
t-01364,treatment,0,0.0,185.5,4,0
t-01365,treatment,0,0.0,37.9,1,1
t-01366,treatment,0,0.0,153.1,3,0
t-01367,treatment,1,33.13,216.1,0,0
t-01368,treatment,0,0.0,168.1,4,1
t-01369,treatment,0,0.0,201.0,0,1
t-01370,treatment,0,0.0,164.2,0,1
t-01371,treatment,1,50.9,187.4,0,1
t-01372,treatment,0,0.0,181.4,4,1
t-01373,treatment,1,71.2,154.2,2,0
t-01374,treatment,0,0.0,202.9,1,1
t-01375,treatment,1,121.74,241.3,1,1
t-01376,treatment,0,0.0,195.4,4,0
t-01377,treatment,1,133.45,184.2,3,1
t-01378,treatment,0,0.0,146.3,6,0
t-01379,treatment,0,0.0,217.5,3,1
t-01380,treatment,0,0.0,159.6,4,1
t-01381,treatment,0,0.0,202.4,2,0
t-01382,treatment,0,0.0,210.5,3,0
t-01383,treatment,0,0.0,219.5,1,1
t-01384,treatment,1,23.34,220.2,2,1
t-01385,treatment,0,0.0,218.8,3,1
t-01386,treatment,0,0.0,129.8,3,0
t-01387,treatment,0,0.0,145.6,3,1
t-01388,treatment,0,0.0,125.1,4,1
t-01389,treatment,0,0.0,122.4,4,1
t-01390,treatment,0,0.0,241.0,4,0
t-01391,treatment,0,0.0,140.6,7,0
t-01392,treatment,0,0.0,134.9,6,1
t-01393,treatment,0,0.0,177.8,1,1
t-01394,treatment,0,0.0,150.2,3,0
t-01395,treatment,0,0.0,270.5,3,0
t-01396,treatment,0,0.0,169.1,4,1
t-01397,treatment,1,83.55,197.8,5,0
t-01398,treatment,0,0.0,148.8,3,0
t-01399,treatment,1,33.56,113.5,4,0
t-01400,treatment,0,0.0,150.9,4,1
t-01401,treatment,0,0.0,151.3,5,0
t-01402,treatment,0,0.0,151.0,4,1
t-01403,treatment,0,0.0,116.0,3,0
t-01404,treatment,0,0.0,185.4,0,1
t-01405,treatment,0,0.0,166.5,5,1
t-01406,treatment,0,0.0,118.3,0,1
t-01407,treatment,0,0.0,184.3,4,1
t-01408,treatment,0,0.0,210.5,3,1
t-01409,treatment,0,0.0,227.9,2,0
t-01410,treatment,0,0.0,83.2,1,0
t-01411,treatment,0,0.0,150.8,4,0
t-01412,treatment,0,0.0,125.2,1,1
t-01413,treatment,0,0.0,153.9,2,1
t-01414,treatment,0,0.0,235.5,0,0
t-01415,treatment,1,34.33,150.9,1,0
t-01416,treatment,1,41.0,161.0,2,1
t-01417,treatment,0,0.0,146.8,2,0
t-01418,treatment,0,0.0,245.0,2,1
t-01419,treatment,0,0.0,88.0,2,0
t-01420,treatment,0,0.0,157.7,2,1
t-01421,treatment,0,0.0,145.4,0,0
t-01422,treatment,1,39.84,111.2,6,0
t-01423,treatment,0,0.0,224.1,4,0
t-01424,treatment,1,32.3,107.9,4,1
t-01425,treatment,0,0.0,161.6,6,1
t-01426,treatment,0,0.0,176.9,9,1
t-01427,treatment,0,0.0,150.0,4,1
t-01428,treatment,0,0.0,110.6,5,1
t-01429,treatment,0,0.0,173.3,1,0
t-01430,treatment,0,0.0,149.5,3,0
t-01431,treatment,0,0.0,212.3,2,1
t-01432,treatment,0,0.0,200.6,2,0
t-01433,treatment,0,0.0,257.8,1,1
t-01434,treatment,0,0.0,184.4,4,0
t-01435,treatment,1,18.36,203.6,4,0
t-01436,treatment,1,100.25,165.6,4,0
t-01437,treatment,0,0.0,248.5,4,1
t-01438,treatment,0,0.0,180.4,2,1
t-01439,treatment,0,0.0,175.9,3,1
t-01440,treatment,0,0.0,201.6,6,1
t-01441,treatment,0,0.0,154.2,4,0
t-01442,treatment,1,78.34,160.0,2,1
t-01443,treatment,0,0.0,201.6,0,0
t-01444,treatment,0,0.0,209.3,4,1
t-01445,treatment,0,0.0,203.9,3,1
t-01446,treatment,0,0.0,176.8,3,0
t-01447,treatment,0,0.0,190.8,4,0
t-01448,treatment,0,0.0,218.4,2,1
t-01449,treatment,1,51.91,136.2,6,0
t-01450,treatment,0,0.0,180.1,5,0
t-01451,treatment,0,0.0,63.5,2,1
t-01452,treatment,0,0.0,209.6,5,1
t-01453,treatment,0,0.0,148.7,2,0
t-01454,treatment,0,0.0,149.8,4,0
t-01455,treatment,0,0.0,175.1,3,1
t-01456,treatment,0,0.0,204.8,4,0
t-01457,treatment,0,0.0,275.7,1,1
t-01458,treatment,0,0.0,117.9,3,0
t-01459,treatment,1,33.84,146.0,3,0
t-01460,treatment,0,0.0,189.1,1,1
t-01461,treatment,0,0.0,150.9,4,1
t-01462,treatment,0,0.0,213.4,5,1
t-01463,treatment,0,0.0,173.3,5,1
t-01464,treatment,0,0.0,215.4,0,0
t-01465,treatment,0,0.0,170.1,6,0
t-01466,treatment,0,0.0,201.8,3,1
t-01467,treatment,0,0.0,141.7,5,0
t-01468,treatment,0,0.0,257.5,1,0
t-01469,treatment,0,0.0,112.0,2,1
t-01470,treatment,0,0.0,151.7,5,1
t-01471,treatment,0,0.0,123.2,2,1
t-01472,treatment,0,0.0,212.0,2,0
t-01473,treatment,0,0.0,201.6,2,1
t-01474,treatment,0,0.0,131.3,2,1
t-01475,treatment,0,0.0,219.9,3,0
t-01476,treatment,0,0.0,152.1,4,0
t-01477,treatment,0,0.0,195.5,6,0
t-01478,treatment,0,0.0,204.9,2,1
t-01479,treatment,0,0.0,170.2,5,1
t-01480,treatment,0,0.0,216.4,4,0
t-01481,treatment,0,0.0,174.2,1,1
t-01482,treatment,0,0.0,193.5,5,1
t-01483,treatment,1,91.18,169.0,2,0
t-01484,treatment,0,0.0,105.3,5,1
t-01485,treatment,0,0.0,175.1,1,0
t-01486,treatment,0,0.0,145.1,3,0
t-01487,treatment,0,0.0,235.7,1,1
t-01488,treatment,0,0.0,125.4,1,0
t-01489,treatment,0,0.0,229.0,1,1
t-01490,treatment,0,0.0,172.8,5,0
t-01491,treatment,0,0.0,196.2,3,0
t-01492,treatment,0,0.0,124.8,4,0
t-01493,treatment,0,0.0,167.6,2,1
t-01494,treatment,0,0.0,153.4,2,0
t-01495,treatment,0,0.0,264.1,2,0
t-01496,treatment,0,0.0,152.4,6,0
t-01497,treatment,0,0.0,226.1,6,1
t-01498,treatment,0,0.0,226.7,1,0
t-01499,treatment,0,0.0,225.6,4,1
t-01500,treatment,0,0.0,156.2,5,1
t-01501,treatment,0,0.0,252.2,6,0
t-01502,treatment,0,0.0,260.5,2,0
t-01503,treatment,0,0.0,194.7,4,0
t-01504,treatment,0,0.0,161.4,5,0
t-01505,treatment,0,0.0,145.6,3,0
t-01506,treatment,1,50.83,198.9,1,0
t-01507,treatment,0,0.0,182.6,5,1
t-01508,treatment,1,40.37,187.3,1,0
t-01509,treatment,0,0.0,126.1,1,0
t-01510,treatment,0,0.0,181.3,5,0
t-01511,treatment,0,0.0,225.8,1,0
t-01512,treatment,1,24.96,212.6,3,0
t-01513,treatment,0,0.0,163.4,3,0
t-01514,treatment,0,0.0,175.6,4,1
t-01515,treatment,1,66.64,121.3,1,0
t-01516,treatment,0,0.0,153.4,5,0
t-01517,treatment,0,0.0,166.4,2,1
t-01518,treatment,0,0.0,205.3,4,1
t-01519,treatment,0,0.0,151.7,3,0
t-01520,treatment,0,0.0,138.6,1,1
t-01521,treatment,0,0.0,210.3,3,1
t-01522,treatment,0,0.0,163.1,1,0
t-01523,treatment,1,45.0,146.4,4,0
t-01524,treatment,0,0.0,212.5,5,0
t-01525,treatment,0,0.0,198.4,3,0
t-01526,treatment,0,0.0,171.7,7,0
t-01527,treatment,0,0.0,165.9,5,0
t-01528,treatment,0,0.0,195.2,4,0
t-01529,treatment,0,0.0,201.6,4,1
t-01530,treatment,0,0.0,188.4,5,0
t-01531,treatment,0,0.0,184.8,4,0
t-01532,treatment,0,0.0,155.7,5,0
t-01533,treatment,0,0.0,158.1,3,1
t-01534,treatment,0,0.0,173.1,2,0
t-01535,treatment,0,0.0,141.6,3,0
t-01536,treatment,0,0.0,136.9,4,1
t-01537,treatment,1,58.83,176.4,7,0
t-01538,treatment,0,0.0,219.6,4,0
t-01539,treatment,0,0.0,97.1,3,0
t-01540,treatment,0,0.0,164.3,4,1
t-01541,treatment,0,0.0,190.9,2,0
t-01542,treatment,0,0.0,222.9,5,1
t-01543,treatment,0,0.0,252.0,2,1
t-01544,treatment,1,56.43,169.7,1,1
t-01545,treatment,0,0.0,258.9,4,1
t-01546,treatment,0,0.0,198.2,0,0
t-01547,treatment,0,0.0,212.6,2,0
t-01548,treatment,0,0.0,137.4,5,1
t-01549,treatment,0,0.0,198.1,5,0
t-01550,treatment,0,0.0,216.0,0,1
t-01551,treatment,0,0.0,152.4,0,0
t-01552,treatment,0,0.0,75.8,4,0
t-01553,treatment,0,0.0,186.0,4,0
t-01554,treatment,0,0.0,171.4,4,1
t-01555,treatment,1,69.63,233.8,3,0
t-01556,treatment,0,0.0,158.5,3,0
t-01557,treatment,0,0.0,151.8,2,1
t-01558,treatment,0,0.0,133.1,5,0
t-01559,treatment,0,0.0,154.8,3,0
t-01560,treatment,0,0.0,286.7,0,0
t-01561,treatment,0,0.0,116.5,2,0
t-01562,treatment,0,0.0,126.6,4,1
t-01563,treatment,0,0.0,177.8,4,0
t-01564,treatment,0,0.0,259.0,3,0
t-01565,treatment,0,0.0,209.7,1,0
t-01566,treatment,1,57.68,242.1,5,1
t-01567,treatment,1,45.6,164.6,2,1
t-01568,treatment,0,0.0,124.4,1,0
t-01569,treatment,0,0.0,162.0,2,0
t-01570,treatment,0,0.0,175.0,3,1
t-01571,treatment,0,0.0,180.4,2,1
t-01572,treatment,0,0.0,171.4,3,0
t-01573,treatment,0,0.0,203.6,1,0
t-01574,treatment,0,0.0,151.5,0,1
t-01575,treatment,0,0.0,142.9,1,0
t-01576,treatment,0,0.0,131.8,1,1
t-01577,treatment,0,0.0,188.2,1,0
t-01578,treatment,0,0.0,184.2,2,1
t-01579,treatment,0,0.0,223.7,1,0
t-01580,treatment,0,0.0,241.9,5,1
t-01581,treatment,0,0.0,131.7,3,0
t-01582,treatment,0,0.0,180.9,2,0
t-01583,treatment,0,0.0,171.8,1,0
t-01584,treatment,0,0.0,118.5,4,1
t-01585,treatment,0,0.0,158.9,3,0
t-01586,treatment,1,67.14,242.7,2,0
t-01587,treatment,0,0.0,154.7,6,0
t-01588,treatment,0,0.0,148.0,6,0
t-01589,treatment,0,0.0,177.9,2,0
t-01590,treatment,0,0.0,216.5,2,0
t-01591,treatment,0,0.0,167.8,3,1
t-01592,treatment,0,0.0,185.1,5,0
t-01593,treatment,0,0.0,88.6,3,1
t-01594,treatment,0,0.0,202.9,4,1
t-01595,treatment,0,0.0,188.8,4,0
t-01596,treatment,0,0.0,215.4,3,0
t-01597,treatment,0,0.0,105.3,2,1
t-01598,treatment,0,0.0,167.9,4,1
t-01599,treatment,1,80.25,218.6,2,1
t-01600,treatment,0,0.0,157.7,5,1
t-01601,treatment,0,0.0,182.0,7,0
t-01602,treatment,0,0.0,163.6,1,0
t-01603,treatment,0,0.0,164.6,1,0
t-01604,treatment,0,0.0,226.7,3,0
t-01605,treatment,0,0.0,123.1,2,0
t-01606,treatment,0,0.0,178.0,3,0
t-01607,treatment,0,0.0,190.1,4,1
t-01608,treatment,0,0.0,217.5,2,1
t-01609,treatment,0,0.0,175.1,2,0
t-01610,treatment,0,0.0,218.8,4,0
t-01611,treatment,1,104.92,177.8,5,0
t-01612,treatment,0,0.0,184.8,2,0
t-01613,treatment,0,0.0,183.3,3,0
t-01614,treatment,0,0.0,206.2,7,0
t-01615,treatment,0,0.0,201.7,4,1
t-01616,treatment,0,0.0,135.5,5,1
t-01617,treatment,0,0.0,188.7,1,1
t-01618,treatment,0,0.0,201.6,4,0
t-01619,treatment,0,0.0,238.5,5,0
t-01620,treatment,0,0.0,139.7,2,0
t-01621,treatment,0,0.0,201.5,3,1
t-01622,treatment,0,0.0,166.1,8,1
t-01623,treatment,0,0.0,187.7,2,1
t-01624,treatment,0,0.0,137.1,2,1
t-01625,treatment,0,0.0,179.5,4,0
t-01626,treatment,0,0.0,192.8,4,1
t-01627,treatment,0,0.0,141.2,6,0
t-01628,treatment,0,0.0,238.0,2,1
t-01629,treatment,0,0.0,118.2,2,0
t-01630,treatment,0,0.0,201.5,3,1
t-01631,treatment,0,0.0,82.9,1,1
t-01632,treatment,0,0.0,169.8,1,0
t-01633,treatment,0,0.0,199.2,4,1
t-01634,treatment,0,0.0,208.5,3,0
t-01635,treatment,0,0.0,175.8,4,1
t-01636,treatment,0,0.0,170.3,1,0
t-01637,treatment,0,0.0,202.7,1,0
t-01638,treatment,0,0.0,218.0,2,1
t-01639,treatment,1,31.6,235.2,1,0
t-01640,treatment,0,0.0,128.4,0,0
t-01641,treatment,0,0.0,172.0,7,0
t-01642,treatment,0,0.0,92.3,2,0
t-01643,treatment,0,0.0,125.3,5,0
t-01644,treatment,0,0.0,151.8,3,1
t-01645,treatment,0,0.0,214.6,5,0
t-01646,treatment,0,0.0,160.8,1,0
t-01647,treatment,0,0.0,168.4,5,0
t-01648,treatment,1,86.3,192.0,4,0
t-01649,treatment,0,0.0,153.2,2,0
t-01650,treatment,0,0.0,100.2,3,0
t-01651,treatment,0,0.0,150.2,3,1
t-01652,treatment,1,25.61,175.2,2,0
t-01653,treatment,0,0.0,198.7,4,0
t-01654,treatment,0,0.0,171.7,1,1
t-01655,treatment,1,82.59,198.1,2,1
t-01656,treatment,0,0.0,217.0,2,1
t-01657,treatment,0,0.0,224.8,1,1
t-01658,treatment,0,0.0,186.9,1,0
t-01659,treatment,0,0.0,134.5,3,0
t-01660,treatment,0,0.0,130.2,4,0
t-01661,treatment,0,0.0,133.9,2,0
t-01662,treatment,0,0.0,137.0,2,0
t-01663,treatment,0,0.0,184.0,2,0
t-01664,treatment,0,0.0,255.5,2,0
t-01665,treatment,0,0.0,188.5,4,1
t-01666,treatment,0,0.0,176.6,5,0
t-01667,treatment,0,0.0,218.5,3,0
t-01668,treatment,0,0.0,146.9,1,0
t-01669,treatment,0,0.0,221.7,6,0
t-01670,treatment,0,0.0,218.7,4,0
t-01671,treatment,0,0.0,182.4,2,0
t-01672,treatment,0,0.0,263.7,3,0
t-01673,treatment,1,40.11,224.6,2,1
t-01674,treatment,0,0.0,181.8,4,0
t-01675,treatment,0,0.0,174.3,4,0
t-01676,treatment,0,0.0,162.7,1,1
t-01677,treatment,0,0.0,174.8,3,0
t-01678,treatment,0,0.0,175.9,2,0
t-01679,treatment,0,0.0,167.2,5,0
t-01680,treatment,0,0.0,171.4,1,1
t-01681,treatment,1,76.42,132.3,0,0
t-01682,treatment,0,0.0,157.3,1,1
t-01683,treatment,0,0.0,116.1,2,0
t-01684,treatment,0,0.0,196.6,2,0
t-01685,treatment,0,0.0,183.2,2,0
t-01686,treatment,0,0.0,175.1,0,1
t-01687,treatment,0,0.0,215.4,3,1
t-01688,treatment,1,102.43,145.5,1,0
t-01689,treatment,0,0.0,151.6,1,1
t-01690,treatment,0,0.0,120.8,2,1
t-01691,treatment,0,0.0,220.9,2,0
t-01692,treatment,0,0.0,204.2,2,0
t-01693,treatment,0,0.0,233.2,0,0
t-01694,treatment,0,0.0,243.3,7,0
t-01695,treatment,0,0.0,163.0,6,0
t-01696,treatment,0,0.0,151.6,5,0
t-01697,treatment,0,0.0,108.2,1,0
t-01698,treatment,0,0.0,136.1,2,1
t-01699,treatment,0,0.0,167.0,3,0
t-01700,treatment,0,0.0,97.6,2,0
t-01701,treatment,1,58.01,136.9,5,1
t-01702,treatment,0,0.0,176.7,3,1
t-01703,treatment,0,0.0,215.7,2,0
t-01704,treatment,0,0.0,151.3,3,0
t-01705,treatment,0,0.0,185.1,2,1
t-01706,treatment,0,0.0,254.6,2,1
t-01707,treatment,0,0.0,107.8,2,0
t-01708,treatment,0,0.0,223.4,0,0
t-01709,treatment,0,0.0,195.2,3,1
t-01710,treatment,0,0.0,230.7,1,0
t-01711,treatment,0,0.0,218.7,2,0
t-01712,treatment,1,52.39,153.5,4,1
t-01713,treatment,1,51.2,180.1,4,1
t-01714,treatment,0,0.0,121.6,5,0
t-01715,treatment,0,0.0,159.1,2,0
t-01716,treatment,0,0.0,181.2,3,0
t-01717,treatment,0,0.0,192.1,0,1
t-01718,treatment,0,0.0,211.6,5,0
t-01719,treatment,0,0.0,243.3,3,1
t-01720,treatment,1,43.3,162.6,3,1
t-01721,treatment,0,0.0,225.8,5,0
t-01722,treatment,0,0.0,190.7,5,1
t-01723,treatment,0,0.0,127.7,4,0
t-01724,treatment,0,0.0,174.0,0,0
t-01725,treatment,0,0.0,184.6,2,0
t-01726,treatment,0,0.0,146.5,3,1
t-01727,treatment,0,0.0,138.4,3,0
t-01728,treatment,0,0.0,137.0,3,1
t-01729,treatment,0,0.0,158.3,4,1
t-01730,treatment,1,88.76,145.4,2,0
t-01731,treatment,0,0.0,229.2,6,1
t-01732,treatment,0,0.0,82.0,5,1
t-01733,treatment,0,0.0,184.5,6,1
t-01734,treatment,0,0.0,201.1,6,1
t-01735,treatment,0,0.0,141.5,1,1
t-01736,treatment,0,0.0,170.7,3,0
t-01737,treatment,1,50.98,166.3,5,0
t-01738,treatment,0,0.0,176.9,3,0
t-01739,treatment,0,0.0,206.5,7,1
t-01740,treatment,0,0.0,202.9,3,1
t-01741,treatment,1,20.11,156.0,1,0
t-01742,treatment,0,0.0,119.8,2,0
t-01743,treatment,0,0.0,186.6,4,0
t-01744,treatment,0,0.0,153.7,7,0
t-01745,treatment,0,0.0,158.9,5,1
t-01746,treatment,0,0.0,188.9,4,0
t-01747,treatment,0,0.0,162.6,5,0
t-01748,treatment,0,0.0,192.3,4,0
t-01749,treatment,0,0.0,280.5,3,1
t-01750,treatment,0,0.0,207.4,5,0
t-01751,treatment,0,0.0,233.8,2,1
t-01752,treatment,0,0.0,200.4,3,0
t-01753,treatment,0,0.0,183.1,3,0
t-01754,treatment,1,79.67,201.0,4,0
t-01755,treatment,0,0.0,199.1,5,0
t-01756,treatment,0,0.0,214.5,3,0
t-01757,treatment,0,0.0,182.4,3,1
t-01758,treatment,0,0.0,127.7,1,1
t-01759,treatment,0,0.0,121.3,3,1
t-01760,treatment,1,77.81,198.4,5,0
t-01761,treatment,0,0.0,135.0,0,0
t-01762,treatment,0,0.0,207.5,3,0
t-01763,treatment,0,0.0,233.5,3,1
t-01764,treatment,0,0.0,171.2,2,1
t-01765,treatment,0,0.0,228.5,3,0
t-01766,treatment,1,54.57,190.4,3,0
t-01767,treatment,0,0.0,181.0,2,1
t-01768,treatment,0,0.0,182.9,5,0
t-01769,treatment,0,0.0,146.8,6,0
t-01770,treatment,0,0.0,141.7,1,0
t-01771,treatment,0,0.0,114.2,1,1
t-01772,treatment,0,0.0,150.7,1,0
t-01773,treatment,0,0.0,265.6,5,0
t-01774,treatment,0,0.0,120.3,3,1
t-01775,treatment,0,0.0,132.9,5,1
t-01776,treatment,0,0.0,147.8,2,0
t-01777,treatment,0,0.0,149.7,2,1
t-01778,treatment,1,37.54,190.8,3,0
t-01779,treatment,0,0.0,155.5,4,1
t-01780,treatment,0,0.0,172.1,1,1
t-01781,treatment,0,0.0,146.0,2,0
t-01782,treatment,0,0.0,161.0,1,0
t-01783,treatment,0,0.0,177.6,1,0
t-01784,treatment,0,0.0,174.6,3,1
t-01785,treatment,0,0.0,259.2,5,0
t-01786,treatment,0,0.0,178.9,0,0
t-01787,treatment,0,0.0,171.6,0,1
t-01788,treatment,1,31.75,80.1,1,1
t-01789,treatment,0,0.0,189.6,1,0
t-01790,treatment,0,0.0,101.0,6,0
t-01791,treatment,0,0.0,202.1,1,0
t-01792,treatment,0,0.0,185.7,3,0
t-01793,treatment,0,0.0,211.9,6,1
t-01794,treatment,0,0.0,154.6,5,0
t-01795,treatment,0,0.0,181.1,1,1
t-01796,treatment,0,0.0,207.0,3,0
t-01797,treatment,0,0.0,142.8,4,1
t-01798,treatment,0,0.0,204.4,8,1
t-01799,treatment,0,0.0,202.6,3,1
t-01800,treatment,1,37.58,174.6,4,0
t-01801,treatment,0,0.0,243.1,0,1
t-01802,treatment,0,0.0,200.6,5,0
t-01803,treatment,0,0.0,113.0,5,0
t-01804,treatment,0,0.0,219.5,2,0
t-01805,treatment,0,0.0,153.7,1,0
t-01806,treatment,0,0.0,211.9,5,1
t-01807,treatment,1,58.53,191.8,8,0
t-01808,treatment,0,0.0,74.3,4,0
t-01809,treatment,0,0.0,204.2,4,1
t-01810,treatment,0,0.0,171.1,3,0
t-01811,treatment,0,0.0,161.6,2,1
t-01812,treatment,1,23.35,163.1,2,1
t-01813,treatment,1,64.78,211.6,0,1
t-01814,treatment,0,0.0,143.1,4,1
t-01815,treatment,0,0.0,224.5,2,0
t-01816,treatment,0,0.0,119.2,3,0
t-01817,treatment,0,0.0,191.8,2,0
t-01818,treatment,1,55.29,210.9,3,0
t-01819,treatment,0,0.0,209.9,1,0
t-01820,treatment,1,95.51,187.4,4,0
t-01821,treatment,1,73.37,171.7,2,1
t-01822,treatment,0,0.0,158.0,2,0
t-01823,treatment,0,0.0,131.1,3,1
t-01824,treatment,0,0.0,152.6,4,0
t-01825,treatment,0,0.0,141.5,4,0
t-01826,treatment,0,0.0,135.0,1,1
t-01827,treatment,0,0.0,252.1,2,0
t-01828,treatment,0,0.0,111.2,2,1
t-01829,treatment,0,0.0,225.0,5,0
t-01830,treatment,0,0.0,130.5,4,0
t-01831,treatment,0,0.0,139.1,3,0
t-01832,treatment,0,0.0,138.5,6,0
t-01833,treatment,0,0.0,135.6,4,0
t-01834,treatment,0,0.0,216.9,2,0
t-01835,treatment,0,0.0,203.5,0,1
t-01836,treatment,0,0.0,170.7,2,1
t-01837,treatment,0,0.0,288.3,2,0
t-01838,treatment,0,0.0,179.3,2,0
t-01839,treatment,0,0.0,182.4,6,0
t-01840,treatment,0,0.0,152.6,4,1
t-01841,treatment,0,0.0,147.8,2,0
t-01842,treatment,0,0.0,158.7,4,1
t-01843,treatment,0,0.0,214.1,3,0
t-01844,treatment,0,0.0,202.8,4,0
t-01845,treatment,1,38.65,231.6,3,0
t-01846,treatment,0,0.0,151.3,3,0
t-01847,treatment,0,0.0,203.6,8,1
t-01848,treatment,0,0.0,192.2,2,1
t-01849,treatment,0,0.0,197.4,3,1
t-01850,treatment,0,0.0,145.4,1,0
t-01851,treatment,0,0.0,138.5,3,0
t-01852,treatment,1,25.01,201.6,1,1
t-01853,treatment,1,36.98,214.9,4,1
t-01854,treatment,0,0.0,155.3,3,0
t-01855,treatment,1,99.64,204.4,2,0
t-01856,treatment,0,0.0,228.0,4,0
t-01857,treatment,0,0.0,165.5,1,0
t-01858,treatment,1,61.1,122.4,5,0
t-01859,treatment,0,0.0,127.4,0,0
t-01860,treatment,0,0.0,152.9,2,1
t-01861,treatment,0,0.0,162.2,2,0
t-01862,treatment,0,0.0,178.6,4,0
t-01863,treatment,0,0.0,179.4,4,0
t-01864,treatment,0,0.0,169.1,3,1
t-01865,treatment,1,70.02,207.2,2,0
t-01866,treatment,0,0.0,149.6,4,1
t-01867,treatment,0,0.0,230.6,1,0
t-01868,treatment,0,0.0,217.6,2,1
t-01869,treatment,0,0.0,214.7,4,0
t-01870,treatment,0,0.0,153.6,1,1
t-01871,treatment,0,0.0,175.3,3,0
t-01872,treatment,0,0.0,208.9,2,1
t-01873,treatment,0,0.0,172.0,4,0
t-01874,treatment,0,0.0,152.0,3,1
t-01875,treatment,0,0.0,150.4,3,0
t-01876,treatment,0,0.0,152.4,2,0
t-01877,treatment,0,0.0,133.6,1,1
t-01878,treatment,0,0.0,294.8,5,0
t-01879,treatment,0,0.0,101.9,2,0
t-01880,treatment,0,0.0,140.8,3,1
t-01881,treatment,0,0.0,203.8,2,1
t-01882,treatment,0,0.0,152.7,3,0
t-01883,treatment,0,0.0,165.9,1,0
t-01884,treatment,0,0.0,195.8,1,0
t-01885,treatment,0,0.0,221.3,0,0
t-01886,treatment,0,0.0,169.1,3,0
t-01887,treatment,0,0.0,216.9,1,0
t-01888,treatment,0,0.0,112.1,2,1
t-01889,treatment,0,0.0,155.8,2,1
t-01890,treatment,0,0.0,199.8,0,0
t-01891,treatment,0,0.0,258.9,6,0
t-01892,treatment,0,0.0,141.4,4,1
t-01893,treatment,0,0.0,134.3,2,1
t-01894,treatment,0,0.0,193.7,4,0
t-01895,treatment,0,0.0,182.1,3,0
t-01896,treatment,0,0.0,151.3,2,1
t-01897,treatment,0,0.0,131.3,4,1
t-01898,treatment,0,0.0,159.4,0,0
t-01899,treatment,0,0.0,200.8,3,0
t-01900,treatment,0,0.0,166.7,2,1
t-01901,treatment,0,0.0,226.8,3,0
t-01902,treatment,0,0.0,174.6,3,0
t-01903,treatment,0,0.0,204.1,1,1
t-01904,treatment,0,0.0,191.1,4,0
t-01905,treatment,0,0.0,163.9,1,0
t-01906,treatment,0,0.0,213.3,0,0
t-01907,treatment,0,0.0,131.3,6,0
t-01908,treatment,0,0.0,157.9,3,0
t-01909,treatment,0,0.0,163.4,5,1
t-01910,treatment,0,0.0,195.3,3,1
t-01911,treatment,0,0.0,205.2,2,1
t-01912,treatment,0,0.0,147.4,5,0
t-01913,treatment,0,0.0,141.8,3,0
t-01914,treatment,1,40.32,183.1,4,0
t-01915,treatment,0,0.0,118.5,5,1
t-01916,treatment,0,0.0,220.3,5,0
t-01917,treatment,0,0.0,171.0,2,0
t-01918,treatment,0,0.0,133.2,2,0
t-01919,treatment,0,0.0,132.4,7,1
t-01920,treatment,0,0.0,192.5,7,0
t-01921,treatment,0,0.0,191.4,3,0
t-01922,treatment,1,66.56,149.3,5,0
t-01923,treatment,0,0.0,175.4,3,0
t-01924,treatment,0,0.0,134.8,1,0
t-01925,treatment,0,0.0,169.7,2,1
t-01926,treatment,0,0.0,239.0,2,1
t-01927,treatment,0,0.0,265.2,1,0
t-01928,treatment,0,0.0,171.5,1,1
t-01929,treatment,1,27.0,197.3,2,0
t-01930,treatment,0,0.0,195.7,5,1
t-01931,treatment,0,0.0,111.2,6,0
t-01932,treatment,0,0.0,134.0,2,0
t-01933,treatment,1,81.52,87.4,3,1
t-01934,treatment,0,0.0,198.0,2,1
t-01935,treatment,1,31.82,257.8,5,0
t-01936,treatment,0,0.0,222.6,1,1
t-01937,treatment,0,0.0,181.8,6,0
t-01938,treatment,0,0.0,176.1,3,0
t-01939,treatment,0,0.0,165.9,6,0
t-01940,treatment,0,0.0,222.4,2,0
t-01941,treatment,0,0.0,188.6,5,1
t-01942,treatment,0,0.0,182.5,6,0
t-01943,treatment,0,0.0,135.9,2,0
t-01944,treatment,0,0.0,204.0,3,1
t-01945,treatment,0,0.0,174.0,2,0
t-01946,treatment,0,0.0,195.9,2,1
t-01947,treatment,0,0.0,220.0,2,0
t-01948,treatment,0,0.0,114.6,1,1
t-01949,treatment,0,0.0,168.2,2,0
t-01950,treatment,0,0.0,162.4,3,1
t-01951,treatment,0,0.0,158.8,4,0
t-01952,treatment,0,0.0,135.3,3,0
t-01953,treatment,0,0.0,150.9,6,0
t-01954,treatment,0,0.0,136.1,3,0
t-01955,treatment,1,22.01,213.0,2,0
t-01956,treatment,0,0.0,195.1,2,0
t-01957,treatment,0,0.0,192.3,4,0
t-01958,treatment,0,0.0,102.9,2,0
t-01959,treatment,0,0.0,258.0,4,1
t-01960,treatment,0,0.0,163.7,2,1
t-01961,treatment,1,148.12,249.8,2,0
t-01962,treatment,0,0.0,210.0,5,0
t-01963,treatment,0,0.0,170.7,6,1
t-01964,treatment,0,0.0,261.7,5,0
t-01965,treatment,0,0.0,202.7,2,0
t-01966,treatment,0,0.0,170.9,4,0
t-01967,treatment,0,0.0,164.4,4,0
t-01968,treatment,0,0.0,221.3,5,0
t-01969,treatment,0,0.0,158.5,8,1
t-01970,treatment,0,0.0,164.9,3,0
t-01971,treatment,1,56.87,156.1,3,0
t-01972,treatment,0,0.0,149.8,2,1
t-01973,treatment,0,0.0,152.2,4,0
t-01974,treatment,0,0.0,250.9,2,1
t-01975,treatment,0,0.0,220.3,3,0
t-01976,treatment,0,0.0,189.4,4,1
t-01977,treatment,0,0.0,158.1,1,0
t-01978,treatment,0,0.0,157.9,3,1
t-01979,treatment,0,0.0,165.3,1,0
t-01980,treatment,0,0.0,251.6,5,0
t-01981,treatment,0,0.0,191.6,5,1
t-01982,treatment,0,0.0,209.9,0,0
t-01983,treatment,0,0.0,188.0,4,1
t-01984,treatment,0,0.0,144.6,5,0
t-01985,treatment,0,0.0,184.1,3,0
t-01986,treatment,0,0.0,137.0,4,0
t-01987,treatment,0,0.0,227.8,4,0
t-01988,treatment,1,56.16,150.1,5,1
t-01989,treatment,0,0.0,157.1,4,1
t-01990,treatment,0,0.0,212.5,3,1
t-01991,treatment,0,0.0,152.1,5,1
t-01992,treatment,0,0.0,171.2,3,0
t-01993,treatment,0,0.0,74.5,0,0
t-01994,treatment,0,0.0,167.1,3,0
t-01995,treatment,1,23.07,203.8,3,1
t-01996,treatment,0,0.0,154.9,6,1
t-01997,treatment,0,0.0,202.4,3,0
t-01998,treatment,0,0.0,179.4,5,0
t-01999,treatment,1,70.82,223.5,2,0
t-02000,treatment,0,0.0,150.6,4,1
t-02001,treatment,0,0.0,170.3,6,1
t-02002,treatment,0,0.0,121.2,3,1
t-02003,treatment,1,79.74,176.3,3,1
t-02004,treatment,0,0.0,163.1,4,1
t-02005,treatment,0,0.0,218.4,5,1
t-02006,treatment,0,0.0,155.0,5,0
t-02007,treatment,0,0.0,163.1,5,1
t-02008,treatment,0,0.0,153.0,3,0
t-02009,treatment,0,0.0,181.1,2,0
t-02010,treatment,0,0.0,259.5,7,0
t-02011,treatment,0,0.0,40.1,2,0
t-02012,treatment,0,0.0,178.1,2,0
t-02013,treatment,0,0.0,227.0,3,0
t-02014,treatment,0,0.0,159.4,2,1
t-02015,treatment,0,0.0,201.1,1,1
t-02016,treatment,0,0.0,227.1,3,0
t-02017,treatment,0,0.0,169.0,2,1
t-02018,treatment,0,0.0,153.9,2,0
t-02019,treatment,0,0.0,217.4,4,1
t-02020,treatment,1,48.93,199.8,3,1
t-02021,treatment,1,79.87,177.5,2,1
t-02022,treatment,0,0.0,204.4,3,1
t-02023,treatment,0,0.0,218.4,4,0
t-02024,treatment,0,0.0,177.9,1,0
t-02025,treatment,1,90.62,192.2,8,1
t-02026,treatment,0,0.0,200.9,4,0
t-02027,treatment,0,0.0,161.5,1,0
t-02028,treatment,0,0.0,227.5,2,1
t-02029,treatment,0,0.0,138.8,3,1
t-02030,treatment,0,0.0,174.7,5,0
t-02031,treatment,0,0.0,210.7,4,0
t-02032,treatment,0,0.0,137.7,4,1
t-02033,treatment,0,0.0,214.9,3,0
t-02034,treatment,0,0.0,187.6,3,0
t-02035,treatment,0,0.0,233.0,3,0
t-02036,treatment,0,0.0,204.5,2,0
t-02037,treatment,0,0.0,173.5,6,1
t-02038,treatment,0,0.0,189.3,5,1
t-02039,treatment,1,67.8,190.7,4,1
t-02040,treatment,0,0.0,260.9,3,0
t-02041,treatment,0,0.0,183.4,2,1
t-02042,treatment,0,0.0,174.5,1,1
t-02043,treatment,0,0.0,172.2,1,0
t-02044,treatment,0,0.0,187.6,3,0
t-02045,treatment,1,20.19,134.6,3,0
t-02046,treatment,0,0.0,164.7,4,1
t-02047,treatment,0,0.0,139.5,2,1
t-02048,treatment,0,0.0,144.7,4,1
t-02049,treatment,0,0.0,212.2,1,1
t-02050,treatment,0,0.0,181.1,2,1
t-02051,treatment,0,0.0,150.3,3,1
t-02052,treatment,0,0.0,174.0,2,1
t-02053,treatment,0,0.0,170.2,4,1
t-02054,treatment,0,0.0,182.1,4,0
t-02055,treatment,0,0.0,119.7,1,0
t-02056,treatment,0,0.0,136.3,5,1
t-02057,treatment,0,0.0,122.3,3,0
t-02058,treatment,0,0.0,144.0,0,0
t-02059,treatment,0,0.0,151.1,2,1
t-02060,treatment,0,0.0,138.6,8,1
t-02061,treatment,0,0.0,210.6,3,0
t-02062,treatment,0,0.0,253.6,3,0
t-02063,treatment,0,0.0,213.0,0,1
t-02064,treatment,0,0.0,157.4,6,1
t-02065,treatment,0,0.0,188.4,4,1
t-02066,treatment,0,0.0,177.3,4,1
t-02067,treatment,0,0.0,155.6,3,0
t-02068,treatment,0,0.0,233.0,0,1
t-02069,treatment,0,0.0,260.3,6,1
t-02070,treatment,0,0.0,121.2,3,0
t-02071,treatment,1,31.87,237.6,5,1
t-02072,treatment,0,0.0,156.4,2,0
t-02073,treatment,0,0.0,169.5,2,0
t-02074,treatment,0,0.0,191.3,3,0
t-02075,treatment,0,0.0,241.9,2,0
t-02076,treatment,0,0.0,191.2,1,1
t-02077,treatment,0,0.0,196.5,4,1
t-02078,treatment,0,0.0,214.1,3,0
t-02079,treatment,0,0.0,220.4,6,0
t-02080,treatment,1,114.33,200.4,3,1
t-02081,treatment,1,55.54,220.7,3,1
t-02082,treatment,0,0.0,156.1,0,1
t-02083,treatment,1,55.65,110.6,2,1
t-02084,treatment,0,0.0,253.0,0,1
t-02085,treatment,0,0.0,138.5,6,1
t-02086,treatment,0,0.0,158.6,2,0
t-02087,treatment,0,0.0,166.7,6,0
t-02088,treatment,0,0.0,159.8,3,0
t-02089,treatment,0,0.0,151.0,3,1
t-02090,treatment,0,0.0,198.5,4,0
t-02091,treatment,0,0.0,199.0,2,0
t-02092,treatment,0,0.0,204.8,3,0
t-02093,treatment,0,0.0,202.3,3,0
t-02094,treatment,0,0.0,163.3,0,0
t-02095,treatment,1,36.81,163.3,2,1
t-02096,treatment,0,0.0,224.8,5,1
t-02097,treatment,0,0.0,159.1,2,1
t-02098,treatment,0,0.0,158.3,2,0
t-02099,treatment,1,40.17,217.2,3,1
t-02100,treatment,0,0.0,179.3,3,0
t-02101,treatment,0,0.0,159.8,2,0
t-02102,treatment,0,0.0,160.2,3,0
t-02103,treatment,0,0.0,225.0,4,0
t-02104,treatment,0,0.0,203.4,4,0
t-02105,treatment,0,0.0,189.5,3,0
t-02106,treatment,0,0.0,133.3,2,0
t-02107,treatment,0,0.0,189.6,1,1
t-02108,treatment,0,0.0,171.5,2,1
t-02109,treatment,0,0.0,143.5,4,1
t-02110,treatment,0,0.0,155.9,6,1
t-02111,treatment,0,0.0,207.8,1,1
t-02112,treatment,0,0.0,229.7,5,0
t-02113,treatment,1,91.53,137.7,1,1
t-02114,treatment,0,0.0,142.7,1,0
t-02115,treatment,0,0.0,207.8,1,1
t-02116,treatment,0,0.0,163.6,4,0
t-02117,treatment,0,0.0,202.1,5,0
t-02118,treatment,0,0.0,163.1,3,0
t-02119,treatment,0,0.0,203.1,1,1
t-02120,treatment,0,0.0,125.1,2,1
t-02121,treatment,1,105.04,202.0,0,0
t-02122,treatment,0,0.0,96.0,3,0
t-02123,treatment,0,0.0,217.0,3,1
t-02124,treatment,0,0.0,178.6,4,0
t-02125,treatment,0,0.0,197.6,3,0
t-02126,treatment,0,0.0,189.5,2,0
t-02127,treatment,0,0.0,111.8,5,1
t-02128,treatment,0,0.0,234.7,1,1
t-02129,treatment,0,0.0,193.4,2,1
t-02130,treatment,0,0.0,210.3,3,0
t-02131,treatment,0,0.0,148.0,2,0
t-02132,treatment,0,0.0,189.6,1,0
t-02133,treatment,0,0.0,127.6,6,0
t-02134,treatment,0,0.0,186.0,1,0
t-02135,treatment,1,76.61,142.4,4,0
t-02136,treatment,0,0.0,380.3,2,0
t-02137,treatment,0,0.0,204.2,5,0
t-02138,treatment,0,0.0,233.2,0,0
t-02139,treatment,0,0.0,170.0,3,1
t-02140,treatment,0,0.0,196.0,1,0
t-02141,treatment,1,68.59,216.2,4,0
t-02142,treatment,0,0.0,137.1,2,0
t-02143,treatment,1,70.95,153.1,0,0
t-02144,treatment,0,0.0,218.9,2,1
t-02145,treatment,0,0.0,171.3,2,0
t-02146,treatment,0,0.0,150.1,5,0
t-02147,treatment,0,0.0,154.8,3,0
t-02148,treatment,0,0.0,131.1,6,1
t-02149,treatment,0,0.0,101.6,3,0
t-02150,treatment,0,0.0,112.2,3,0
t-02151,treatment,0,0.0,181.8,2,1
t-02152,treatment,0,0.0,206.9,2,1
t-02153,treatment,0,0.0,280.8,4,1
t-02154,treatment,1,51.85,178.3,3,0
t-02155,treatment,0,0.0,128.8,2,1
t-02156,treatment,1,31.14,178.9,4,0
t-02157,treatment,0,0.0,208.1,1,0
t-02158,treatment,0,0.0,221.2,2,0
t-02159,treatment,0,0.0,217.3,3,0
t-02160,treatment,0,0.0,202.9,5,0
t-02161,treatment,0,0.0,183.8,6,0
t-02162,treatment,0,0.0,209.5,4,1
t-02163,treatment,0,0.0,132.6,5,0
t-02164,treatment,0,0.0,99.7,3,0
t-02165,treatment,0,0.0,263.7,1,0
t-02166,treatment,0,0.0,178.1,5,1
t-02167,treatment,0,0.0,201.4,2,1
t-02168,treatment,0,0.0,67.9,3,1
t-02169,treatment,1,28.25,241.8,4,0
t-02170,treatment,0,0.0,226.2,2,1
t-02171,treatment,0,0.0,117.4,1,0
t-02172,treatment,0,0.0,167.3,5,0
t-02173,treatment,0,0.0,190.6,5,0
t-02174,treatment,1,96.7,129.4,1,0
t-02175,treatment,0,0.0,199.6,3,0
t-02176,treatment,0,0.0,221.8,2,1
t-02177,treatment,1,52.73,193.0,4,1
t-02178,treatment,0,0.0,117.4,3,0
t-02179,treatment,0,0.0,138.5,4,0
t-02180,treatment,0,0.0,175.0,3,0
t-02181,treatment,0,0.0,170.0,1,1
t-02182,treatment,1,66.33,170.8,6,1
t-02183,treatment,0,0.0,169.4,3,0
t-02184,treatment,0,0.0,107.8,2,1
t-02185,treatment,0,0.0,212.2,2,0
t-02186,treatment,0,0.0,205.1,6,0
t-02187,treatment,0,0.0,200.9,4,1
t-02188,treatment,0,0.0,197.2,3,1
t-02189,treatment,0,0.0,168.6,3,1
t-02190,treatment,0,0.0,155.7,3,0
t-02191,treatment,1,58.84,139.3,2,1
t-02192,treatment,0,0.0,241.7,2,0
t-02193,treatment,0,0.0,179.2,2,0
t-02194,treatment,0,0.0,113.6,6,0
t-02195,treatment,1,60.2,178.8,3,1
t-02196,treatment,0,0.0,96.6,3,0
t-02197,treatment,0,0.0,189.9,0,1
t-02198,treatment,0,0.0,185.7,7,0
t-02199,treatment,0,0.0,158.3,3,1
t-02200,treatment,1,62.5,142.4,4,0
t-02201,treatment,0,0.0,202.5,4,0
t-02202,treatment,0,0.0,176.7,2,0
t-02203,treatment,0,0.0,102.3,2,0
t-02204,treatment,0,0.0,228.2,1,0
t-02205,treatment,0,0.0,142.4,1,0
t-02206,treatment,0,0.0,127.3,9,0
t-02207,treatment,0,0.0,234.3,3,0
t-02208,treatment,0,0.0,222.4,3,0
t-02209,treatment,0,0.0,163.2,3,1
t-02210,treatment,0,0.0,129.9,4,0
t-02211,treatment,0,0.0,143.6,4,1
t-02212,treatment,0,0.0,162.5,6,0
t-02213,treatment,0,0.0,228.6,3,0
t-02214,treatment,0,0.0,231.8,2,1
t-02215,treatment,1,73.25,186.6,2,1
t-02216,treatment,0,0.0,206.0,4,0
t-02217,treatment,1,37.89,171.6,3,0
t-02218,treatment,0,0.0,145.1,7,1
t-02219,treatment,0,0.0,120.0,7,1
t-02220,treatment,0,0.0,192.9,3,1
t-02221,treatment,0,0.0,216.0,5,1
t-02222,treatment,0,0.0,159.6,5,0
t-02223,treatment,0,0.0,227.5,5,1
t-02224,treatment,1,91.11,164.6,3,1
t-02225,treatment,0,0.0,183.3,2,0
t-02226,treatment,1,38.4,171.2,2,1
t-02227,treatment,0,0.0,229.5,4,1
t-02228,treatment,1,59.61,199.7,8,0
t-02229,treatment,0,0.0,177.7,0,0
t-02230,treatment,0,0.0,183.1,3,1
t-02231,treatment,0,0.0,132.4,3,0
t-02232,treatment,1,31.43,90.7,3,0
t-02233,treatment,0,0.0,158.7,1,1
t-02234,treatment,0,0.0,172.2,2,0
t-02235,treatment,1,49.65,201.3,3,0
t-02236,treatment,0,0.0,173.5,4,0
t-02237,treatment,0,0.0,161.2,0,1
t-02238,treatment,0,0.0,62.1,2,0
t-02239,treatment,0,0.0,201.1,5,1
t-02240,treatment,1,39.77,188.4,6,1
t-02241,treatment,0,0.0,212.6,2,0
t-02242,treatment,0,0.0,181.1,4,1
t-02243,treatment,0,0.0,225.9,1,0
t-02244,treatment,0,0.0,158.0,2,1
t-02245,treatment,0,0.0,178.4,1,0
t-02246,treatment,0,0.0,189.6,6,0
t-02247,treatment,0,0.0,206.4,4,0
t-02248,treatment,0,0.0,196.7,4,0
t-02249,treatment,0,0.0,199.1,1,0
t-02250,treatment,0,0.0,190.8,3,1
t-02251,treatment,1,54.1,172.3,5,0
t-02252,treatment,0,0.0,216.1,2,0
t-02253,treatment,0,0.0,113.0,1,0
t-02254,treatment,1,74.51,154.8,2,1
t-02255,treatment,1,55.38,243.7,4,1
t-02256,treatment,0,0.0,153.1,3,0
t-02257,treatment,0,0.0,176.9,3,1
t-02258,treatment,0,0.0,235.5,4,0
t-02259,treatment,0,0.0,175.0,3,1
t-02260,treatment,0,0.0,146.6,3,1
t-02261,treatment,0,0.0,227.9,5,0
t-02262,treatment,0,0.0,168.4,3,0
t-02263,treatment,0,0.0,171.2,0,0
t-02264,treatment,0,0.0,100.8,2,0
t-02265,treatment,1,129.33,174.9,2,0
t-02266,treatment,0,0.0,207.3,4,1
t-02267,treatment,0,0.0,162.8,4,1
t-02268,treatment,1,76.57,128.7,5,0
t-02269,treatment,0,0.0,160.8,1,0
t-02270,treatment,0,0.0,155.4,2,0
t-02271,treatment,0,0.0,169.9,0,0
t-02272,treatment,0,0.0,159.3,7,1
t-02273,treatment,0,0.0,246.6,3,1
t-02274,treatment,0,0.0,192.1,1,0
t-02275,treatment,0,0.0,110.4,4,1
t-02276,treatment,0,0.0,182.9,1,1
t-02277,treatment,0,0.0,178.4,1,0
t-02278,treatment,1,48.29,227.8,0,1
t-02279,treatment,0,0.0,173.8,1,0
t-02280,treatment,0,0.0,172.6,1,1
t-02281,treatment,0,0.0,254.5,1,0
t-02282,treatment,0,0.0,137.2,4,1
t-02283,treatment,0,0.0,211.9,1,0
t-02284,treatment,0,0.0,182.6,5,1
t-02285,treatment,0,0.0,160.0,3,0
t-02286,treatment,0,0.0,154.1,5,0
t-02287,treatment,0,0.0,234.3,2,1
t-02288,treatment,0,0.0,198.6,2,0
t-02289,treatment,0,0.0,204.0,2,0
t-02290,treatment,0,0.0,215.6,0,1
t-02291,treatment,0,0.0,193.7,2,0
t-02292,treatment,0,0.0,137.6,2,0
t-02293,treatment,0,0.0,117.1,5,0
t-02294,treatment,1,51.48,241.6,1,1
t-02295,treatment,0,0.0,188.3,4,0
t-02296,treatment,0,0.0,183.2,3,0
t-02297,treatment,0,0.0,252.2,1,0
t-02298,treatment,1,63.43,137.4,9,0
t-02299,treatment,0,0.0,79.1,5,0
t-02300,treatment,0,0.0,107.5,5,0
t-02301,treatment,0,0.0,158.8,4,0
t-02302,treatment,0,0.0,184.7,3,0
t-02303,treatment,0,0.0,235.7,7,0
t-02304,treatment,0,0.0,213.7,4,0
t-02305,treatment,0,0.0,77.5,2,1
t-02306,treatment,0,0.0,292.0,3,1
t-02307,treatment,0,0.0,163.6,5,1
t-02308,treatment,0,0.0,229.1,3,0
t-02309,treatment,0,0.0,201.8,3,1
t-02310,treatment,0,0.0,180.2,0,0
t-02311,treatment,0,0.0,170.5,0,1
t-02312,treatment,0,0.0,135.5,3,1
t-02313,treatment,1,73.48,128.5,7,1
t-02314,treatment,0,0.0,173.4,4,1
t-02315,treatment,0,0.0,124.5,3,0
t-02316,treatment,0,0.0,245.9,6,0
t-02317,treatment,0,0.0,183.9,3,0
t-02318,treatment,0,0.0,263.7,3,0
t-02319,treatment,1,30.71,162.6,4,1
t-02320,treatment,0,0.0,156.4,1,0
t-02321,treatment,0,0.0,203.6,1,0
t-02322,treatment,0,0.0,169.6,3,1
t-02323,treatment,0,0.0,218.9,2,1
t-02324,treatment,0,0.0,237.5,3,0
t-02325,treatment,0,0.0,224.0,2,1
t-02326,treatment,0,0.0,234.6,4,0
t-02327,treatment,0,0.0,212.7,3,1
t-02328,treatment,0,0.0,158.0,4,1
t-02329,treatment,1,71.27,225.6,3,1
t-02330,treatment,0,0.0,207.9,2,1
t-02331,treatment,0,0.0,155.3,4,0
t-02332,treatment,0,0.0,160.4,1,0
t-02333,treatment,0,0.0,176.3,2,1
t-02334,treatment,0,0.0,224.5,2,1
t-02335,treatment,0,0.0,184.7,2,0
t-02336,treatment,0,0.0,179.8,1,0
t-02337,treatment,0,0.0,173.6,5,0
t-02338,treatment,1,31.07,165.9,1,0
t-02339,treatment,0,0.0,133.4,3,0
t-02340,treatment,0,0.0,211.8,3,0
t-02341,treatment,1,68.23,139.3,5,1
t-02342,treatment,1,87.8,182.7,2,0
t-02343,treatment,0,0.0,163.6,5,1
t-02344,treatment,0,0.0,210.7,2,0
t-02345,treatment,0,0.0,166.3,1,1
t-02346,treatment,0,0.0,139.8,6,0
t-02347,treatment,0,0.0,219.6,0,0
t-02348,treatment,0,0.0,147.0,1,1
t-02349,treatment,0,0.0,186.2,1,0
t-02350,treatment,1,61.24,231.0,4,1
t-02351,treatment,1,18.79,150.8,4,0
t-02352,treatment,0,0.0,175.9,1,1
t-02353,treatment,0,0.0,162.8,3,0
t-02354,treatment,1,24.0,185.3,6,0
t-02355,treatment,0,0.0,177.3,4,0
t-02356,treatment,0,0.0,216.8,1,1
t-02357,treatment,0,0.0,155.2,1,0
t-02358,treatment,0,0.0,231.0,5,0
t-02359,treatment,0,0.0,244.2,5,0
t-02360,treatment,0,0.0,190.3,6,1
t-02361,treatment,0,0.0,148.4,4,1
t-02362,treatment,1,68.94,178.4,1,0
t-02363,treatment,0,0.0,175.0,4,0
t-02364,treatment,0,0.0,250.9,1,1
t-02365,treatment,0,0.0,175.9,2,0
t-02366,treatment,0,0.0,235.3,2,0
t-02367,treatment,0,0.0,184.5,1,1
t-02368,treatment,0,0.0,181.8,2,0
t-02369,treatment,0,0.0,165.8,5,0
t-02370,treatment,0,0.0,169.6,3,0
t-02371,treatment,0,0.0,215.6,1,0
t-02372,treatment,0,0.0,150.8,4,1
t-02373,treatment,0,0.0,218.4,2,1
t-02374,treatment,0,0.0,237.6,4,1
t-02375,treatment,0,0.0,156.3,3,0
t-02376,treatment,0,0.0,228.3,4,1
t-02377,treatment,0,0.0,221.9,2,1
t-02378,treatment,0,0.0,214.8,2,0
t-02379,treatment,0,0.0,154.6,1,0
t-02380,treatment,0,0.0,175.2,3,1
t-02381,treatment,0,0.0,175.2,4,1
t-02382,treatment,0,0.0,263.6,5,1
t-02383,treatment,0,0.0,179.6,3,1
t-02384,treatment,0,0.0,172.7,3,0
t-02385,treatment,0,0.0,134.1,3,0
t-02386,treatment,1,17.74,141.1,4,0
t-02387,treatment,0,0.0,152.6,10,0
t-02388,treatment,0,0.0,194.5,2,0
t-02389,treatment,0,0.0,123.0,3,0
t-02390,treatment,0,0.0,153.4,4,0
t-02391,treatment,0,0.0,105.6,2,1
t-02392,treatment,0,0.0,236.1,0,0
t-02393,treatment,0,0.0,184.3,3,1
t-02394,treatment,0,0.0,192.4,5,0
t-02395,treatment,0,0.0,136.4,3,1
t-02396,treatment,0,0.0,226.5,2,1
t-02397,treatment,0,0.0,240.1,3,1
t-02398,treatment,1,70.42,182.7,3,0
t-02399,treatment,0,0.0,160.8,2,0
t-02400,treatment,0,0.0,202.1,3,0
t-02401,treatment,0,0.0,209.4,4,1
t-02402,treatment,0,0.0,214.8,5,0
t-02403,treatment,0,0.0,206.6,3,0
t-02404,treatment,0,0.0,218.6,2,0
t-02405,treatment,0,0.0,152.3,3,0
t-02406,treatment,1,83.36,216.5,0,1
t-02407,treatment,0,0.0,161.8,4,0
t-02408,treatment,0,0.0,79.6,4,1
t-02409,treatment,0,0.0,161.5,1,0
t-02410,treatment,0,0.0,157.8,3,1
t-02411,treatment,0,0.0,189.6,3,1
t-02412,treatment,0,0.0,213.5,3,0
t-02413,treatment,0,0.0,187.7,3,0
t-02414,treatment,0,0.0,260.3,1,0
t-02415,treatment,0,0.0,159.0,2,1
t-02416,treatment,0,0.0,100.5,3,0
t-02417,treatment,0,0.0,191.1,2,0
t-02418,treatment,1,89.2,158.2,2,0
t-02419,treatment,0,0.0,136.6,1,1
t-02420,treatment,0,0.0,168.1,5,1
t-02421,treatment,0,0.0,148.7,3,0
t-02422,treatment,0,0.0,152.6,5,0
t-02423,treatment,0,0.0,240.9,3,1
t-02424,treatment,1,48.01,185.0,3,1
t-02425,treatment,0,0.0,169.4,8,1
t-02426,treatment,0,0.0,243.9,2,1
t-02427,treatment,0,0.0,168.2,3,1
t-02428,treatment,0,0.0,130.8,3,1
t-02429,treatment,0,0.0,126.9,1,0
t-02430,treatment,0,0.0,176.8,3,1
t-02431,treatment,0,0.0,114.3,0,1
t-02432,treatment,0,0.0,133.1,2,0
t-02433,treatment,0,0.0,164.7,3,0
t-02434,treatment,0,0.0,225.3,2,0
t-02435,treatment,0,0.0,231.7,3,1
t-02436,treatment,0,0.0,206.4,2,0
t-02437,treatment,0,0.0,179.8,1,0
t-02438,treatment,0,0.0,157.2,2,0
t-02439,treatment,0,0.0,195.5,4,1
t-02440,treatment,0,0.0,251.3,0,0
t-02441,treatment,0,0.0,185.7,3,0
t-02442,treatment,0,0.0,161.5,4,0
t-02443,treatment,0,0.0,173.7,2,0
t-02444,treatment,0,0.0,169.3,3,0
t-02445,treatment,1,65.19,202.0,1,0
t-02446,treatment,0,0.0,149.5,1,1
t-02447,treatment,0,0.0,196.2,8,1
t-02448,treatment,0,0.0,202.7,4,0
t-02449,treatment,0,0.0,193.8,3,1
t-02450,treatment,0,0.0,136.6,4,1
t-02451,treatment,0,0.0,174.0,2,0
t-02452,treatment,0,0.0,158.9,5,0
t-02453,treatment,0,0.0,177.0,2,1
t-02454,treatment,0,0.0,153.3,2,0
t-02455,treatment,0,0.0,229.7,4,0
t-02456,treatment,0,0.0,187.5,1,0
t-02457,treatment,0,0.0,115.3,1,1
t-02458,treatment,0,0.0,126.8,2,0
t-02459,treatment,0,0.0,228.2,4,0
t-02460,treatment,0,0.0,172.8,5,0
t-02461,treatment,1,58.79,164.4,2,0
t-02462,treatment,0,0.0,225.1,3,1
t-02463,treatment,0,0.0,173.9,2,1
t-02464,treatment,0,0.0,132.2,3,1
t-02465,treatment,0,0.0,134.9,1,0
t-02466,treatment,0,0.0,205.1,1,0
t-02467,treatment,0,0.0,261.2,5,0
t-02468,treatment,0,0.0,213.6,3,1
t-02469,treatment,0,0.0,164.7,3,1
t-02470,treatment,0,0.0,170.9,4,1
t-02471,treatment,0,0.0,181.9,4,1
t-02472,treatment,0,0.0,99.2,1,0
t-02473,treatment,0,0.0,180.9,2,0
t-02474,treatment,0,0.0,203.4,3,1
t-02475,treatment,0,0.0,250.9,2,0
t-02476,treatment,0,0.0,223.6,2,0
t-02477,treatment,0,0.0,257.2,2,1
t-02478,treatment,0,0.0,247.2,6,0
t-02479,treatment,1,27.58,235.8,1,0
t-02480,treatment,0,0.0,181.0,4,0
t-02481,treatment,0,0.0,193.8,4,0
t-02482,treatment,0,0.0,113.2,6,0
t-02483,treatment,0,0.0,185.2,4,1
t-02484,treatment,0,0.0,202.6,4,0
t-02485,treatment,0,0.0,168.7,0,0
t-02486,treatment,0,0.0,118.3,5,0
t-02487,treatment,0,0.0,243.3,2,1
t-02488,treatment,0,0.0,196.2,4,1
t-02489,treatment,0,0.0,248.8,2,1
t-02490,treatment,0,0.0,209.7,2,0
t-02491,treatment,0,0.0,234.7,1,1
t-02492,treatment,0,0.0,226.5,4,0
t-02493,treatment,0,0.0,152.8,4,0
t-02494,treatment,0,0.0,159.6,3,0
t-02495,treatment,0,0.0,162.9,2,0
t-02496,treatment,0,0.0,141.3,3,0
t-02497,treatment,0,0.0,250.6,2,0
t-02498,treatment,1,74.83,181.7,2,0
t-02499,treatment,1,100.05,198.4,4,0
t-02500,treatment,1,72.98,126.8,3,1
t-02501,treatment,0,0.0,212.7,1,1
t-02502,treatment,0,0.0,163.6,3,1
t-02503,treatment,0,0.0,230.4,5,1
t-02504,treatment,0,0.0,152.6,2,0
t-02505,treatment,0,0.0,233.3,7,1
t-02506,treatment,0,0.0,217.6,1,0
t-02507,treatment,0,0.0,161.4,1,1
t-02508,treatment,0,0.0,236.7,1,0
t-02509,treatment,1,42.68,226.0,2,0
t-02510,treatment,0,0.0,199.6,4,1
t-02511,treatment,0,0.0,140.3,9,1
t-02512,treatment,0,0.0,212.0,1,0
t-02513,treatment,0,0.0,182.6,1,1
t-02514,treatment,1,74.66,182.0,2,0
t-02515,treatment,0,0.0,183.0,6,0
t-02516,treatment,0,0.0,178.8,0,0
t-02517,treatment,0,0.0,145.4,4,1
t-02518,treatment,0,0.0,119.4,0,0
t-02519,treatment,0,0.0,111.1,4,1
t-02520,treatment,1,95.96,192.0,1,1
t-02521,treatment,0,0.0,83.0,3,1
t-02522,treatment,0,0.0,209.0,3,0
t-02523,treatment,0,0.0,200.2,2,1
t-02524,treatment,0,0.0,167.9,7,0
t-02525,treatment,0,0.0,221.1,4,0
t-02526,treatment,0,0.0,169.6,4,0
t-02527,treatment,0,0.0,196.7,2,0
t-02528,treatment,0,0.0,101.7,6,0
t-02529,treatment,0,0.0,90.3,3,1
t-02530,treatment,0,0.0,170.6,2,0
t-02531,treatment,0,0.0,196.9,2,1
t-02532,treatment,0,0.0,218.0,5,0
t-02533,treatment,0,0.0,172.9,5,1
t-02534,treatment,0,0.0,189.9,5,1
t-02535,treatment,0,0.0,211.4,4,1
t-02536,treatment,1,90.45,174.9,2,0
t-02537,treatment,0,0.0,203.5,5,1
t-02538,treatment,0,0.0,134.8,2,0
t-02539,treatment,0,0.0,113.7,2,0
t-02540,treatment,0,0.0,158.6,3,0
t-02541,treatment,0,0.0,211.0,4,0
t-02542,treatment,0,0.0,151.6,6,1
t-02543,treatment,0,0.0,206.0,4,0
t-02544,treatment,0,0.0,138.9,2,0
t-02545,treatment,0,0.0,156.7,1,0
t-02546,treatment,0,0.0,189.7,1,0
t-02547,treatment,0,0.0,153.3,5,1
t-02548,treatment,0,0.0,160.1,0,0
t-02549,treatment,0,0.0,75.7,8,1
t-02550,treatment,0,0.0,213.6,1,0
t-02551,treatment,0,0.0,175.3,2,0
t-02552,treatment,0,0.0,142.2,4,0
t-02553,treatment,0,0.0,253.3,1,0
t-02554,treatment,0,0.0,148.4,1,0
t-02555,treatment,0,0.0,159.4,3,1
t-02556,treatment,0,0.0,141.5,4,0
t-02557,treatment,0,0.0,224.2,1,0
t-02558,treatment,0,0.0,237.4,2,0
t-02559,treatment,1,84.95,233.4,3,0
t-02560,treatment,0,0.0,233.0,4,1
t-02561,treatment,0,0.0,156.1,0,0
t-02562,treatment,0,0.0,246.9,4,1
t-02563,treatment,0,0.0,172.2,0,0
t-02564,treatment,0,0.0,118.3,6,1
t-02565,treatment,0,0.0,162.9,3,0
t-02566,treatment,0,0.0,193.0,5,1
t-02567,treatment,0,0.0,154.2,6,0
t-02568,treatment,0,0.0,185.9,5,0
t-02569,treatment,1,26.15,201.5,3,0
t-02570,treatment,0,0.0,196.4,4,0
t-02571,treatment,0,0.0,206.2,3,0
t-02572,treatment,0,0.0,172.8,8,0
t-02573,treatment,0,0.0,150.9,5,0
t-02574,treatment,0,0.0,121.2,1,1
t-02575,treatment,0,0.0,176.5,3,0
t-02576,treatment,0,0.0,158.5,4,0
t-02577,treatment,0,0.0,175.3,5,1
t-02578,treatment,1,64.02,97.2,6,0
t-02579,treatment,0,0.0,119.3,2,1
t-02580,treatment,0,0.0,200.4,2,0
t-02581,treatment,0,0.0,114.6,0,0
t-02582,treatment,1,71.56,172.4,0,1
t-02583,treatment,0,0.0,146.8,3,0
t-02584,treatment,0,0.0,144.2,2,1
t-02585,treatment,0,0.0,183.4,3,0
t-02586,treatment,0,0.0,181.1,4,0
t-02587,treatment,0,0.0,201.9,3,0
t-02588,treatment,0,0.0,135.9,2,0
t-02589,treatment,0,0.0,144.6,3,0
t-02590,treatment,0,0.0,224.9,8,0
t-02591,treatment,0,0.0,171.0,2,1
t-02592,treatment,0,0.0,194.6,2,0
t-02593,treatment,0,0.0,160.1,6,0
t-02594,treatment,0,0.0,198.2,6,0
t-02595,treatment,0,0.0,80.4,1,0
t-02596,treatment,0,0.0,226.1,3,0
t-02597,treatment,0,0.0,161.8,2,1
t-02598,treatment,0,0.0,130.0,4,0
t-02599,treatment,0,0.0,137.5,1,0
t-02600,treatment,0,0.0,169.5,2,0
t-02601,treatment,0,0.0,175.6,3,1
t-02602,treatment,0,0.0,185.6,4,1
t-02603,treatment,0,0.0,132.3,6,0
t-02604,treatment,0,0.0,214.8,2,0
t-02605,treatment,1,85.4,159.0,2,1
t-02606,treatment,0,0.0,157.0,3,0
t-02607,treatment,0,0.0,170.9,2,0
t-02608,treatment,0,0.0,206.5,5,0
t-02609,treatment,0,0.0,178.6,2,0
t-02610,treatment,0,0.0,158.3,5,0
t-02611,treatment,0,0.0,167.1,3,0
t-02612,treatment,0,0.0,228.8,1,0
t-02613,treatment,0,0.0,222.2,3,1
t-02614,treatment,0,0.0,194.6,1,1
t-02615,treatment,0,0.0,185.9,1,0
t-02616,treatment,0,0.0,272.5,4,1
t-02617,treatment,0,0.0,198.5,8,0
t-02618,treatment,0,0.0,187.2,3,0
t-02619,treatment,0,0.0,171.9,2,1
t-02620,treatment,0,0.0,194.3,3,0
t-02621,treatment,0,0.0,58.2,4,0
t-02622,treatment,0,0.0,221.1,5,0
t-02623,treatment,0,0.0,129.1,6,0
t-02624,treatment,0,0.0,151.3,3,0
t-02625,treatment,0,0.0,124.0,1,0
t-02626,treatment,0,0.0,150.5,5,0
t-02627,treatment,0,0.0,166.4,4,0
t-02628,treatment,0,0.0,215.6,5,1
t-02629,treatment,0,0.0,231.6,5,0
t-02630,treatment,0,0.0,257.6,4,0
t-02631,treatment,0,0.0,184.1,3,1
t-02632,treatment,0,0.0,171.2,2,0
t-02633,treatment,1,67.49,211.2,2,1
t-02634,treatment,0,0.0,145.8,2,0
t-02635,treatment,0,0.0,141.4,2,0
t-02636,treatment,0,0.0,165.3,1,0
t-02637,treatment,0,0.0,178.6,1,1
t-02638,treatment,0,0.0,97.3,3,0
t-02639,treatment,0,0.0,222.7,3,1
t-02640,treatment,0,0.0,189.6,3,0
t-02641,treatment,0,0.0,211.9,3,0
t-02642,treatment,0,0.0,117.2,0,0
t-02643,treatment,0,0.0,153.4,1,1
t-02644,treatment,0,0.0,151.4,1,0
t-02645,treatment,0,0.0,171.9,4,1
t-02646,treatment,0,0.0,178.7,0,1
t-02647,treatment,0,0.0,214.8,3,1
t-02648,treatment,1,107.6,184.0,4,1
t-02649,treatment,0,0.0,150.3,2,1
t-02650,treatment,0,0.0,267.5,6,0
t-02651,treatment,1,23.51,169.4,3,0
t-02652,treatment,0,0.0,143.7,4,0
t-02653,treatment,0,0.0,104.6,3,0
t-02654,treatment,0,0.0,183.6,2,1
t-02655,treatment,0,0.0,207.6,2,0
t-02656,treatment,1,68.8,134.4,2,0
t-02657,treatment,0,0.0,205.0,7,1
t-02658,treatment,0,0.0,183.3,0,0
t-02659,treatment,0,0.0,109.1,3,0
t-02660,treatment,0,0.0,205.0,3,0
t-02661,treatment,0,0.0,169.4,3,1
t-02662,treatment,1,66.39,135.0,2,0
t-02663,treatment,0,0.0,218.3,3,0
t-02664,treatment,0,0.0,217.5,2,0
t-02665,treatment,0,0.0,134.1,0,0
t-02666,treatment,0,0.0,191.7,4,1
t-02667,treatment,0,0.0,188.1,5,0
t-02668,treatment,0,0.0,177.3,2,1
t-02669,treatment,0,0.0,159.4,3,0
t-02670,treatment,0,0.0,174.1,0,0
t-02671,treatment,0,0.0,217.5,8,0
t-02672,treatment,1,80.34,196.4,2,0
t-02673,treatment,0,0.0,102.9,0,0
t-02674,treatment,1,107.12,94.3,2,1
t-02675,treatment,0,0.0,105.7,5,0
t-02676,treatment,0,0.0,125.7,6,1
t-02677,treatment,0,0.0,149.8,2,1
t-02678,treatment,1,35.88,161.9,0,0
t-02679,treatment,0,0.0,177.4,1,1
t-02680,treatment,0,0.0,178.6,2,0
t-02681,treatment,0,0.0,178.1,7,0
t-02682,treatment,0,0.0,225.7,2,0
t-02683,treatment,0,0.0,112.9,2,0
t-02684,treatment,0,0.0,193.4,3,0
t-02685,treatment,0,0.0,193.2,2,1
t-02686,treatment,1,105.51,129.5,3,0
t-02687,treatment,1,77.22,201.4,7,1
t-02688,treatment,1,49.19,194.9,4,0
t-02689,treatment,0,0.0,178.3,3,0
t-02690,treatment,0,0.0,83.3,1,0
t-02691,treatment,0,0.0,218.6,0,1
t-02692,treatment,0,0.0,189.1,3,1
t-02693,treatment,0,0.0,196.1,3,0
t-02694,treatment,0,0.0,44.4,3,0
t-02695,treatment,0,0.0,158.7,5,0
t-02696,treatment,0,0.0,122.7,1,1
t-02697,treatment,0,0.0,231.7,2,0
t-02698,treatment,0,0.0,135.8,4,0
t-02699,treatment,0,0.0,239.2,3,0
t-02700,treatment,0,0.0,218.1,7,0
t-02701,treatment,0,0.0,188.9,2,0
t-02702,treatment,0,0.0,225.4,5,0
t-02703,treatment,1,35.55,142.2,2,0
t-02704,treatment,1,58.46,149.4,3,0
t-02705,treatment,0,0.0,216.9,4,0
t-02706,treatment,0,0.0,142.4,4,1
t-02707,treatment,0,0.0,127.0,1,0
t-02708,treatment,0,0.0,167.1,8,1
t-02709,treatment,0,0.0,144.7,2,1
t-02710,treatment,0,0.0,254.6,3,1
t-02711,treatment,0,0.0,211.0,0,0
t-02712,treatment,0,0.0,157.0,2,1
t-02713,treatment,1,60.86,139.9,2,0
t-02714,treatment,0,0.0,193.5,3,0
t-02715,treatment,0,0.0,227.5,4,0
t-02716,treatment,0,0.0,191.6,6,0
t-02717,treatment,0,0.0,142.0,3,0
t-02718,treatment,0,0.0,122.5,2,1
t-02719,treatment,0,0.0,164.9,4,0
t-02720,treatment,0,0.0,192.6,4,1
t-02721,treatment,0,0.0,161.2,3,0
t-02722,treatment,0,0.0,220.3,6,0
t-02723,treatment,0,0.0,201.1,6,0
t-02724,treatment,0,0.0,189.5,4,0
t-02725,treatment,0,0.0,200.3,3,1
t-02726,treatment,1,62.4,124.4,2,1
t-02727,treatment,0,0.0,160.1,3,0
t-02728,treatment,0,0.0,138.4,3,1
t-02729,treatment,0,0.0,195.4,1,1
t-02730,treatment,0,0.0,139.0,1,1
t-02731,treatment,0,0.0,183.3,5,1
t-02732,treatment,0,0.0,173.4,4,1
t-02733,treatment,0,0.0,204.0,2,0
t-02734,treatment,1,40.36,132.1,0,0
t-02735,treatment,1,70.4,198.1,4,0
t-02736,treatment,0,0.0,137.2,0,1
t-02737,treatment,0,0.0,141.4,3,1
t-02738,treatment,0,0.0,174.3,3,1
t-02739,treatment,0,0.0,227.8,2,1
t-02740,treatment,0,0.0,146.3,3,1
t-02741,treatment,0,0.0,108.9,3,1
t-02742,treatment,0,0.0,142.2,3,0
t-02743,treatment,1,44.59,164.6,5,1
t-02744,treatment,0,0.0,254.8,6,0
t-02745,treatment,0,0.0,195.5,3,0
t-02746,treatment,1,92.52,149.9,3,0
t-02747,treatment,0,0.0,174.3,3,1
t-02748,treatment,0,0.0,242.8,4,1
t-02749,treatment,1,115.54,170.4,3,0
t-02750,treatment,1,37.13,170.9,4,0
t-02751,treatment,0,0.0,163.8,4,0
t-02752,treatment,0,0.0,207.8,4,0
t-02753,treatment,0,0.0,159.0,7,0
t-02754,treatment,0,0.0,214.9,2,0
t-02755,treatment,0,0.0,222.5,0,1
t-02756,treatment,0,0.0,204.5,2,0
t-02757,treatment,0,0.0,171.0,1,1
t-02758,treatment,0,0.0,124.1,4,0
t-02759,treatment,1,54.98,171.0,2,1
t-02760,treatment,0,0.0,153.3,1,1
t-02761,treatment,0,0.0,148.8,1,0
t-02762,treatment,0,0.0,170.4,1,0
t-02763,treatment,0,0.0,199.2,0,1
t-02764,treatment,0,0.0,155.1,2,0
t-02765,treatment,1,82.89,125.0,5,0
t-02766,treatment,0,0.0,141.7,6,1
t-02767,treatment,0,0.0,247.6,3,0
t-02768,treatment,0,0.0,201.9,6,1
t-02769,treatment,0,0.0,141.7,4,0
t-02770,treatment,0,0.0,231.6,0,0
t-02771,treatment,0,0.0,170.4,2,1
t-02772,treatment,1,60.59,271.1,4,1
t-02773,treatment,0,0.0,190.5,5,0
t-02774,treatment,0,0.0,202.6,2,0
t-02775,treatment,0,0.0,213.5,3,0
t-02776,treatment,0,0.0,239.4,5,0
t-02777,treatment,0,0.0,162.4,1,0
t-02778,treatment,0,0.0,236.0,5,0
t-02779,treatment,1,29.12,155.0,2,0
t-02780,treatment,0,0.0,165.5,3,1
t-02781,treatment,1,78.98,180.4,2,0
t-02782,treatment,0,0.0,216.8,5,0
t-02783,treatment,0,0.0,166.8,2,1
t-02784,treatment,0,0.0,246.0,2,0
t-02785,treatment,1,40.75,233.1,2,0
t-02786,treatment,0,0.0,181.6,2,0
t-02787,treatment,0,0.0,141.4,2,0
t-02788,treatment,0,0.0,220.0,1,0
t-02789,treatment,0,0.0,96.2,9,1
t-02790,treatment,0,0.0,209.7,4,0
t-02791,treatment,0,0.0,147.0,2,0
t-02792,treatment,0,0.0,230.3,5,0
t-02793,treatment,0,0.0,124.6,2,0
t-02794,treatment,0,0.0,153.5,4,0
t-02795,treatment,0,0.0,197.5,1,1
t-02796,treatment,0,0.0,204.1,3,0
t-02797,treatment,0,0.0,155.0,3,1
t-02798,treatment,0,0.0,166.7,1,0
t-02799,treatment,1,58.57,218.1,1,1
t-02800,treatment,0,0.0,220.3,6,1
t-02801,treatment,0,0.0,165.9,2,0
t-02802,treatment,0,0.0,155.7,2,0
t-02803,treatment,0,0.0,125.2,5,0
t-02804,treatment,0,0.0,190.1,5,0
t-02805,treatment,1,34.22,212.5,5,0
t-02806,treatment,0,0.0,186.1,2,0
t-02807,treatment,0,0.0,143.0,2,0
t-02808,treatment,0,0.0,251.5,3,0
t-02809,treatment,1,76.52,95.9,0,0
t-02810,treatment,0,0.0,215.1,1,0
t-02811,treatment,0,0.0,188.7,5,1
t-02812,treatment,0,0.0,198.7,2,0
t-02813,treatment,0,0.0,148.5,3,0
t-02814,treatment,0,0.0,173.9,3,0
t-02815,treatment,1,44.28,191.7,6,1
t-02816,treatment,0,0.0,176.6,5,0
t-02817,treatment,0,0.0,108.2,1,1
t-02818,treatment,1,80.25,248.5,5,1
t-02819,treatment,0,0.0,206.0,4,0
t-02820,treatment,0,0.0,181.4,2,0
t-02821,treatment,0,0.0,184.0,6,1
t-02822,treatment,0,0.0,247.3,3,0
t-02823,treatment,0,0.0,150.3,2,1
t-02824,treatment,0,0.0,141.3,1,1
t-02825,treatment,0,0.0,214.0,4,0
t-02826,treatment,0,0.0,198.5,4,0
t-02827,treatment,0,0.0,139.6,1,0
t-02828,treatment,0,0.0,223.5,3,0
t-02829,treatment,0,0.0,191.8,0,1
t-02830,treatment,0,0.0,144.1,4,1
t-02831,treatment,0,0.0,199.6,3,0
t-02832,treatment,0,0.0,193.6,4,1
t-02833,treatment,0,0.0,176.5,2,1
t-02834,treatment,0,0.0,195.4,1,0
t-02835,treatment,0,0.0,205.0,2,0
t-02836,treatment,0,0.0,216.6,3,0
t-02837,treatment,0,0.0,184.3,5,1
t-02838,treatment,0,0.0,169.2,5,1
t-02839,treatment,1,48.58,189.6,3,1
t-02840,treatment,0,0.0,227.6,3,1
t-02841,treatment,1,43.1,205.2,0,1
t-02842,treatment,0,0.0,166.9,5,1
t-02843,treatment,0,0.0,182.2,4,0
t-02844,treatment,0,0.0,246.6,1,0
t-02845,treatment,0,0.0,210.0,5,0
t-02846,treatment,0,0.0,186.1,2,1
t-02847,treatment,0,0.0,225.6,3,0
t-02848,treatment,0,0.0,158.3,5,1
t-02849,treatment,0,0.0,193.2,5,1
t-02850,treatment,0,0.0,255.0,6,0
t-02851,treatment,0,0.0,206.1,3,1
t-02852,treatment,1,64.43,244.8,3,1
t-02853,treatment,0,0.0,176.6,4,0
t-02854,treatment,0,0.0,161.0,3,0
t-02855,treatment,0,0.0,226.4,2,1
t-02856,treatment,0,0.0,106.9,3,1
t-02857,treatment,0,0.0,187.2,3,0
t-02858,treatment,0,0.0,221.2,4,0
t-02859,treatment,0,0.0,202.5,1,1
t-02860,treatment,0,0.0,95.9,3,1
t-02861,treatment,0,0.0,126.2,7,1
t-02862,treatment,0,0.0,175.4,3,0
t-02863,treatment,0,0.0,199.0,1,1
t-02864,treatment,0,0.0,200.6,1,1
t-02865,treatment,0,0.0,179.8,2,0
t-02866,treatment,0,0.0,209.2,6,1
t-02867,treatment,0,0.0,197.5,3,0
t-02868,treatment,0,0.0,174.9,0,0
t-02869,treatment,0,0.0,201.5,3,0
t-02870,treatment,0,0.0,154.1,1,0
t-02871,treatment,0,0.0,205.5,4,0
t-02872,treatment,0,0.0,146.1,2,1
t-02873,treatment,0,0.0,199.5,4,0
t-02874,treatment,1,33.0,198.5,6,1
t-02875,treatment,0,0.0,168.0,2,1
t-02876,treatment,0,0.0,205.4,2,0
t-02877,treatment,0,0.0,241.7,1,1
t-02878,treatment,1,120.21,139.2,3,0
t-02879,treatment,0,0.0,218.2,6,1
t-02880,treatment,0,0.0,223.5,7,1
t-02881,treatment,1,58.18,171.7,6,0
t-02882,treatment,0,0.0,212.0,4,1
t-02883,treatment,0,0.0,169.8,4,1
t-02884,treatment,0,0.0,230.2,3,1
t-02885,treatment,0,0.0,70.4,7,1
t-02886,treatment,0,0.0,237.8,1,1
t-02887,treatment,0,0.0,135.5,4,1
t-02888,treatment,0,0.0,183.6,5,1
t-02889,treatment,0,0.0,147.4,6,1
t-02890,treatment,0,0.0,239.9,2,1
t-02891,treatment,0,0.0,170.8,5,0
t-02892,treatment,1,41.48,158.3,5,1
t-02893,treatment,0,0.0,224.8,5,1
t-02894,treatment,0,0.0,209.3,5,0
t-02895,treatment,0,0.0,166.7,2,1
t-02896,treatment,1,44.71,140.4,3,0
t-02897,treatment,0,0.0,135.0,2,0
t-02898,treatment,1,53.94,231.0,2,1
t-02899,treatment,0,0.0,196.8,1,0
t-02900,treatment,0,0.0,186.9,5,1
t-02901,treatment,0,0.0,199.7,3,1
t-02902,treatment,0,0.0,102.1,5,1
t-02903,treatment,0,0.0,167.0,2,1
t-02904,treatment,0,0.0,168.1,5,0
t-02905,treatment,0,0.0,219.3,6,1
t-02906,treatment,0,0.0,121.2,3,0
t-02907,treatment,0,0.0,222.1,3,1
t-02908,treatment,0,0.0,251.8,3,1
t-02909,treatment,0,0.0,111.2,2,1
t-02910,treatment,0,0.0,180.7,2,0
t-02911,treatment,0,0.0,200.0,1,1
t-02912,treatment,0,0.0,214.9,3,0
t-02913,treatment,0,0.0,93.4,3,1
t-02914,treatment,0,0.0,193.5,2,1
t-02915,treatment,0,0.0,171.3,7,0
t-02916,treatment,0,0.0,168.7,1,1
t-02917,treatment,0,0.0,262.8,6,0
t-02918,treatment,0,0.0,171.4,3,1
t-02919,treatment,0,0.0,198.0,3,0
t-02920,treatment,0,0.0,175.2,2,1
t-02921,treatment,0,0.0,189.6,0,0
t-02922,treatment,0,0.0,202.1,2,0
t-02923,treatment,0,0.0,215.7,4,0
t-02924,treatment,0,0.0,148.9,3,0
t-02925,treatment,0,0.0,186.1,2,1
t-02926,treatment,0,0.0,187.5,1,1
t-02927,treatment,0,0.0,114.1,3,0
t-02928,treatment,1,83.77,141.9,5,1
t-02929,treatment,1,35.78,215.6,3,0
t-02930,treatment,0,0.0,161.5,1,1
t-02931,treatment,0,0.0,284.5,4,1
t-02932,treatment,0,0.0,218.5,1,1
t-02933,treatment,0,0.0,198.1,5,0
t-02934,treatment,0,0.0,240.4,3,1
t-02935,treatment,0,0.0,210.9,4,0
t-02936,treatment,1,45.33,187.4,4,0
t-02937,treatment,0,0.0,123.4,1,0
t-02938,treatment,1,52.34,206.6,3,0
t-02939,treatment,1,107.14,235.9,5,1
t-02940,treatment,0,0.0,156.3,3,1
t-02941,treatment,0,0.0,107.0,2,0
t-02942,treatment,0,0.0,137.2,1,1
t-02943,treatment,0,0.0,250.4,5,1
t-02944,treatment,1,83.9,183.2,3,0
t-02945,treatment,1,109.46,238.4,5,1
t-02946,treatment,0,0.0,180.8,4,1
t-02947,treatment,0,0.0,160.1,1,0
t-02948,treatment,0,0.0,265.4,3,1
t-02949,treatment,0,0.0,165.1,2,0
t-02950,treatment,0,0.0,170.0,3,0
t-02951,treatment,0,0.0,198.4,2,0
t-02952,treatment,0,0.0,168.4,1,0
t-02953,treatment,0,0.0,211.1,1,0
t-02954,treatment,0,0.0,197.8,5,0
t-02955,treatment,0,0.0,199.4,6,0
t-02956,treatment,0,0.0,155.3,3,1
t-02957,treatment,0,0.0,113.5,4,0
t-02958,treatment,0,0.0,146.7,3,1
t-02959,treatment,0,0.0,150.2,3,1
t-02960,treatment,1,54.27,191.7,6,0
t-02961,treatment,0,0.0,147.4,4,0
t-02962,treatment,0,0.0,121.4,4,1
t-02963,treatment,0,0.0,134.1,7,0
t-02964,treatment,0,0.0,195.5,2,1
t-02965,treatment,0,0.0,207.5,2,0
t-02966,treatment,0,0.0,159.7,4,0
t-02967,treatment,1,101.98,164.0,3,1
t-02968,treatment,0,0.0,204.6,3,0
t-02969,treatment,0,0.0,186.6,3,0
t-02970,treatment,0,0.0,227.4,1,0
t-02971,treatment,0,0.0,173.7,5,0
t-02972,treatment,0,0.0,146.7,6,1
t-02973,treatment,0,0.0,223.5,2,1
t-02974,treatment,1,94.66,167.5,4,1
t-02975,treatment,0,0.0,148.4,1,1
t-02976,treatment,0,0.0,215.7,2,1
t-02977,treatment,0,0.0,238.0,2,0
t-02978,treatment,0,0.0,187.3,2,0
t-02979,treatment,0,0.0,139.8,2,1
t-02980,treatment,0,0.0,241.4,5,1
t-02981,treatment,0,0.0,195.1,3,1
t-02982,treatment,1,73.23,188.8,2,0
t-02983,treatment,0,0.0,163.8,5,0
t-02984,treatment,0,0.0,225.2,6,0
t-02985,treatment,0,0.0,135.7,3,0
t-02986,treatment,0,0.0,131.9,3,0
t-02987,treatment,0,0.0,255.8,3,0
t-02988,treatment,0,0.0,145.5,1,0
t-02989,treatment,0,0.0,218.4,2,0
t-02990,treatment,0,0.0,235.1,4,1
t-02991,treatment,0,0.0,188.4,3,1
t-02992,treatment,0,0.0,144.8,3,0
t-02993,treatment,1,75.92,205.2,4,1
t-02994,treatment,0,0.0,235.7,3,1
t-02995,treatment,0,0.0,193.7,6,0
t-02996,treatment,1,40.95,150.1,1,1
t-02997,treatment,0,0.0,192.2,3,0
t-02998,treatment,0,0.0,124.6,1,0
t-02999,treatment,0,0.0,141.1,1,0
t-03000,treatment,1,121.84,169.7,2,1
t-03001,treatment,0,0.0,182.5,4,0
t-03002,treatment,1,47.93,131.9,6,0
t-03003,treatment,1,68.85,190.0,3,1
t-03004,treatment,1,72.57,200.9,3,1
t-03005,treatment,0,0.0,171.4,3,1
t-03006,treatment,0,0.0,93.7,3,0
t-03007,treatment,1,28.87,184.2,3,1
t-03008,treatment,0,0.0,252.6,4,0
t-03009,treatment,0,0.0,198.3,3,1
t-03010,treatment,0,0.0,180.6,4,0
t-03011,treatment,0,0.0,165.1,3,1
t-03012,treatment,0,0.0,203.1,3,0
t-03013,treatment,1,52.3,188.3,2,0
t-03014,treatment,0,0.0,208.3,3,1
t-03015,treatment,0,0.0,136.1,5,1
t-03016,treatment,0,0.0,184.9,1,0
t-03017,treatment,0,0.0,161.6,2,1
t-03018,treatment,0,0.0,194.9,3,0
t-03019,treatment,0,0.0,102.2,2,0
t-03020,treatment,0,0.0,164.3,2,0
t-03021,treatment,1,58.65,201.7,1,1
t-03022,treatment,1,50.85,208.1,3,0
t-03023,treatment,0,0.0,178.8,4,0
t-03024,treatment,0,0.0,93.6,6,0
t-03025,treatment,0,0.0,205.7,4,0
t-03026,treatment,0,0.0,243.4,3,0
t-03027,treatment,0,0.0,146.4,5,0
t-03028,treatment,0,0.0,163.0,0,0
t-03029,treatment,0,0.0,212.3,7,1
t-03030,treatment,1,52.58,213.3,3,0
t-03031,treatment,0,0.0,223.9,3,0
t-03032,treatment,1,104.76,220.6,2,0
t-03033,treatment,0,0.0,118.7,1,0
t-03034,treatment,0,0.0,160.8,7,1
t-03035,treatment,0,0.0,205.1,3,1
t-03036,treatment,0,0.0,176.6,3,0
t-03037,treatment,0,0.0,194.6,2,0
t-03038,treatment,0,0.0,174.8,5,0
t-03039,treatment,1,36.88,162.6,7,1
t-03040,treatment,0,0.0,170.3,7,0
t-03041,treatment,0,0.0,135.1,1,0
t-03042,treatment,0,0.0,151.1,4,1
t-03043,treatment,1,30.24,177.3,3,1
t-03044,treatment,0,0.0,178.1,3,0
t-03045,treatment,0,0.0,202.7,0,0
t-03046,treatment,0,0.0,168.6,2,0
t-03047,treatment,0,0.0,247.0,2,0
t-03048,treatment,0,0.0,229.2,3,0
t-03049,treatment,0,0.0,159.9,1,1
t-03050,treatment,0,0.0,187.9,5,0
t-03051,treatment,0,0.0,228.5,6,0
t-03052,treatment,0,0.0,154.4,4,1
t-03053,treatment,1,41.1,150.1,1,1
t-03054,treatment,0,0.0,232.0,0,1
t-03055,treatment,1,74.81,207.7,3,0
t-03056,treatment,0,0.0,223.0,0,1
t-03057,treatment,0,0.0,192.6,3,0
t-03058,treatment,0,0.0,169.8,6,0
t-03059,treatment,1,78.16,126.3,6,1
t-03060,treatment,0,0.0,185.5,0,0
t-03061,treatment,0,0.0,229.3,3,1
t-03062,treatment,0,0.0,229.8,1,1
t-03063,treatment,0,0.0,222.8,4,1
t-03064,treatment,1,70.3,211.5,2,0
t-03065,treatment,0,0.0,268.4,3,0
t-03066,treatment,0,0.0,117.9,2,1
t-03067,treatment,0,0.0,189.2,2,0
t-03068,treatment,0,0.0,142.5,1,0
t-03069,treatment,1,80.67,242.1,3,0
t-03070,treatment,0,0.0,157.9,2,0
t-03071,treatment,1,60.05,220.3,2,0
t-03072,treatment,0,0.0,162.0,0,0
t-03073,treatment,0,0.0,196.8,3,1
t-03074,treatment,0,0.0,175.7,1,0
t-03075,treatment,0,0.0,179.4,3,1
t-03076,treatment,0,0.0,193.3,6,1
t-03077,treatment,0,0.0,216.8,5,1
t-03078,treatment,0,0.0,175.6,2,0
t-03079,treatment,0,0.0,215.7,4,1
t-03080,treatment,0,0.0,221.5,2,0
t-03081,treatment,0,0.0,163.3,6,1
t-03082,treatment,0,0.0,255.4,3,1
t-03083,treatment,0,0.0,209.8,6,1
t-03084,treatment,0,0.0,162.7,3,0
t-03085,treatment,1,42.39,204.6,1,0
t-03086,treatment,0,0.0,221.5,3,1
t-03087,treatment,0,0.0,203.6,7,0
t-03088,treatment,0,0.0,188.1,4,0
t-03089,treatment,0,0.0,41.9,1,0
t-03090,treatment,0,0.0,141.3,5,0
t-03091,treatment,0,0.0,207.1,1,1
t-03092,treatment,0,0.0,140.5,3,0
t-03093,treatment,0,0.0,200.6,6,1
t-03094,treatment,0,0.0,215.4,8,1
t-03095,treatment,1,34.98,175.5,4,1
t-03096,treatment,0,0.0,109.4,4,0
t-03097,treatment,0,0.0,150.5,4,1
t-03098,treatment,0,0.0,207.4,5,1
t-03099,treatment,0,0.0,230.3,6,1
t-03100,treatment,0,0.0,96.7,4,1
t-03101,treatment,0,0.0,183.2,7,0
t-03102,treatment,1,30.33,121.3,4,0
t-03103,treatment,0,0.0,183.6,4,1
t-03104,treatment,0,0.0,173.7,2,0
t-03105,treatment,0,0.0,274.4,3,1
t-03106,treatment,1,48.32,158.4,2,1
t-03107,treatment,0,0.0,222.0,4,0
t-03108,treatment,0,0.0,220.4,3,1
t-03109,treatment,1,76.31,172.2,5,1
t-03110,treatment,0,0.0,184.8,10,1
t-03111,treatment,0,0.0,180.0,2,1
t-03112,treatment,0,0.0,150.2,4,0
t-03113,treatment,0,0.0,146.8,4,0
t-03114,treatment,0,0.0,163.6,5,1
t-03115,treatment,0,0.0,134.5,1,0
t-03116,treatment,0,0.0,160.0,4,0
t-03117,treatment,1,59.54,172.2,0,1
t-03118,treatment,0,0.0,186.5,1,0
t-03119,treatment,0,0.0,197.7,2,1
t-03120,treatment,1,54.07,172.1,5,0
t-03121,treatment,0,0.0,149.2,3,0
t-03122,treatment,1,33.28,197.0,4,1
t-03123,treatment,0,0.0,211.6,4,0
t-03124,treatment,0,0.0,160.6,3,1
t-03125,treatment,0,0.0,140.7,3,1
t-03126,treatment,0,0.0,162.1,1,0
t-03127,treatment,0,0.0,172.7,2,1
t-03128,treatment,0,0.0,225.8,0,0
t-03129,treatment,0,0.0,207.8,4,0
t-03130,treatment,0,0.0,179.9,5,0
t-03131,treatment,0,0.0,256.0,2,0
t-03132,treatment,0,0.0,178.6,6,1
t-03133,treatment,0,0.0,236.6,2,1
t-03134,treatment,0,0.0,228.9,2,1
t-03135,treatment,0,0.0,226.0,3,1
t-03136,treatment,0,0.0,192.8,7,0
t-03137,treatment,0,0.0,184.7,4,1
t-03138,treatment,0,0.0,180.2,7,0
t-03139,treatment,0,0.0,214.0,1,1
t-03140,treatment,0,0.0,148.4,5,0
t-03141,treatment,0,0.0,169.5,0,0
t-03142,treatment,0,0.0,246.7,0,0
t-03143,treatment,0,0.0,204.9,2,0
t-03144,treatment,0,0.0,218.2,3,0
t-03145,treatment,0,0.0,131.2,1,0
t-03146,treatment,0,0.0,162.7,3,0
t-03147,treatment,1,170.83,193.4,1,0
t-03148,treatment,0,0.0,178.3,6,0
t-03149,treatment,0,0.0,131.0,1,0
t-03150,treatment,0,0.0,210.4,5,0
t-03151,treatment,0,0.0,223.1,0,1
t-03152,treatment,0,0.0,168.6,3,0
t-03153,treatment,0,0.0,211.8,2,0
t-03154,treatment,0,0.0,261.2,4,1
t-03155,treatment,0,0.0,241.0,2,0
t-03156,treatment,0,0.0,170.4,1,0
t-03157,treatment,0,0.0,135.9,5,0
t-03158,treatment,0,0.0,189.2,3,0
t-03159,treatment,0,0.0,273.9,2,0
t-03160,treatment,1,36.91,233.5,4,1
t-03161,treatment,0,0.0,179.8,3,0
t-03162,treatment,0,0.0,242.5,2,0
t-03163,treatment,0,0.0,226.7,3,1
t-03164,treatment,1,56.5,104.0,3,0
t-03165,treatment,1,84.05,222.5,3,1
t-03166,treatment,0,0.0,184.8,2,0
t-03167,treatment,0,0.0,145.3,3,1
t-03168,treatment,0,0.0,183.7,4,1
t-03169,treatment,0,0.0,196.6,5,1
t-03170,treatment,0,0.0,148.2,5,0
t-03171,treatment,0,0.0,175.2,3,0
t-03172,treatment,0,0.0,166.8,3,0
t-03173,treatment,0,0.0,211.8,4,1
t-03174,treatment,0,0.0,167.9,6,0
t-03175,treatment,0,0.0,112.0,4,0
t-03176,treatment,0,0.0,162.1,3,0
t-03177,treatment,0,0.0,142.1,1,0
t-03178,treatment,1,54.55,128.2,3,1
t-03179,treatment,0,0.0,227.2,3,0
t-03180,treatment,0,0.0,212.1,7,1
t-03181,treatment,0,0.0,141.3,1,0
t-03182,treatment,0,0.0,129.2,2,1
t-03183,treatment,0,0.0,175.9,2,0
t-03184,treatment,0,0.0,127.1,2,0
t-03185,treatment,0,0.0,170.3,7,1
t-03186,treatment,0,0.0,182.8,8,0
t-03187,treatment,0,0.0,192.2,3,0
t-03188,treatment,0,0.0,193.6,1,1
t-03189,treatment,0,0.0,148.8,3,0
t-03190,treatment,0,0.0,182.8,1,1
t-03191,treatment,0,0.0,231.2,3,0
t-03192,treatment,0,0.0,96.1,5,0
t-03193,treatment,0,0.0,193.0,2,1
t-03194,treatment,0,0.0,132.9,3,0
t-03195,treatment,0,0.0,236.2,4,1
t-03196,treatment,1,37.22,212.7,1,1
t-03197,treatment,0,0.0,211.4,2,0
t-03198,treatment,0,0.0,145.9,2,1
t-03199,treatment,0,0.0,190.6,4,0
t-03200,treatment,0,0.0,195.0,3,1
t-03201,treatment,0,0.0,85.2,2,0
t-03202,treatment,0,0.0,185.9,3,0
t-03203,treatment,0,0.0,204.5,4,0
t-03204,treatment,0,0.0,123.4,1,1
t-03205,treatment,0,0.0,204.1,2,0
t-03206,treatment,0,0.0,184.0,1,0
t-03207,treatment,0,0.0,235.3,6,0
t-03208,treatment,1,77.01,163.5,4,0
t-03209,treatment,0,0.0,187.1,2,0
t-03210,treatment,0,0.0,193.7,2,0
t-03211,treatment,1,29.29,67.7,3,0
t-03212,treatment,1,117.2,165.8,4,0
t-03213,treatment,0,0.0,183.5,4,0
t-03214,treatment,0,0.0,85.7,3,1
t-03215,treatment,0,0.0,207.0,4,0
t-03216,treatment,0,0.0,183.4,3,0
t-03217,treatment,0,0.0,183.2,5,1
t-03218,treatment,0,0.0,208.8,0,1
t-03219,treatment,0,0.0,163.6,1,0
t-03220,treatment,0,0.0,181.7,2,1
t-03221,treatment,1,60.76,214.6,3,0
t-03222,treatment,0,0.0,182.2,3,0
t-03223,treatment,0,0.0,106.2,2,1
t-03224,treatment,0,0.0,182.1,2,0
t-03225,treatment,0,0.0,182.6,0,1
t-03226,treatment,0,0.0,216.0,2,1
t-03227,treatment,0,0.0,166.3,4,0
t-03228,treatment,0,0.0,140.9,5,0
t-03229,treatment,0,0.0,141.0,2,1
t-03230,treatment,0,0.0,237.7,2,1
t-03231,treatment,0,0.0,191.6,3,1
t-03232,treatment,0,0.0,235.7,2,0
t-03233,treatment,0,0.0,241.5,2,0
t-03234,treatment,0,0.0,150.3,4,0
t-03235,treatment,0,0.0,147.2,1,0
t-03236,treatment,0,0.0,174.9,3,1
t-03237,treatment,0,0.0,204.6,2,0
t-03238,treatment,0,0.0,123.9,4,1
t-03239,treatment,0,0.0,198.2,2,0
t-03240,treatment,0,0.0,196.2,5,1
t-03241,treatment,0,0.0,135.0,4,0
t-03242,treatment,0,0.0,136.4,4,0
t-03243,treatment,0,0.0,197.8,2,0
t-03244,treatment,0,0.0,262.9,2,1
t-03245,treatment,1,47.75,168.2,0,1
t-03246,treatment,0,0.0,193.2,5,0
t-03247,treatment,1,28.29,155.8,3,1
t-03248,treatment,1,31.87,189.5,2,0
t-03249,treatment,0,0.0,155.0,2,0
t-03250,treatment,0,0.0,169.6,5,1
t-03251,treatment,0,0.0,278.0,4,0
t-03252,treatment,0,0.0,184.3,2,0
t-03253,treatment,1,52.28,117.4,4,0
t-03254,treatment,1,125.43,205.7,1,1
t-03255,treatment,0,0.0,225.2,6,1
t-03256,treatment,0,0.0,207.0,7,1
t-03257,treatment,0,0.0,172.9,5,1
t-03258,treatment,0,0.0,143.3,1,1
t-03259,treatment,1,59.43,144.3,5,0
t-03260,treatment,0,0.0,172.4,3,1
t-03261,treatment,0,0.0,165.3,4,0
t-03262,treatment,0,0.0,157.7,1,0
t-03263,treatment,0,0.0,228.6,5,1
t-03264,treatment,0,0.0,216.8,0,0
t-03265,treatment,0,0.0,230.7,3,1
t-03266,treatment,0,0.0,148.5,1,1
t-03267,treatment,0,0.0,143.2,2,1
t-03268,treatment,0,0.0,183.1,1,0
t-03269,treatment,0,0.0,196.6,7,0
t-03270,treatment,0,0.0,182.9,1,1
t-03271,treatment,0,0.0,193.9,3,1
t-03272,treatment,0,0.0,243.4,5,0
t-03273,treatment,1,62.56,171.3,3,0
t-03274,treatment,0,0.0,212.3,5,1
t-03275,treatment,0,0.0,200.7,3,1
t-03276,treatment,0,0.0,183.8,5,0
t-03277,treatment,0,0.0,210.4,4,1
t-03278,treatment,0,0.0,149.3,3,1
t-03279,treatment,0,0.0,141.2,1,0
t-03280,treatment,0,0.0,197.3,2,0
t-03281,treatment,0,0.0,114.5,4,1
t-03282,treatment,0,0.0,200.5,2,1
t-03283,treatment,0,0.0,134.9,3,1
t-03284,treatment,0,0.0,240.7,4,1
t-03285,treatment,0,0.0,164.1,3,0
t-03286,treatment,0,0.0,238.1,3,1
t-03287,treatment,0,0.0,171.6,6,1
t-03288,treatment,0,0.0,169.9,3,0
t-03289,treatment,0,0.0,214.6,2,0
t-03290,treatment,0,0.0,191.7,5,1
t-03291,treatment,0,0.0,177.3,1,1
t-03292,treatment,0,0.0,163.8,5,0
t-03293,treatment,0,0.0,164.2,2,0
t-03294,treatment,0,0.0,274.3,4,0
t-03295,treatment,0,0.0,113.0,4,0
t-03296,treatment,0,0.0,131.9,3,1
t-03297,treatment,0,0.0,227.1,2,1
t-03298,treatment,0,0.0,224.1,2,1
t-03299,treatment,0,0.0,143.1,2,0
t-03300,treatment,0,0.0,109.9,1,0
t-03301,treatment,0,0.0,230.9,1,1
t-03302,treatment,0,0.0,138.1,2,0
t-03303,treatment,0,0.0,160.4,3,0
t-03304,treatment,0,0.0,183.8,2,0
t-03305,treatment,0,0.0,137.1,2,1
t-03306,treatment,0,0.0,217.0,1,1
t-03307,treatment,0,0.0,180.8,4,1
t-03308,treatment,0,0.0,144.7,1,1
t-03309,treatment,0,0.0,148.2,4,0
t-03310,treatment,0,0.0,231.9,3,1
t-03311,treatment,0,0.0,168.8,1,0
t-03312,treatment,0,0.0,204.6,1,1
t-03313,treatment,0,0.0,179.6,8,0
t-03314,treatment,0,0.0,109.8,4,0
t-03315,treatment,0,0.0,209.9,6,1
t-03316,treatment,0,0.0,223.0,2,0
t-03317,treatment,0,0.0,253.7,2,0
t-03318,treatment,0,0.0,104.0,2,1
t-03319,treatment,0,0.0,53.7,4,0
t-03320,treatment,0,0.0,205.6,2,1
t-03321,treatment,0,0.0,156.0,1,0
t-03322,treatment,0,0.0,122.8,4,0
t-03323,treatment,1,63.67,184.3,3,0
t-03324,treatment,0,0.0,162.0,6,1
t-03325,treatment,1,155.06,129.0,1,1
t-03326,treatment,1,43.88,176.7,3,0
t-03327,treatment,0,0.0,202.7,3,0
t-03328,treatment,0,0.0,187.0,5,1
t-03329,treatment,1,108.25,187.3,1,1
t-03330,treatment,0,0.0,197.7,6,0
t-03331,treatment,0,0.0,112.3,5,1
t-03332,treatment,0,0.0,177.9,4,1
t-03333,treatment,0,0.0,189.6,0,1
t-03334,treatment,0,0.0,164.9,4,0
t-03335,treatment,0,0.0,146.8,4,0
t-03336,treatment,0,0.0,150.2,1,0
t-03337,treatment,0,0.0,168.3,3,1
t-03338,treatment,0,0.0,216.6,1,0
t-03339,treatment,0,0.0,241.1,3,0
t-03340,treatment,0,0.0,232.9,1,0
t-03341,treatment,0,0.0,117.6,1,1
t-03342,treatment,0,0.0,142.4,2,0
t-03343,treatment,0,0.0,206.3,5,0
t-03344,treatment,0,0.0,232.0,4,0
t-03345,treatment,0,0.0,141.3,1,0
t-03346,treatment,0,0.0,187.3,3,0
t-03347,treatment,0,0.0,134.7,1,1
t-03348,treatment,0,0.0,191.1,2,0
t-03349,treatment,0,0.0,154.3,7,1
t-03350,treatment,0,0.0,187.3,3,0
t-03351,treatment,0,0.0,131.5,3,0
t-03352,treatment,0,0.0,114.6,2,1
t-03353,treatment,0,0.0,303.9,3,0
t-03354,treatment,0,0.0,182.8,5,0
t-03355,treatment,1,44.73,265.4,5,0
t-03356,treatment,0,0.0,240.4,1,0
t-03357,treatment,0,0.0,114.6,2,0
t-03358,treatment,0,0.0,194.5,4,1
t-03359,treatment,1,38.99,128.2,2,0
t-03360,treatment,0,0.0,168.2,5,1
t-03361,treatment,0,0.0,104.6,4,0
t-03362,treatment,0,0.0,117.0,4,0
t-03363,treatment,1,51.63,145.8,5,0
t-03364,treatment,0,0.0,158.2,1,0
t-03365,treatment,0,0.0,181.6,3,1
t-03366,treatment,0,0.0,138.6,2,0
t-03367,treatment,0,0.0,186.0,3,1
t-03368,treatment,1,51.52,225.4,4,0
t-03369,treatment,0,0.0,191.0,5,0
t-03370,treatment,0,0.0,177.3,5,1
t-03371,treatment,0,0.0,193.7,4,0
t-03372,treatment,0,0.0,122.6,6,0
t-03373,treatment,0,0.0,218.1,4,1
t-03374,treatment,0,0.0,132.1,2,0
t-03375,treatment,0,0.0,242.1,2,1
t-03376,treatment,0,0.0,210.8,4,1
t-03377,treatment,0,0.0,202.3,4,0
t-03378,treatment,1,68.92,204.0,5,0
t-03379,treatment,0,0.0,179.9,2,1
t-03380,treatment,0,0.0,148.5,1,1
t-03381,treatment,0,0.0,142.3,5,1
t-03382,treatment,0,0.0,250.1,1,1
t-03383,treatment,0,0.0,184.1,3,1
t-03384,treatment,0,0.0,135.4,2,0
t-03385,treatment,0,0.0,200.7,2,0
t-03386,treatment,0,0.0,193.7,3,0
t-03387,treatment,1,18.81,166.8,5,0
t-03388,treatment,1,57.2,144.1,2,0
t-03389,treatment,0,0.0,209.4,2,0
t-03390,treatment,0,0.0,217.8,2,0
t-03391,treatment,0,0.0,192.9,1,0
t-03392,treatment,0,0.0,182.9,4,0
t-03393,treatment,0,0.0,148.7,5,0
t-03394,treatment,0,0.0,199.2,3,1
t-03395,treatment,1,40.88,154.6,4,1
t-03396,treatment,0,0.0,129.1,4,1
t-03397,treatment,0,0.0,225.0,4,0
t-03398,treatment,0,0.0,138.8,6,0
t-03399,treatment,0,0.0,104.1,1,1
t-03400,treatment,0,0.0,232.4,3,1
t-03401,treatment,0,0.0,110.2,5,0
t-03402,treatment,0,0.0,164.4,1,1
t-03403,treatment,0,0.0,136.2,4,0
t-03404,treatment,0,0.0,151.0,4,1
t-03405,treatment,0,0.0,269.0,4,0
t-03406,treatment,0,0.0,175.9,3,0
t-03407,treatment,0,0.0,194.4,3,0
t-03408,treatment,0,0.0,211.6,4,0
t-03409,treatment,0,0.0,154.1,5,0
t-03410,treatment,0,0.0,223.0,3,0
t-03411,treatment,0,0.0,195.0,4,1
t-03412,treatment,0,0.0,210.2,3,0
t-03413,treatment,0,0.0,151.0,4,1
t-03414,treatment,0,0.0,197.8,4,1
t-03415,treatment,0,0.0,179.6,5,0
t-03416,treatment,1,38.64,225.2,5,0
t-03417,treatment,0,0.0,158.4,3,1
t-03418,treatment,0,0.0,261.3,4,0
t-03419,treatment,0,0.0,193.5,2,1
t-03420,treatment,0,0.0,175.0,4,1
t-03421,treatment,0,0.0,170.3,3,0
t-03422,treatment,0,0.0,179.7,0,1
t-03423,treatment,1,29.87,154.9,1,0
t-03424,treatment,0,0.0,206.7,0,0
t-03425,treatment,0,0.0,179.5,4,0
t-03426,treatment,0,0.0,257.7,3,0
t-03427,treatment,0,0.0,162.7,3,1
t-03428,treatment,0,0.0,175.2,3,0
t-03429,treatment,0,0.0,162.6,2,0
t-03430,treatment,0,0.0,254.8,1,0
t-03431,treatment,0,0.0,122.2,3,0
t-03432,treatment,0,0.0,183.7,1,0
t-03433,treatment,0,0.0,192.5,3,0
t-03434,treatment,1,45.41,134.9,2,0
t-03435,treatment,0,0.0,285.7,2,0
t-03436,treatment,0,0.0,142.8,4,0
t-03437,treatment,0,0.0,181.3,4,1
t-03438,treatment,1,42.42,247.4,3,0
t-03439,treatment,0,0.0,165.0,5,0
t-03440,treatment,0,0.0,185.7,2,0
t-03441,treatment,0,0.0,166.2,3,0
t-03442,treatment,0,0.0,177.9,2,0
t-03443,treatment,0,0.0,223.3,1,1
t-03444,treatment,0,0.0,163.1,3,0
t-03445,treatment,1,44.17,73.8,6,0
t-03446,treatment,1,25.6,178.7,3,0
t-03447,treatment,0,0.0,182.5,7,1
t-03448,treatment,0,0.0,187.8,0,0
t-03449,treatment,0,0.0,172.7,4,1
t-03450,treatment,0,0.0,145.5,5,0
t-03451,treatment,0,0.0,170.2,1,0
t-03452,treatment,0,0.0,250.6,6,0
t-03453,treatment,0,0.0,178.3,5,0
t-03454,treatment,0,0.0,206.1,5,1
t-03455,treatment,1,55.93,138.7,1,0
t-03456,treatment,1,37.48,168.3,3,0
t-03457,treatment,0,0.0,140.0,5,0
t-03458,treatment,0,0.0,231.7,7,0
t-03459,treatment,0,0.0,117.8,2,0
t-03460,treatment,0,0.0,194.9,5,1
t-03461,treatment,0,0.0,193.6,5,0
t-03462,treatment,0,0.0,191.0,6,1
t-03463,treatment,0,0.0,86.2,3,1
t-03464,treatment,1,25.64,99.1,5,0
t-03465,treatment,0,0.0,184.7,3,1
t-03466,treatment,0,0.0,143.1,2,1
t-03467,treatment,0,0.0,154.3,4,0
t-03468,treatment,0,0.0,163.0,1,1
t-03469,treatment,0,0.0,137.9,6,0
t-03470,treatment,0,0.0,131.0,2,0
t-03471,treatment,0,0.0,180.0,4,0
t-03472,treatment,0,0.0,103.8,1,1
t-03473,treatment,1,41.82,159.8,4,0
t-03474,treatment,0,0.0,153.3,1,1
t-03475,treatment,0,0.0,179.1,0,1
t-03476,treatment,0,0.0,275.5,6,0
t-03477,treatment,0,0.0,140.7,6,1
t-03478,treatment,1,37.78,196.3,1,1
t-03479,treatment,0,0.0,188.8,2,0
t-03480,treatment,0,0.0,202.4,7,1
t-03481,treatment,0,0.0,171.5,3,0
t-03482,treatment,1,54.52,237.7,1,1
t-03483,treatment,0,0.0,207.4,3,0
t-03484,treatment,1,41.57,208.0,4,1
t-03485,treatment,0,0.0,123.4,2,1
t-03486,treatment,0,0.0,183.9,2,1
t-03487,treatment,1,27.87,159.6,3,0
t-03488,treatment,0,0.0,145.5,3,0
t-03489,treatment,0,0.0,154.9,2,1
t-03490,treatment,0,0.0,177.8,4,0
t-03491,treatment,0,0.0,198.3,4,1
t-03492,treatment,0,0.0,219.3,0,0
t-03493,treatment,0,0.0,217.4,8,0
t-03494,treatment,0,0.0,191.7,5,0
t-03495,treatment,0,0.0,182.2,2,0
t-03496,treatment,0,0.0,167.0,4,1
t-03497,treatment,0,0.0,170.1,2,1
t-03498,treatment,0,0.0,148.8,1,1
t-03499,treatment,0,0.0,162.9,1,1
t-03500,treatment,0,0.0,194.2,6,0
t-03501,treatment,0,0.0,241.6,4,0
t-03502,treatment,0,0.0,174.0,3,0
t-03503,treatment,0,0.0,147.7,3,0
t-03504,treatment,0,0.0,218.8,2,0
t-03505,treatment,0,0.0,99.9,2,0
t-03506,treatment,0,0.0,221.7,5,0
t-03507,treatment,0,0.0,122.7,3,0
t-03508,treatment,0,0.0,206.3,1,1
t-03509,treatment,0,0.0,161.0,4,0
t-03510,treatment,0,0.0,192.8,2,0
t-03511,treatment,0,0.0,263.3,3,1
t-03512,treatment,0,0.0,146.5,4,0
t-03513,treatment,1,35.88,140.0,3,1
t-03514,treatment,0,0.0,183.1,4,1
t-03515,treatment,1,24.61,241.0,4,0
t-03516,treatment,0,0.0,187.2,3,0
t-03517,treatment,0,0.0,181.8,5,0
t-03518,treatment,0,0.0,186.8,0,1
t-03519,treatment,0,0.0,139.8,2,0
t-03520,treatment,0,0.0,187.2,1,0
t-03521,treatment,0,0.0,164.3,2,0
t-03522,treatment,1,89.27,232.9,3,0
t-03523,treatment,1,95.97,211.9,3,0
t-03524,treatment,0,0.0,127.1,3,0
t-03525,treatment,1,101.34,168.7,3,0
t-03526,treatment,1,41.04,201.1,3,0
t-03527,treatment,0,0.0,140.7,7,1
t-03528,treatment,0,0.0,136.8,3,1
t-03529,treatment,0,0.0,161.5,3,0
t-03530,treatment,0,0.0,193.8,2,0
t-03531,treatment,0,0.0,221.5,4,1
t-03532,treatment,0,0.0,189.3,1,0
t-03533,treatment,0,0.0,278.5,3,0
t-03534,treatment,0,0.0,152.9,1,0
t-03535,treatment,0,0.0,209.6,3,1
t-03536,treatment,0,0.0,135.6,2,1
t-03537,treatment,0,0.0,244.4,3,1
t-03538,treatment,0,0.0,234.4,4,0
t-03539,treatment,0,0.0,208.5,4,0
t-03540,treatment,0,0.0,110.5,4,0
t-03541,treatment,0,0.0,208.1,1,0
t-03542,treatment,0,0.0,147.2,4,0
t-03543,treatment,0,0.0,198.1,1,1
t-03544,treatment,0,0.0,121.8,1,0
t-03545,treatment,0,0.0,190.8,2,0
t-03546,treatment,0,0.0,165.9,5,0
t-03547,treatment,0,0.0,148.9,4,1
t-03548,treatment,1,95.94,203.7,2,0
t-03549,treatment,0,0.0,177.9,5,0
t-03550,treatment,0,0.0,171.8,2,0
t-03551,treatment,0,0.0,209.5,2,0
t-03552,treatment,0,0.0,256.2,2,0
t-03553,treatment,0,0.0,191.0,4,0
t-03554,treatment,1,64.27,107.8,3,0
t-03555,treatment,0,0.0,117.7,3,0
t-03556,treatment,0,0.0,182.8,4,0
t-03557,treatment,0,0.0,221.1,1,0
t-03558,treatment,1,36.97,185.4,7,1
t-03559,treatment,0,0.0,200.5,3,1
t-03560,treatment,0,0.0,177.6,3,0
t-03561,treatment,0,0.0,218.5,6,1
t-03562,treatment,0,0.0,204.7,4,0
t-03563,treatment,0,0.0,139.2,1,0
t-03564,treatment,1,40.33,197.9,2,0
t-03565,treatment,0,0.0,118.3,3,0
t-03566,treatment,0,0.0,197.9,5,0
t-03567,treatment,1,49.53,168.7,6,0
t-03568,treatment,0,0.0,186.4,4,1
t-03569,treatment,0,0.0,193.0,2,0
t-03570,treatment,0,0.0,191.3,4,1
t-03571,treatment,0,0.0,236.7,2,0
t-03572,treatment,0,0.0,181.4,3,0
t-03573,treatment,0,0.0,187.6,2,0
t-03574,treatment,0,0.0,233.2,6,0
t-03575,treatment,0,0.0,255.9,3,1
t-03576,treatment,0,0.0,179.3,2,0
t-03577,treatment,0,0.0,159.5,1,1
t-03578,treatment,0,0.0,161.5,3,1
t-03579,treatment,1,56.04,198.0,1,0
t-03580,treatment,0,0.0,171.9,2,1
t-03581,treatment,0,0.0,110.0,4,0
t-03582,treatment,1,63.01,224.9,4,1
t-03583,treatment,0,0.0,212.6,3,0
t-03584,treatment,1,53.47,225.9,2,0
t-03585,treatment,0,0.0,233.8,2,1
t-03586,treatment,0,0.0,187.6,0,1
t-03587,treatment,0,0.0,190.4,7,1
t-03588,treatment,0,0.0,220.3,4,0
t-03589,treatment,1,45.75,131.4,6,0
t-03590,treatment,0,0.0,165.9,4,1
t-03591,treatment,0,0.0,177.6,7,0
t-03592,treatment,0,0.0,216.9,1,1
t-03593,treatment,0,0.0,158.5,6,1
t-03594,treatment,0,0.0,151.5,3,1
t-03595,treatment,0,0.0,162.8,3,1
t-03596,treatment,0,0.0,198.8,3,0
t-03597,treatment,0,0.0,177.3,6,0
t-03598,treatment,0,0.0,122.0,5,1
t-03599,treatment,0,0.0,129.9,3,1
t-03600,treatment,0,0.0,185.5,1,0
t-03601,treatment,0,0.0,186.8,2,1
t-03602,treatment,0,0.0,181.1,4,0
t-03603,treatment,0,0.0,161.2,4,0
t-03604,treatment,0,0.0,211.5,3,0
t-03605,treatment,0,0.0,194.8,1,0
t-03606,treatment,0,0.0,193.4,3,0
t-03607,treatment,0,0.0,194.8,2,0
t-03608,treatment,0,0.0,243.9,0,1
t-03609,treatment,0,0.0,139.0,3,0
t-03610,treatment,1,98.34,163.2,4,0
t-03611,treatment,0,0.0,166.5,5,0
t-03612,treatment,0,0.0,230.3,3,0
t-03613,treatment,0,0.0,165.0,3,0
t-03614,treatment,0,0.0,148.3,5,1
t-03615,treatment,0,0.0,175.8,4,0
t-03616,treatment,0,0.0,184.2,3,1
t-03617,treatment,0,0.0,227.9,2,0
t-03618,treatment,0,0.0,164.8,5,0
t-03619,treatment,0,0.0,152.5,2,0
t-03620,treatment,1,50.85,143.6,7,0
t-03621,treatment,0,0.0,166.2,6,0
t-03622,treatment,1,49.55,282.5,6,1
t-03623,treatment,1,48.53,195.3,2,0
t-03624,treatment,0,0.0,203.9,3,0
t-03625,treatment,1,50.86,180.0,4,0
t-03626,treatment,1,28.99,185.5,5,1
t-03627,treatment,0,0.0,211.5,6,1
t-03628,treatment,0,0.0,202.5,3,0
t-03629,treatment,0,0.0,194.0,2,0
t-03630,treatment,0,0.0,180.6,4,1
t-03631,treatment,0,0.0,165.9,2,1
t-03632,treatment,0,0.0,197.0,0,1
t-03633,treatment,0,0.0,183.3,1,1
t-03634,treatment,0,0.0,265.3,3,1
t-03635,treatment,0,0.0,222.0,3,0
t-03636,treatment,0,0.0,153.0,3,0
t-03637,treatment,0,0.0,133.2,1,1
t-03638,treatment,1,34.08,164.1,0,0
t-03639,treatment,0,0.0,136.7,0,1
t-03640,treatment,0,0.0,161.7,2,1
t-03641,treatment,0,0.0,141.2,4,1
t-03642,treatment,0,0.0,166.9,5,1
t-03643,treatment,0,0.0,167.4,5,1
t-03644,treatment,1,160.89,185.9,1,0
t-03645,treatment,0,0.0,171.7,3,0
t-03646,treatment,0,0.0,143.9,0,0
t-03647,treatment,0,0.0,228.6,7,0
t-03648,treatment,0,0.0,196.1,4,0
t-03649,treatment,0,0.0,158.2,2,0
t-03650,treatment,0,0.0,144.6,1,0
t-03651,treatment,0,0.0,121.3,4,1
t-03652,treatment,0,0.0,118.4,6,0
t-03653,treatment,0,0.0,221.9,1,0
t-03654,treatment,0,0.0,217.7,1,1
t-03655,treatment,0,0.0,156.6,3,1
t-03656,treatment,0,0.0,234.6,2,0
t-03657,treatment,0,0.0,204.7,2,0
t-03658,treatment,0,0.0,188.1,3,0
t-03659,treatment,0,0.0,214.5,3,1
t-03660,treatment,0,0.0,204.7,4,0
t-03661,treatment,0,0.0,186.1,2,1
t-03662,treatment,0,0.0,170.4,3,1
t-03663,treatment,0,0.0,175.7,1,1
t-03664,treatment,0,0.0,115.7,8,1
t-03665,treatment,0,0.0,148.0,1,0
t-03666,treatment,0,0.0,252.0,5,0
t-03667,treatment,0,0.0,146.9,4,1
t-03668,treatment,0,0.0,106.0,1,0
t-03669,treatment,0,0.0,216.2,2,1
t-03670,treatment,0,0.0,189.9,3,1
t-03671,treatment,0,0.0,192.2,3,0
t-03672,treatment,0,0.0,173.7,5,0
t-03673,treatment,0,0.0,216.4,3,0
t-03674,treatment,0,0.0,241.2,8,0
t-03675,treatment,1,25.47,159.1,3,0
t-03676,treatment,0,0.0,205.3,1,1
t-03677,treatment,1,60.48,224.7,6,0
t-03678,treatment,0,0.0,156.9,6,1
t-03679,treatment,0,0.0,240.4,6,1
t-03680,treatment,0,0.0,224.6,3,1
t-03681,treatment,0,0.0,130.3,2,1
t-03682,treatment,0,0.0,243.8,0,0
t-03683,treatment,0,0.0,132.4,4,1
t-03684,treatment,0,0.0,152.5,1,0
t-03685,treatment,0,0.0,207.3,3,0
t-03686,treatment,0,0.0,221.7,2,1
t-03687,treatment,0,0.0,183.9,3,0
t-03688,treatment,1,62.44,154.8,2,1
t-03689,treatment,0,0.0,169.6,4,0
t-03690,treatment,1,84.41,164.9,3,0
t-03691,treatment,0,0.0,213.6,4,0
t-03692,treatment,0,0.0,163.8,4,0
t-03693,treatment,0,0.0,153.9,2,1
t-03694,treatment,0,0.0,120.9,3,0
t-03695,treatment,0,0.0,156.2,1,0
t-03696,treatment,0,0.0,175.3,2,0
t-03697,treatment,0,0.0,134.8,3,0
t-03698,treatment,0,0.0,110.2,2,1
t-03699,treatment,0,0.0,219.2,3,0
t-03700,treatment,0,0.0,140.0,5,0
t-03701,treatment,0,0.0,127.6,2,0
t-03702,treatment,1,63.12,242.8,5,0
t-03703,treatment,0,0.0,214.0,4,0
t-03704,treatment,0,0.0,221.0,1,1
t-03705,treatment,1,125.32,200.2,3,0
t-03706,treatment,1,59.61,232.5,3,0
t-03707,treatment,0,0.0,215.3,1,1
t-03708,treatment,0,0.0,166.2,5,0
t-03709,treatment,0,0.0,137.4,2,1
t-03710,treatment,0,0.0,128.7,2,1
t-03711,treatment,0,0.0,174.4,1,1
t-03712,treatment,0,0.0,136.0,2,0
t-03713,treatment,0,0.0,148.1,1,0
t-03714,treatment,0,0.0,173.9,6,0
t-03715,treatment,0,0.0,235.9,6,0
t-03716,treatment,0,0.0,119.6,1,0
t-03717,treatment,0,0.0,181.2,5,0
t-03718,treatment,0,0.0,129.9,2,1
t-03719,treatment,0,0.0,157.7,7,1
t-03720,treatment,0,0.0,217.2,1,0
t-03721,treatment,0,0.0,146.1,0,0
t-03722,treatment,0,0.0,169.5,2,0
t-03723,treatment,0,0.0,185.6,4,1
t-03724,treatment,0,0.0,208.0,4,0
t-03725,treatment,0,0.0,158.1,1,0
t-03726,treatment,0,0.0,230.4,2,1
t-03727,treatment,0,0.0,162.2,3,0
t-03728,treatment,0,0.0,199.4,1,1
t-03729,treatment,0,0.0,172.4,1,0
t-03730,treatment,0,0.0,209.6,3,0
t-03731,treatment,0,0.0,261.1,1,1
t-03732,treatment,0,0.0,168.9,3,0
t-03733,treatment,0,0.0,179.4,1,1
t-03734,treatment,0,0.0,162.7,3,1
t-03735,treatment,1,98.15,156.6,4,1
t-03736,treatment,0,0.0,152.0,5,0
t-03737,treatment,0,0.0,179.3,2,0
t-03738,treatment,0,0.0,148.9,3,1
t-03739,treatment,0,0.0,150.1,1,0
t-03740,treatment,0,0.0,53.4,3,1
t-03741,treatment,0,0.0,235.4,4,1
t-03742,treatment,0,0.0,245.8,4,1
t-03743,treatment,0,0.0,206.0,4,1
t-03744,treatment,0,0.0,145.0,3,1
t-03745,treatment,0,0.0,129.5,3,1
t-03746,treatment,0,0.0,117.4,4,0
t-03747,treatment,0,0.0,205.6,1,0
t-03748,treatment,0,0.0,230.6,4,0
t-03749,treatment,0,0.0,186.6,3,0
t-03750,treatment,0,0.0,214.3,2,0
t-03751,treatment,0,0.0,197.8,5,0
t-03752,treatment,0,0.0,149.2,3,0
t-03753,treatment,0,0.0,220.4,3,0
t-03754,treatment,0,0.0,217.8,3,1
t-03755,treatment,0,0.0,140.4,4,0
t-03756,treatment,0,0.0,212.3,1,1
t-03757,treatment,1,85.45,174.1,3,1
t-03758,treatment,1,107.11,169.6,0,0
t-03759,treatment,0,0.0,195.6,3,0
t-03760,treatment,0,0.0,194.4,1,1
t-03761,treatment,0,0.0,215.5,3,1
t-03762,treatment,0,0.0,146.0,2,0
t-03763,treatment,0,0.0,202.6,2,0
t-03764,treatment,0,0.0,133.6,1,1
t-03765,treatment,0,0.0,172.8,2,0
t-03766,treatment,0,0.0,175.5,4,1
t-03767,treatment,0,0.0,218.8,3,0
t-03768,treatment,1,54.12,180.4,2,0
t-03769,treatment,0,0.0,169.5,5,1
t-03770,treatment,0,0.0,237.0,2,1
t-03771,treatment,1,64.01,162.8,3,0
t-03772,treatment,0,0.0,161.2,2,0
t-03773,treatment,0,0.0,104.9,4,0
t-03774,treatment,0,0.0,171.3,0,1
t-03775,treatment,0,0.0,142.4,1,1
t-03776,treatment,0,0.0,170.0,2,1
t-03777,treatment,0,0.0,189.6,4,1
t-03778,treatment,0,0.0,136.6,6,0
t-03779,treatment,0,0.0,147.1,0,0
t-03780,treatment,0,0.0,116.0,2,1
t-03781,treatment,0,0.0,159.6,3,0
t-03782,treatment,0,0.0,142.2,2,0
t-03783,treatment,0,0.0,265.8,2,1
t-03784,treatment,0,0.0,240.2,6,1
t-03785,treatment,0,0.0,233.7,0,1
t-03786,treatment,0,0.0,128.2,1,0
t-03787,treatment,0,0.0,172.9,3,0
t-03788,treatment,0,0.0,131.9,3,1
t-03789,treatment,0,0.0,253.7,4,0
t-03790,treatment,0,0.0,213.2,1,0
t-03791,treatment,0,0.0,137.9,4,1
t-03792,treatment,0,0.0,194.8,1,0
t-03793,treatment,0,0.0,120.7,3,1
t-03794,treatment,0,0.0,174.5,1,0
t-03795,treatment,0,0.0,173.0,1,1
t-03796,treatment,0,0.0,209.6,3,0
t-03797,treatment,0,0.0,219.5,2,0
t-03798,treatment,0,0.0,180.8,3,0
t-03799,treatment,0,0.0,171.0,4,1
t-03800,treatment,0,0.0,50.6,1,0
t-03801,treatment,0,0.0,242.5,3,0
t-03802,treatment,0,0.0,153.7,1,1
t-03803,treatment,0,0.0,184.1,6,1
t-03804,treatment,0,0.0,270.4,2,1
t-03805,treatment,0,0.0,132.2,5,1
t-03806,treatment,1,45.33,180.9,1,0
t-03807,treatment,0,0.0,199.9,1,0
t-03808,treatment,0,0.0,223.7,5,0
t-03809,treatment,0,0.0,180.0,5,0
t-03810,treatment,0,0.0,227.0,6,1
t-03811,treatment,0,0.0,163.4,4,1
t-03812,treatment,0,0.0,201.7,6,0
t-03813,treatment,0,0.0,196.6,1,0
t-03814,treatment,0,0.0,176.4,4,0
t-03815,treatment,0,0.0,192.9,3,0
t-03816,treatment,0,0.0,145.0,6,0
t-03817,treatment,0,0.0,168.1,4,1
t-03818,treatment,0,0.0,128.5,2,1
t-03819,treatment,0,0.0,162.3,6,0
t-03820,treatment,0,0.0,225.5,4,1
t-03821,treatment,1,57.51,196.8,0,1
t-03822,treatment,1,58.95,192.3,2,1
t-03823,treatment,0,0.0,116.0,8,0
t-03824,treatment,0,0.0,192.8,4,0
t-03825,treatment,0,0.0,177.5,5,0
t-03826,treatment,0,0.0,201.5,4,1
t-03827,treatment,1,21.01,235.3,2,0
t-03828,treatment,0,0.0,163.6,5,0
t-03829,treatment,0,0.0,167.4,5,1
t-03830,treatment,1,50.18,216.7,4,0
t-03831,treatment,0,0.0,155.9,3,0
t-03832,treatment,1,79.87,183.5,1,0
t-03833,treatment,0,0.0,100.1,2,0
t-03834,treatment,0,0.0,167.7,4,0
t-03835,treatment,1,29.15,232.2,0,0
t-03836,treatment,0,0.0,193.4,2,0
t-03837,treatment,0,0.0,216.0,2,0
t-03838,treatment,0,0.0,218.3,0,1
t-03839,treatment,0,0.0,234.0,1,1
t-03840,treatment,0,0.0,166.1,0,0
t-03841,treatment,0,0.0,217.7,3,1
t-03842,treatment,1,34.33,269.9,5,0
t-03843,treatment,0,0.0,178.9,3,0
t-03844,treatment,0,0.0,127.2,5,0
t-03845,treatment,0,0.0,156.2,3,1
t-03846,treatment,1,90.02,198.7,3,1
t-03847,treatment,0,0.0,113.5,0,0
t-03848,treatment,1,97.95,149.5,0,0
t-03849,treatment,1,40.47,166.8,4,0
t-03850,treatment,0,0.0,184.4,4,1
t-03851,treatment,0,0.0,251.9,4,0
t-03852,treatment,0,0.0,207.5,2,1
t-03853,treatment,0,0.0,135.4,2,0
t-03854,treatment,0,0.0,334.7,7,0
t-03855,treatment,0,0.0,179.3,5,1
t-03856,treatment,0,0.0,112.8,4,0
t-03857,treatment,0,0.0,138.5,8,0
t-03858,treatment,0,0.0,138.7,3,0
t-03859,treatment,0,0.0,126.1,3,0
t-03860,treatment,0,0.0,200.5,2,0
t-03861,treatment,0,0.0,73.3,1,0
t-03862,treatment,0,0.0,219.3,6,0
t-03863,treatment,0,0.0,212.6,2,1
t-03864,treatment,0,0.0,161.7,2,1
t-03865,treatment,0,0.0,216.6,4,0
t-03866,treatment,0,0.0,136.3,2,0
t-03867,treatment,0,0.0,146.3,4,1
t-03868,treatment,0,0.0,202.0,2,1
t-03869,treatment,0,0.0,171.6,3,1
t-03870,treatment,1,57.88,155.0,1,1
t-03871,treatment,0,0.0,175.5,6,0
t-03872,treatment,1,51.67,232.8,2,0
t-03873,treatment,0,0.0,231.2,6,1
t-03874,treatment,1,90.89,197.0,2,0
t-03875,treatment,0,0.0,165.8,2,0
t-03876,treatment,0,0.0,200.9,0,0
t-03877,treatment,0,0.0,145.5,2,1
t-03878,treatment,0,0.0,226.8,4,0
t-03879,treatment,0,0.0,218.0,2,0
t-03880,treatment,0,0.0,257.3,6,0
t-03881,treatment,0,0.0,147.9,1,1
t-03882,treatment,0,0.0,142.9,6,1
t-03883,treatment,0,0.0,202.1,2,0
t-03884,treatment,0,0.0,169.0,2,0
t-03885,treatment,1,42.1,220.0,4,1
t-03886,treatment,0,0.0,232.7,6,1
t-03887,treatment,0,0.0,248.1,6,0
t-03888,treatment,0,0.0,182.3,1,0
t-03889,treatment,0,0.0,215.2,2,1
t-03890,treatment,0,0.0,159.3,2,1
t-03891,treatment,0,0.0,188.7,5,0
t-03892,treatment,0,0.0,177.9,1,0
t-03893,treatment,0,0.0,175.7,2,1
t-03894,treatment,0,0.0,253.0,2,1
t-03895,treatment,0,0.0,126.3,5,0
t-03896,treatment,1,45.13,179.8,3,1
t-03897,treatment,0,0.0,182.2,3,0
t-03898,treatment,0,0.0,205.7,5,1
t-03899,treatment,1,97.84,136.1,5,0
t-03900,treatment,0,0.0,168.0,3,0
t-03901,treatment,0,0.0,156.2,1,0
t-03902,treatment,1,34.07,89.9,4,0
t-03903,treatment,0,0.0,226.5,2,0
t-03904,treatment,0,0.0,121.2,4,0
t-03905,treatment,1,42.77,115.9,2,1
t-03906,treatment,0,0.0,217.9,1,1
t-03907,treatment,0,0.0,166.6,5,0
t-03908,treatment,0,0.0,168.0,0,1
t-03909,treatment,1,56.82,168.8,3,0
t-03910,treatment,0,0.0,223.0,4,0
t-03911,treatment,0,0.0,157.9,4,0
t-03912,treatment,0,0.0,203.8,0,1
t-03913,treatment,0,0.0,134.4,7,0
t-03914,treatment,0,0.0,193.2,4,1
t-03915,treatment,1,106.24,216.1,3,1
t-03916,treatment,0,0.0,236.2,4,1
t-03917,treatment,0,0.0,118.0,2,0
t-03918,treatment,1,31.28,168.1,2,0
t-03919,treatment,0,0.0,243.9,2,0
t-03920,treatment,0,0.0,216.9,6,0
t-03921,treatment,0,0.0,172.0,7,1
t-03922,treatment,1,38.87,180.2,4,0
t-03923,treatment,1,69.87,191.9,6,1
t-03924,treatment,0,0.0,165.1,3,0
t-03925,treatment,0,0.0,201.9,3,0
t-03926,treatment,0,0.0,199.6,2,0
t-03927,treatment,0,0.0,135.4,2,0
t-03928,treatment,0,0.0,160.4,3,1
t-03929,treatment,0,0.0,161.8,2,0
t-03930,treatment,0,0.0,169.8,6,0
t-03931,treatment,0,0.0,190.8,6,1
t-03932,treatment,0,0.0,187.2,4,0
t-03933,treatment,0,0.0,151.2,2,0
t-03934,treatment,1,74.9,233.6,2,0
t-03935,treatment,0,0.0,180.2,4,0
t-03936,treatment,0,0.0,238.5,0,0
t-03937,treatment,0,0.0,237.6,1,1
t-03938,treatment,0,0.0,137.6,4,0
t-03939,treatment,0,0.0,160.4,4,1
t-03940,treatment,1,58.86,163.3,2,1
t-03941,treatment,0,0.0,192.5,3,0
t-03942,treatment,0,0.0,209.1,3,0
t-03943,treatment,0,0.0,185.9,2,0
t-03944,treatment,0,0.0,158.0,6,0
t-03945,treatment,0,0.0,246.1,4,0
t-03946,treatment,0,0.0,162.5,6,0
t-03947,treatment,0,0.0,209.7,1,0
t-03948,treatment,0,0.0,178.5,4,0
t-03949,treatment,0,0.0,177.4,0,0
t-03950,treatment,0,0.0,207.0,3,1
t-03951,treatment,0,0.0,241.7,0,0
t-03952,treatment,0,0.0,192.2,4,1
t-03953,treatment,1,50.78,160.4,2,0
t-03954,treatment,0,0.0,239.2,5,1
t-03955,treatment,1,56.73,199.8,0,0
t-03956,treatment,0,0.0,186.8,1,1
t-03957,treatment,0,0.0,221.1,3,0
t-03958,treatment,1,27.16,192.9,6,1
t-03959,treatment,0,0.0,278.3,3,1
t-03960,treatment,0,0.0,180.1,2,1
t-03961,treatment,0,0.0,226.0,4,0
t-03962,treatment,0,0.0,197.7,3,1
t-03963,treatment,0,0.0,197.5,1,1
t-03964,treatment,0,0.0,165.5,1,1
t-03965,treatment,0,0.0,165.7,6,1
t-03966,treatment,0,0.0,199.9,2,1
t-03967,treatment,0,0.0,145.3,1,1
t-03968,treatment,0,0.0,157.0,1,1
t-03969,treatment,0,0.0,180.6,3,0
t-03970,treatment,0,0.0,229.6,4,1
t-03971,treatment,0,0.0,183.2,2,1
t-03972,treatment,0,0.0,182.6,5,0
t-03973,treatment,1,56.02,137.7,2,1
t-03974,treatment,1,104.27,247.8,2,0
t-03975,treatment,1,29.55,224.3,6,0
t-03976,treatment,0,0.0,228.8,5,0
t-03977,treatment,0,0.0,121.9,1,1
t-03978,treatment,0,0.0,194.1,1,1
t-03979,treatment,0,0.0,142.5,3,0
t-03980,treatment,1,37.61,210.9,5,1
t-03981,treatment,0,0.0,192.9,5,1
t-03982,treatment,0,0.0,200.8,3,1
t-03983,treatment,0,0.0,151.3,6,0
t-03984,treatment,0,0.0,138.4,2,1
t-03985,treatment,0,0.0,154.4,2,1
t-03986,treatment,0,0.0,192.3,2,0
t-03987,treatment,0,0.0,170.3,2,0
t-03988,treatment,1,44.76,190.1,5,0
t-03989,treatment,0,0.0,139.0,5,0
t-03990,treatment,0,0.0,179.7,1,1
t-03991,treatment,0,0.0,235.8,4,1
t-03992,treatment,0,0.0,193.3,3,0
t-03993,treatment,0,0.0,195.8,3,1
t-03994,treatment,0,0.0,196.1,2,1
t-03995,treatment,0,0.0,159.5,3,1
t-03996,treatment,0,0.0,245.3,2,0
t-03997,treatment,0,0.0,194.3,1,0
t-03998,treatment,0,0.0,187.1,3,1
t-03999,treatment,1,46.05,207.5,8,1
t-04000,treatment,0,0.0,217.6,4,0
t-04001,treatment,1,122.56,130.2,2,1
t-04002,treatment,1,35.19,182.3,5,0
t-04003,treatment,0,0.0,269.4,1,1
t-04004,treatment,0,0.0,246.2,3,1
t-04005,treatment,0,0.0,175.7,1,1
t-04006,treatment,0,0.0,209.1,2,1
t-04007,treatment,1,32.16,166.9,5,0
t-04008,treatment,0,0.0,194.1,4,0
t-04009,treatment,1,75.72,161.7,4,0
t-04010,treatment,0,0.0,161.0,2,0
t-04011,treatment,0,0.0,156.3,7,0
t-04012,treatment,0,0.0,247.3,6,0
t-04013,treatment,0,0.0,160.8,3,0
t-04014,treatment,0,0.0,225.7,7,1
t-04015,treatment,0,0.0,162.7,3,0
t-04016,treatment,0,0.0,158.2,5,1
t-04017,treatment,0,0.0,195.6,3,1
t-04018,treatment,0,0.0,128.1,4,1
t-04019,treatment,1,40.0,206.6,3,1
t-04020,treatment,1,76.28,174.6,3,1
t-04021,treatment,0,0.0,158.0,1,1
t-04022,treatment,0,0.0,149.4,5,0
t-04023,treatment,1,48.98,258.9,3,0
t-04024,treatment,0,0.0,178.6,1,1
t-04025,treatment,0,0.0,176.9,3,1
t-04026,treatment,1,65.8,214.9,1,1
t-04027,treatment,0,0.0,146.3,2,1
t-04028,treatment,0,0.0,225.4,3,1
t-04029,treatment,0,0.0,178.6,2,1
t-04030,treatment,0,0.0,124.6,4,1
t-04031,treatment,0,0.0,158.8,3,1
t-04032,treatment,0,0.0,136.2,3,1
t-04033,treatment,1,26.43,183.2,5,0
t-04034,treatment,1,65.7,148.3,2,0
t-04035,treatment,0,0.0,143.9,1,1
t-04036,treatment,0,0.0,191.7,3,0
t-04037,treatment,0,0.0,181.8,3,0
t-04038,treatment,0,0.0,228.4,4,1
t-04039,treatment,0,0.0,226.6,3,0
t-04040,treatment,0,0.0,182.5,2,0
t-04041,treatment,0,0.0,200.0,2,1
t-04042,treatment,0,0.0,123.7,2,1
t-04043,treatment,0,0.0,207.8,4,0
t-04044,treatment,0,0.0,196.4,0,0
t-04045,treatment,0,0.0,218.2,3,0
t-04046,treatment,0,0.0,167.8,3,0
t-04047,treatment,0,0.0,168.1,6,0
t-04048,treatment,0,0.0,168.3,2,0
t-04049,treatment,1,59.03,237.4,4,0
t-04050,treatment,0,0.0,191.3,3,1
t-04051,treatment,0,0.0,120.2,1,0
t-04052,treatment,0,0.0,205.8,6,0
t-04053,treatment,0,0.0,161.5,1,1
t-04054,treatment,1,47.71,223.4,2,0
t-04055,treatment,0,0.0,201.6,3,0
t-04056,treatment,0,0.0,229.6,4,0
t-04057,treatment,0,0.0,221.6,4,1
t-04058,treatment,0,0.0,217.5,4,0
t-04059,treatment,1,30.73,225.4,2,1
t-04060,treatment,1,59.0,212.6,3,1
t-04061,treatment,0,0.0,152.2,2,0
t-04062,treatment,0,0.0,134.3,5,1
t-04063,treatment,0,0.0,146.8,4,0
t-04064,treatment,0,0.0,209.2,4,0
t-04065,treatment,0,0.0,91.1,3,1
t-04066,treatment,0,0.0,179.4,2,0
t-04067,treatment,1,74.13,169.4,4,1
t-04068,treatment,1,42.14,229.0,4,0
t-04069,treatment,0,0.0,175.3,1,0
t-04070,treatment,0,0.0,165.3,2,0
t-04071,treatment,1,42.51,232.6,2,1
t-04072,treatment,0,0.0,176.3,5,1
t-04073,treatment,0,0.0,169.9,6,0
t-04074,treatment,0,0.0,160.4,3,0
t-04075,treatment,0,0.0,191.4,3,1
t-04076,treatment,0,0.0,166.7,3,0
t-04077,treatment,0,0.0,166.9,3,1
t-04078,treatment,0,0.0,238.0,1,0
t-04079,treatment,0,0.0,182.0,5,0
t-04080,treatment,0,0.0,162.1,1,0
t-04081,treatment,0,0.0,140.2,7,1
t-04082,treatment,0,0.0,187.9,4,0
t-04083,treatment,0,0.0,157.6,3,0
t-04084,treatment,1,76.5,165.3,1,0
t-04085,treatment,0,0.0,145.9,2,0
t-04086,treatment,0,0.0,187.9,0,0
t-04087,treatment,0,0.0,127.9,4,1
t-04088,treatment,0,0.0,196.5,1,1
t-04089,treatment,0,0.0,158.1,1,1
t-04090,treatment,1,115.54,208.7,5,0
t-04091,treatment,1,81.68,199.4,1,1
t-04092,treatment,0,0.0,184.2,3,0
t-04093,treatment,0,0.0,213.8,3,0
t-04094,treatment,0,0.0,242.3,2,0
t-04095,treatment,0,0.0,230.7,2,1
t-04096,treatment,0,0.0,127.6,7,0
t-04097,treatment,0,0.0,155.8,3,0
t-04098,treatment,0,0.0,160.7,4,0
t-04099,treatment,0,0.0,205.5,0,1
t-04100,treatment,0,0.0,159.1,2,0
t-04101,treatment,0,0.0,157.5,3,0
t-04102,treatment,0,0.0,150.6,2,0
t-04103,treatment,1,59.34,192.0,1,0
t-04104,treatment,0,0.0,205.4,1,0
t-04105,treatment,0,0.0,131.5,5,0
t-04106,treatment,0,0.0,159.4,2,0
t-04107,treatment,0,0.0,104.2,4,1
t-04108,treatment,0,0.0,84.3,1,0
t-04109,treatment,0,0.0,199.4,4,0
t-04110,treatment,0,0.0,192.6,5,0
t-04111,treatment,0,0.0,186.9,1,0
t-04112,treatment,0,0.0,243.5,5,0
t-04113,treatment,1,47.97,113.0,6,1
t-04114,treatment,0,0.0,96.8,4,1
t-04115,treatment,0,0.0,135.1,3,0
t-04116,treatment,1,52.86,95.2,3,1
t-04117,treatment,0,0.0,155.5,5,0
t-04118,treatment,1,29.47,203.3,5,0
t-04119,treatment,1,49.93,191.9,2,1
t-04120,treatment,0,0.0,221.1,2,1
t-04121,treatment,0,0.0,194.8,2,0
t-04122,treatment,0,0.0,163.8,3,1
t-04123,treatment,0,0.0,159.0,5,1
t-04124,treatment,0,0.0,197.5,1,1
t-04125,treatment,0,0.0,118.8,3,0
t-04126,treatment,1,88.58,52.9,3,0
t-04127,treatment,0,0.0,195.6,2,1
t-04128,treatment,0,0.0,189.4,3,0
t-04129,treatment,0,0.0,242.8,4,1
t-04130,treatment,0,0.0,207.9,2,0
t-04131,treatment,0,0.0,192.4,2,1
t-04132,treatment,0,0.0,167.5,3,0
t-04133,treatment,0,0.0,147.6,1,1
t-04134,treatment,0,0.0,168.8,2,0
t-04135,treatment,0,0.0,218.2,5,0
t-04136,treatment,0,0.0,198.5,3,0
t-04137,treatment,0,0.0,217.4,2,1
t-04138,treatment,1,54.48,184.3,2,0
t-04139,treatment,0,0.0,144.0,5,0
t-04140,treatment,0,0.0,226.4,2,1
t-04141,treatment,1,40.39,222.8,3,0
t-04142,treatment,0,0.0,187.4,3,0
t-04143,treatment,0,0.0,202.2,1,1
t-04144,treatment,0,0.0,200.0,3,0
t-04145,treatment,0,0.0,161.3,0,1
t-04146,treatment,1,38.74,169.6,5,0
t-04147,treatment,1,52.76,143.6,7,1
t-04148,treatment,0,0.0,169.4,2,0
t-04149,treatment,0,0.0,221.2,0,0
t-04150,treatment,0,0.0,213.6,4,1
t-04151,treatment,0,0.0,202.3,8,1
t-04152,treatment,0,0.0,218.4,6,0
t-04153,treatment,0,0.0,165.4,4,0
t-04154,treatment,0,0.0,133.1,3,0
t-04155,treatment,0,0.0,173.7,1,0
t-04156,treatment,0,0.0,176.9,3,0
t-04157,treatment,0,0.0,207.0,1,1
t-04158,treatment,0,0.0,200.5,3,0
t-04159,treatment,0,0.0,220.4,4,1
t-04160,treatment,0,0.0,99.4,4,1
t-04161,treatment,0,0.0,148.1,9,1
t-04162,treatment,1,30.7,176.3,2,1
t-04163,treatment,0,0.0,199.2,9,0
t-04164,treatment,0,0.0,263.8,5,0
t-04165,treatment,0,0.0,140.9,4,1
t-04166,treatment,0,0.0,151.6,0,1
t-04167,treatment,0,0.0,163.1,2,0
t-04168,treatment,0,0.0,150.2,3,1
t-04169,treatment,0,0.0,144.5,3,0
t-04170,treatment,0,0.0,181.8,5,1
t-04171,treatment,0,0.0,219.3,2,1
t-04172,treatment,0,0.0,184.8,1,0
t-04173,treatment,0,0.0,145.6,2,0
t-04174,treatment,0,0.0,172.2,2,0
t-04175,treatment,0,0.0,138.5,4,1
t-04176,treatment,1,35.56,219.3,1,0
t-04177,treatment,0,0.0,238.8,4,1
t-04178,treatment,0,0.0,116.2,2,1
t-04179,treatment,1,106.67,189.2,1,0
t-04180,treatment,0,0.0,148.9,6,1
t-04181,treatment,0,0.0,182.5,2,0
t-04182,treatment,0,0.0,176.6,1,1
t-04183,treatment,0,0.0,126.4,3,1
t-04184,treatment,0,0.0,228.4,2,1
t-04185,treatment,0,0.0,173.9,3,1
t-04186,treatment,0,0.0,161.2,3,0
t-04187,treatment,0,0.0,184.7,1,1
t-04188,treatment,0,0.0,145.2,4,0
t-04189,treatment,0,0.0,172.7,0,0
t-04190,treatment,0,0.0,106.5,0,0
t-04191,treatment,0,0.0,85.7,1,1
t-04192,treatment,0,0.0,141.2,1,1
t-04193,treatment,1,33.57,158.7,1,1
t-04194,treatment,0,0.0,109.7,6,0
t-04195,treatment,1,37.31,160.1,2,0
t-04196,treatment,1,61.01,158.7,2,1
t-04197,treatment,0,0.0,177.5,3,1
t-04198,treatment,0,0.0,204.6,2,0
t-04199,treatment,1,43.87,248.5,0,0
t-04200,treatment,0,0.0,197.1,3,1
t-04201,treatment,0,0.0,140.6,5,0
t-04202,treatment,0,0.0,206.7,3,1
t-04203,treatment,0,0.0,236.0,3,0
t-04204,treatment,0,0.0,135.2,2,1
t-04205,treatment,0,0.0,137.4,3,0
t-04206,treatment,0,0.0,123.2,2,0
t-04207,treatment,0,0.0,157.4,5,0
t-04208,treatment,0,0.0,194.9,6,0
t-04209,treatment,0,0.0,239.3,4,1
t-04210,treatment,1,55.69,215.7,2,0
t-04211,treatment,0,0.0,195.4,2,1
t-04212,treatment,0,0.0,181.8,4,0
t-04213,treatment,0,0.0,195.7,2,1
t-04214,treatment,0,0.0,198.0,5,1
t-04215,treatment,1,78.91,232.1,2,0
t-04216,treatment,0,0.0,179.2,5,0
t-04217,treatment,0,0.0,190.5,2,0
t-04218,treatment,1,26.68,163.7,4,1
t-04219,treatment,0,0.0,184.5,1,0
t-04220,treatment,1,75.14,169.7,2,1
t-04221,treatment,1,41.18,132.4,3,1
t-04222,treatment,0,0.0,214.9,2,1
t-04223,treatment,0,0.0,239.5,4,0
t-04224,treatment,0,0.0,178.5,2,1
t-04225,treatment,0,0.0,193.3,0,0
t-04226,treatment,0,0.0,214.5,4,0
t-04227,treatment,0,0.0,174.3,2,0
t-04228,treatment,0,0.0,187.6,1,0
t-04229,treatment,1,47.05,171.3,6,0
t-04230,treatment,0,0.0,158.0,3,0
t-04231,treatment,0,0.0,200.9,3,1
t-04232,treatment,0,0.0,200.5,3,1
t-04233,treatment,0,0.0,216.9,1,0
t-04234,treatment,0,0.0,179.9,3,0
t-04235,treatment,0,0.0,132.0,1,0
t-04236,treatment,0,0.0,224.3,4,1
t-04237,treatment,0,0.0,150.6,2,1
t-04238,treatment,0,0.0,149.9,2,0
t-04239,treatment,0,0.0,158.7,4,0
t-04240,treatment,0,0.0,110.3,1,0
t-04241,treatment,0,0.0,171.3,4,0
t-04242,treatment,0,0.0,204.8,1,0
t-04243,treatment,0,0.0,162.7,3,1
t-04244,treatment,0,0.0,233.5,5,1
t-04245,treatment,0,0.0,231.0,4,0
t-04246,treatment,1,127.1,215.6,2,0
t-04247,treatment,0,0.0,102.6,4,0
t-04248,treatment,0,0.0,237.3,4,0
t-04249,treatment,0,0.0,170.5,6,0
t-04250,treatment,0,0.0,247.1,7,1
t-04251,treatment,1,28.47,155.8,1,1
t-04252,treatment,0,0.0,174.4,3,1
t-04253,treatment,0,0.0,183.6,5,0
t-04254,treatment,0,0.0,142.7,5,0
t-04255,treatment,0,0.0,115.2,0,0
t-04256,treatment,0,0.0,84.1,5,0
t-04257,treatment,0,0.0,298.1,5,0
t-04258,treatment,1,69.81,113.3,4,0
t-04259,treatment,0,0.0,113.8,3,0
t-04260,treatment,0,0.0,202.9,8,1
t-04261,treatment,0,0.0,123.0,7,1
t-04262,treatment,0,0.0,115.6,1,1
t-04263,treatment,0,0.0,65.0,3,1
t-04264,treatment,1,88.91,191.7,2,1
t-04265,treatment,0,0.0,137.2,4,0
t-04266,treatment,0,0.0,205.7,3,1
t-04267,treatment,0,0.0,177.0,5,0
t-04268,treatment,0,0.0,183.4,2,0
t-04269,treatment,0,0.0,161.9,5,0
t-04270,treatment,0,0.0,169.0,4,1
t-04271,treatment,0,0.0,144.2,2,0
t-04272,treatment,0,0.0,148.0,10,1
t-04273,treatment,0,0.0,136.2,3,0
t-04274,treatment,0,0.0,240.6,4,1
t-04275,treatment,0,0.0,164.2,4,0
t-04276,treatment,0,0.0,89.4,2,0
t-04277,treatment,0,0.0,190.4,3,0
t-04278,treatment,0,0.0,147.9,3,0
t-04279,treatment,0,0.0,178.2,1,1
t-04280,treatment,0,0.0,169.2,1,0
t-04281,treatment,0,0.0,239.6,4,1
t-04282,treatment,0,0.0,164.7,5,1
t-04283,treatment,0,0.0,212.6,1,0
t-04284,treatment,0,0.0,208.4,2,1
t-04285,treatment,0,0.0,125.3,1,0
t-04286,treatment,1,39.35,187.5,7,0
t-04287,treatment,0,0.0,149.7,6,0
t-04288,treatment,0,0.0,131.7,2,0
t-04289,treatment,0,0.0,131.8,1,0
t-04290,treatment,0,0.0,212.9,2,1
t-04291,treatment,0,0.0,285.7,2,0
t-04292,treatment,0,0.0,147.8,2,1
t-04293,treatment,0,0.0,188.6,3,1
t-04294,treatment,0,0.0,192.4,4,1
t-04295,treatment,0,0.0,158.8,6,1
t-04296,treatment,0,0.0,236.3,4,0
t-04297,treatment,1,39.63,267.9,3,1
t-04298,treatment,0,0.0,156.1,3,0
t-04299,treatment,0,0.0,249.4,0,0
t-04300,treatment,0,0.0,158.1,2,1
t-04301,treatment,0,0.0,141.2,0,1
t-04302,treatment,0,0.0,174.4,2,0
t-04303,treatment,0,0.0,214.8,1,1
t-04304,treatment,0,0.0,175.8,3,1
t-04305,treatment,0,0.0,209.5,5,0
t-04306,treatment,0,0.0,189.1,2,1
t-04307,treatment,0,0.0,234.1,4,0
t-04308,treatment,0,0.0,201.2,4,1
t-04309,treatment,0,0.0,241.2,3,0
t-04310,treatment,0,0.0,145.7,3,1
t-04311,treatment,1,45.34,171.9,2,1
t-04312,treatment,0,0.0,179.9,3,0
t-04313,treatment,0,0.0,145.8,5,1
t-04314,treatment,0,0.0,139.7,2,0
t-04315,treatment,0,0.0,195.3,3,0
t-04316,treatment,0,0.0,206.6,5,1
t-04317,treatment,1,39.24,184.5,7,0
t-04318,treatment,0,0.0,222.4,2,1
t-04319,treatment,1,55.14,135.9,2,0
t-04320,treatment,0,0.0,164.4,3,1
t-04321,treatment,0,0.0,132.8,4,1
t-04322,treatment,0,0.0,185.6,6,1
t-04323,treatment,0,0.0,199.5,5,0
t-04324,treatment,0,0.0,233.7,2,0
t-04325,treatment,0,0.0,132.9,5,0
t-04326,treatment,0,0.0,194.9,1,0
t-04327,treatment,0,0.0,237.4,3,1
t-04328,treatment,0,0.0,139.9,3,1
t-04329,treatment,0,0.0,130.6,3,0
t-04330,treatment,0,0.0,121.0,8,0
t-04331,treatment,0,0.0,205.0,2,0
t-04332,treatment,0,0.0,151.0,3,0
t-04333,treatment,0,0.0,199.1,0,0
t-04334,treatment,0,0.0,171.4,3,1
t-04335,treatment,0,0.0,252.0,5,0
t-04336,treatment,0,0.0,211.5,2,0
t-04337,treatment,0,0.0,147.8,2,1
t-04338,treatment,0,0.0,167.9,3,0
t-04339,treatment,0,0.0,211.5,4,1
t-04340,treatment,1,79.97,137.3,5,1
t-04341,treatment,0,0.0,227.3,3,1
t-04342,treatment,0,0.0,170.0,6,1
t-04343,treatment,0,0.0,212.4,3,0
t-04344,treatment,0,0.0,172.2,1,1
t-04345,treatment,0,0.0,159.0,4,1
t-04346,treatment,0,0.0,152.5,3,1
t-04347,treatment,0,0.0,249.3,3,0
t-04348,treatment,0,0.0,168.2,7,0
t-04349,treatment,0,0.0,303.2,5,0
t-04350,treatment,0,0.0,186.1,2,1
t-04351,treatment,0,0.0,146.0,3,0
t-04352,treatment,0,0.0,116.6,1,1
t-04353,treatment,0,0.0,229.3,3,1
t-04354,treatment,0,0.0,172.3,1,1
t-04355,treatment,0,0.0,212.9,2,0
t-04356,treatment,1,45.45,272.9,2,0
t-04357,treatment,0,0.0,206.8,3,1
t-04358,treatment,0,0.0,193.5,4,0
t-04359,treatment,0,0.0,229.1,3,1
t-04360,treatment,0,0.0,212.2,3,1
t-04361,treatment,0,0.0,129.5,3,0
t-04362,treatment,0,0.0,233.3,3,0
t-04363,treatment,0,0.0,178.2,1,0
t-04364,treatment,0,0.0,241.7,2,1
t-04365,treatment,0,0.0,200.3,4,1
t-04366,treatment,0,0.0,227.7,1,0
t-04367,treatment,0,0.0,171.0,7,1
t-04368,treatment,0,0.0,119.3,4,1
t-04369,treatment,0,0.0,202.5,3,0
t-04370,treatment,0,0.0,219.1,2,0
t-04371,treatment,0,0.0,157.7,4,1
t-04372,treatment,0,0.0,171.9,3,0
t-04373,treatment,0,0.0,91.4,1,1
t-04374,treatment,0,0.0,173.8,3,0
t-04375,treatment,0,0.0,130.0,3,1
t-04376,treatment,0,0.0,200.7,5,1
t-04377,treatment,0,0.0,193.4,4,1
t-04378,treatment,0,0.0,180.6,5,1
t-04379,treatment,0,0.0,232.9,2,0
t-04380,treatment,0,0.0,189.6,3,0
t-04381,treatment,0,0.0,187.7,7,1
t-04382,treatment,0,0.0,192.9,1,1
t-04383,treatment,0,0.0,156.7,1,0
t-04384,treatment,0,0.0,219.7,2,1
t-04385,treatment,1,81.28,143.3,3,1
t-04386,treatment,1,100.53,196.9,3,0
t-04387,treatment,0,0.0,228.7,1,1
t-04388,treatment,0,0.0,138.9,3,1
t-04389,treatment,0,0.0,126.3,4,0
t-04390,treatment,0,0.0,138.2,4,0
t-04391,treatment,0,0.0,252.7,4,0
t-04392,treatment,0,0.0,155.6,5,1
t-04393,treatment,1,64.97,132.0,5,0
t-04394,treatment,0,0.0,194.7,7,0
t-04395,treatment,0,0.0,71.0,5,0
t-04396,treatment,0,0.0,141.8,3,0
t-04397,treatment,0,0.0,236.6,4,0
t-04398,treatment,0,0.0,141.8,1,0
t-04399,treatment,0,0.0,169.6,6,1
t-04400,treatment,0,0.0,191.8,2,0
t-04401,treatment,0,0.0,191.8,0,0
t-04402,treatment,0,0.0,158.7,3,1
t-04403,treatment,0,0.0,201.9,1,0
t-04404,treatment,0,0.0,237.8,5,1
t-04405,treatment,0,0.0,137.5,2,1
t-04406,treatment,0,0.0,160.6,6,0
t-04407,treatment,1,67.79,175.8,1,0
t-04408,treatment,0,0.0,208.0,0,0
t-04409,treatment,0,0.0,181.3,3,1
t-04410,treatment,0,0.0,174.9,1,0
t-04411,treatment,1,40.97,118.0,3,0
t-04412,treatment,0,0.0,134.7,1,1
t-04413,treatment,0,0.0,187.7,4,1
t-04414,treatment,0,0.0,159.4,1,1
t-04415,treatment,0,0.0,166.3,3,0
t-04416,treatment,0,0.0,177.5,2,1
t-04417,treatment,0,0.0,273.7,4,0
t-04418,treatment,0,0.0,160.1,7,1
t-04419,treatment,0,0.0,235.5,2,1
t-04420,treatment,0,0.0,232.6,9,1
t-04421,treatment,0,0.0,212.2,1,1
t-04422,treatment,0,0.0,146.1,1,0
t-04423,treatment,0,0.0,185.5,3,0
t-04424,treatment,0,0.0,164.4,5,1
t-04425,treatment,0,0.0,260.6,2,1
t-04426,treatment,0,0.0,196.4,3,0
t-04427,treatment,0,0.0,171.5,4,0
t-04428,treatment,0,0.0,251.4,2,0
t-04429,treatment,0,0.0,165.9,4,1
t-04430,treatment,0,0.0,202.1,5,0
t-04431,treatment,0,0.0,208.1,1,1
t-04432,treatment,0,0.0,193.9,4,0
t-04433,treatment,0,0.0,175.7,4,1
t-04434,treatment,0,0.0,213.5,4,0
t-04435,treatment,0,0.0,154.8,3,0
t-04436,treatment,0,0.0,224.5,3,1
t-04437,treatment,0,0.0,168.7,1,1
t-04438,treatment,1,16.44,233.5,3,0
t-04439,treatment,0,0.0,221.9,5,1
t-04440,treatment,0,0.0,202.0,3,1
t-04441,treatment,1,69.66,176.4,2,1
t-04442,treatment,0,0.0,224.1,2,0
t-04443,treatment,0,0.0,202.8,2,0
t-04444,treatment,0,0.0,51.3,1,0
t-04445,treatment,0,0.0,147.3,4,1
t-04446,treatment,0,0.0,186.7,4,0
t-04447,treatment,0,0.0,191.2,2,1
t-04448,treatment,0,0.0,208.3,4,1
t-04449,treatment,0,0.0,242.0,3,0
t-04450,treatment,1,76.59,203.5,4,0
t-04451,treatment,0,0.0,96.6,1,0
t-04452,treatment,1,59.69,187.9,5,0
t-04453,treatment,0,0.0,228.6,2,0
t-04454,treatment,0,0.0,184.5,5,0
t-04455,treatment,0,0.0,188.1,4,1
t-04456,treatment,0,0.0,160.2,3,1
t-04457,treatment,1,80.59,218.0,1,0
t-04458,treatment,0,0.0,165.9,6,0
t-04459,treatment,0,0.0,203.7,5,1
t-04460,treatment,1,41.82,197.1,2,1
t-04461,treatment,0,0.0,182.2,4,0
t-04462,treatment,1,67.58,199.4,5,0
t-04463,treatment,0,0.0,188.1,4,0
t-04464,treatment,0,0.0,231.1,4,0
t-04465,treatment,0,0.0,207.1,2,1
t-04466,treatment,0,0.0,221.6,3,0
t-04467,treatment,0,0.0,149.4,5,0
t-04468,treatment,0,0.0,146.9,5,0
t-04469,treatment,0,0.0,182.5,0,1
t-04470,treatment,0,0.0,210.0,3,0
t-04471,treatment,0,0.0,201.3,4,0
t-04472,treatment,0,0.0,149.9,1,0
t-04473,treatment,0,0.0,211.2,6,1
t-04474,treatment,0,0.0,154.9,3,1
t-04475,treatment,0,0.0,207.0,3,1
t-04476,treatment,0,0.0,191.5,2,1
t-04477,treatment,0,0.0,171.0,2,1
t-04478,treatment,0,0.0,158.6,7,0
t-04479,treatment,0,0.0,185.3,3,1
t-04480,treatment,0,0.0,183.3,1,1
t-04481,treatment,0,0.0,138.1,2,0
t-04482,treatment,1,103.8,204.1,6,0
t-04483,treatment,0,0.0,226.3,2,0
t-04484,treatment,0,0.0,214.4,1,1
t-04485,treatment,0,0.0,192.6,2,1
t-04486,treatment,0,0.0,162.0,1,1
t-04487,treatment,0,0.0,185.2,2,0
t-04488,treatment,0,0.0,174.7,2,0
t-04489,treatment,0,0.0,185.0,4,0
t-04490,treatment,0,0.0,217.5,6,0
t-04491,treatment,0,0.0,175.7,0,0
t-04492,treatment,0,0.0,106.5,2,0
t-04493,treatment,0,0.0,212.0,6,1
t-04494,treatment,1,72.21,195.9,4,1
t-04495,treatment,0,0.0,186.0,8,0
t-04496,treatment,0,0.0,133.0,6,0
t-04497,treatment,0,0.0,146.7,6,0
t-04498,treatment,0,0.0,151.4,2,0
t-04499,treatment,0,0.0,156.7,4,0
t-04500,treatment,1,97.93,160.4,6,0
t-04501,treatment,1,98.21,132.7,8,1
t-04502,treatment,0,0.0,266.1,1,0
t-04503,treatment,0,0.0,240.1,3,1
t-04504,treatment,0,0.0,191.1,5,1
t-04505,treatment,0,0.0,178.7,3,0
t-04506,treatment,0,0.0,253.1,2,0
t-04507,treatment,0,0.0,245.0,1,1
t-04508,treatment,0,0.0,150.4,4,1
t-04509,treatment,0,0.0,189.9,4,1
t-04510,treatment,0,0.0,172.7,0,0
t-04511,treatment,0,0.0,169.2,2,1
t-04512,treatment,0,0.0,173.4,1,0
t-04513,treatment,0,0.0,176.6,5,0
t-04514,treatment,0,0.0,188.4,1,0
t-04515,treatment,0,0.0,188.7,6,0
t-04516,treatment,0,0.0,237.5,4,1
t-04517,treatment,0,0.0,147.7,1,0
t-04518,treatment,0,0.0,218.7,4,1
t-04519,treatment,0,0.0,137.0,4,0
t-04520,treatment,1,30.89,189.5,4,0
t-04521,treatment,0,0.0,221.7,1,0
t-04522,treatment,0,0.0,202.8,5,0
t-04523,treatment,0,0.0,167.3,1,1
t-04524,treatment,0,0.0,191.4,6,0
t-04525,treatment,0,0.0,246.1,7,0
t-04526,treatment,0,0.0,156.3,4,0
t-04527,treatment,0,0.0,202.7,2,0
t-04528,treatment,0,0.0,218.6,1,0
t-04529,treatment,0,0.0,164.5,2,0
t-04530,treatment,0,0.0,249.4,2,1
t-04531,treatment,0,0.0,262.9,3,1
t-04532,treatment,0,0.0,223.8,2,0
t-04533,treatment,0,0.0,223.8,5,0
t-04534,treatment,0,0.0,110.9,3,0
t-04535,treatment,0,0.0,127.2,5,0
t-04536,treatment,0,0.0,176.6,3,0
t-04537,treatment,0,0.0,153.7,4,1
t-04538,treatment,0,0.0,205.0,5,0
t-04539,treatment,1,73.97,66.1,0,0
t-04540,treatment,0,0.0,204.8,3,0
t-04541,treatment,0,0.0,173.0,3,1
t-04542,treatment,0,0.0,158.3,2,1
t-04543,treatment,0,0.0,256.3,3,1
t-04544,treatment,0,0.0,167.7,3,0
t-04545,treatment,0,0.0,115.3,5,1
t-04546,treatment,0,0.0,198.3,2,1
t-04547,treatment,0,0.0,195.3,1,1
t-04548,treatment,0,0.0,173.0,1,0
t-04549,treatment,0,0.0,274.1,4,0
t-04550,treatment,0,0.0,188.4,1,1
t-04551,treatment,0,0.0,220.6,2,0
t-04552,treatment,0,0.0,192.9,3,1
t-04553,treatment,0,0.0,230.8,3,0
t-04554,treatment,0,0.0,166.8,2,0
t-04555,treatment,0,0.0,137.5,7,0
t-04556,treatment,0,0.0,210.6,1,1
t-04557,treatment,0,0.0,192.0,2,0
t-04558,treatment,1,40.27,211.8,4,0
t-04559,treatment,0,0.0,155.3,2,1
t-04560,treatment,0,0.0,199.2,4,1
t-04561,treatment,1,32.51,116.2,8,1
t-04562,treatment,0,0.0,160.8,4,0
t-04563,treatment,0,0.0,151.8,5,0
t-04564,treatment,0,0.0,199.8,5,0
t-04565,treatment,0,0.0,160.6,7,1
t-04566,treatment,0,0.0,125.1,3,0
t-04567,treatment,0,0.0,157.3,6,1
t-04568,treatment,0,0.0,203.9,3,0
t-04569,treatment,0,0.0,185.2,3,1
t-04570,treatment,0,0.0,150.2,0,0
t-04571,treatment,0,0.0,213.6,3,0
t-04572,treatment,0,0.0,242.6,1,1
t-04573,treatment,1,47.06,216.4,6,0
t-04574,treatment,1,117.85,87.7,0,0
t-04575,treatment,0,0.0,189.5,2,0
t-04576,treatment,0,0.0,174.3,2,0
t-04577,treatment,0,0.0,98.6,3,1
t-04578,treatment,0,0.0,128.4,6,1
t-04579,treatment,0,0.0,212.0,4,1
t-04580,treatment,0,0.0,187.4,5,1
t-04581,treatment,0,0.0,183.2,4,0
t-04582,treatment,0,0.0,154.0,3,0
t-04583,treatment,1,41.9,223.3,4,0
t-04584,treatment,0,0.0,130.8,6,1
t-04585,treatment,0,0.0,144.5,2,0
t-04586,treatment,0,0.0,167.3,4,0
t-04587,treatment,0,0.0,119.0,5,1
t-04588,treatment,1,24.26,144.7,4,1
t-04589,treatment,0,0.0,222.5,2,1
t-04590,treatment,0,0.0,146.2,1,1
t-04591,treatment,0,0.0,211.2,5,0
t-04592,treatment,0,0.0,205.4,2,1
t-04593,treatment,0,0.0,173.3,7,1
t-04594,treatment,0,0.0,123.2,1,0
t-04595,treatment,0,0.0,182.5,6,0
t-04596,treatment,0,0.0,95.6,3,0
t-04597,treatment,1,27.94,158.8,3,0
t-04598,treatment,0,0.0,189.7,4,0
t-04599,treatment,0,0.0,214.8,4,1
t-04600,treatment,0,0.0,173.9,4,0
t-04601,treatment,0,0.0,155.7,6,1
t-04602,treatment,0,0.0,152.5,3,1
t-04603,treatment,0,0.0,161.3,4,0
t-04604,treatment,0,0.0,205.0,2,0
t-04605,treatment,0,0.0,194.0,4,1
t-04606,treatment,0,0.0,179.1,3,1
t-04607,treatment,0,0.0,205.2,2,1
t-04608,treatment,1,66.37,180.0,5,0
t-04609,treatment,0,0.0,126.6,3,0
t-04610,treatment,0,0.0,135.6,3,1
t-04611,treatment,0,0.0,204.1,4,1
t-04612,treatment,0,0.0,125.0,1,0
t-04613,treatment,0,0.0,164.8,4,1
t-04614,treatment,0,0.0,175.4,6,1
t-04615,treatment,0,0.0,138.7,5,0
t-04616,treatment,0,0.0,113.3,3,0
t-04617,treatment,0,0.0,133.0,5,1
t-04618,treatment,0,0.0,107.6,3,0
t-04619,treatment,0,0.0,204.5,4,1
t-04620,treatment,0,0.0,195.9,5,1
t-04621,treatment,0,0.0,149.6,1,0
t-04622,treatment,0,0.0,125.3,2,1
t-04623,treatment,1,38.04,226.7,2,1
t-04624,treatment,0,0.0,197.6,5,0
t-04625,treatment,0,0.0,155.2,4,0
t-04626,treatment,0,0.0,227.5,1,1
t-04627,treatment,0,0.0,185.5,3,1
t-04628,treatment,0,0.0,192.7,3,0
t-04629,treatment,0,0.0,138.3,3,0
t-04630,treatment,1,21.34,119.4,2,1
t-04631,treatment,0,0.0,117.2,4,1
t-04632,treatment,0,0.0,263.3,6,0
t-04633,treatment,0,0.0,146.9,1,0
t-04634,treatment,0,0.0,182.6,4,1
t-04635,treatment,0,0.0,198.4,2,0
t-04636,treatment,0,0.0,179.2,5,0
t-04637,treatment,0,0.0,173.8,2,0
t-04638,treatment,1,28.44,172.9,4,0
t-04639,treatment,0,0.0,199.2,2,0
t-04640,treatment,0,0.0,138.4,2,0
t-04641,treatment,0,0.0,162.4,1,0
t-04642,treatment,0,0.0,87.9,3,0
t-04643,treatment,0,0.0,105.5,5,0
t-04644,treatment,0,0.0,128.1,5,0
t-04645,treatment,0,0.0,214.1,7,0
t-04646,treatment,0,0.0,169.1,3,1
t-04647,treatment,0,0.0,207.9,2,0
t-04648,treatment,0,0.0,195.4,1,0
t-04649,treatment,0,0.0,190.4,3,0
t-04650,treatment,0,0.0,142.2,1,0
t-04651,treatment,1,57.69,183.0,8,0
t-04652,treatment,1,76.0,190.2,2,0
t-04653,treatment,0,0.0,268.0,6,1
t-04654,treatment,0,0.0,166.2,2,0
t-04655,treatment,0,0.0,209.3,2,1
t-04656,treatment,0,0.0,175.0,7,1
t-04657,treatment,0,0.0,151.9,4,1
t-04658,treatment,0,0.0,214.8,4,1
t-04659,treatment,0,0.0,255.7,3,1
t-04660,treatment,1,43.79,190.5,3,0
t-04661,treatment,0,0.0,152.7,5,0
t-04662,treatment,1,71.67,198.7,1,0
t-04663,treatment,0,0.0,191.2,2,1
t-04664,treatment,0,0.0,268.7,3,1
t-04665,treatment,1,80.78,209.7,0,0
t-04666,treatment,0,0.0,142.7,1,0
t-04667,treatment,0,0.0,231.0,4,0
t-04668,treatment,0,0.0,211.0,2,1
t-04669,treatment,0,0.0,217.4,5,0
t-04670,treatment,0,0.0,197.8,7,1
t-04671,treatment,1,37.61,220.3,4,1
t-04672,treatment,0,0.0,197.6,6,1
t-04673,treatment,0,0.0,169.8,2,1
t-04674,treatment,0,0.0,185.4,1,0
t-04675,treatment,0,0.0,175.4,5,0
t-04676,treatment,0,0.0,193.7,4,1
t-04677,treatment,0,0.0,183.2,3,0
t-04678,treatment,0,0.0,167.4,5,1
t-04679,treatment,0,0.0,172.7,7,0
t-04680,treatment,0,0.0,179.9,6,0
t-04681,treatment,0,0.0,108.8,1,1
t-04682,treatment,0,0.0,221.0,1,1
t-04683,treatment,0,0.0,193.9,1,0
t-04684,treatment,0,0.0,155.5,3,0
t-04685,treatment,0,0.0,203.6,2,0
t-04686,treatment,0,0.0,159.7,3,1
t-04687,treatment,0,0.0,159.7,4,1
t-04688,treatment,0,0.0,195.0,2,1
t-04689,treatment,0,0.0,237.2,6,0
t-04690,treatment,0,0.0,191.2,6,0
t-04691,treatment,0,0.0,149.0,6,0
t-04692,treatment,0,0.0,165.9,4,1
t-04693,treatment,0,0.0,214.0,2,0
t-04694,treatment,1,50.68,196.2,8,1
t-04695,treatment,0,0.0,218.4,2,1
t-04696,treatment,0,0.0,195.7,1,0
t-04697,treatment,0,0.0,210.8,6,0
t-04698,treatment,0,0.0,260.5,4,0
t-04699,treatment,0,0.0,125.9,6,0
t-04700,treatment,0,0.0,276.3,2,1
t-04701,treatment,0,0.0,217.5,6,1
t-04702,treatment,0,0.0,285.0,2,0
t-04703,treatment,0,0.0,140.7,3,0
t-04704,treatment,0,0.0,195.3,4,0
t-04705,treatment,0,0.0,186.4,5,0
t-04706,treatment,0,0.0,215.3,3,0
t-04707,treatment,0,0.0,198.8,3,0
t-04708,treatment,1,40.84,194.3,4,0
t-04709,treatment,0,0.0,211.2,3,0
t-04710,treatment,0,0.0,175.7,4,0
t-04711,treatment,0,0.0,159.4,2,0
t-04712,treatment,0,0.0,198.1,5,1
t-04713,treatment,0,0.0,159.3,3,0
t-04714,treatment,0,0.0,175.0,2,0
t-04715,treatment,0,0.0,122.4,3,1
t-04716,treatment,0,0.0,182.2,2,0
t-04717,treatment,0,0.0,142.9,2,1
t-04718,treatment,0,0.0,178.7,3,0
t-04719,treatment,0,0.0,136.6,0,0
t-04720,treatment,0,0.0,179.2,4,0
t-04721,treatment,0,0.0,216.0,5,0
t-04722,treatment,0,0.0,156.2,5,0
t-04723,treatment,0,0.0,142.7,4,0
t-04724,treatment,0,0.0,211.3,3,0
t-04725,treatment,0,0.0,216.5,5,0
t-04726,treatment,0,0.0,197.0,6,0
t-04727,treatment,0,0.0,161.4,3,0
t-04728,treatment,0,0.0,154.8,5,1
t-04729,treatment,0,0.0,166.7,1,0
t-04730,treatment,0,0.0,177.6,2,0
t-04731,treatment,0,0.0,111.0,1,1
t-04732,treatment,0,0.0,140.7,1,0
t-04733,treatment,0,0.0,230.0,4,1
t-04734,treatment,0,0.0,188.3,4,1
t-04735,treatment,0,0.0,229.1,3,0
t-04736,treatment,0,0.0,220.6,5,1
t-04737,treatment,0,0.0,167.5,2,1
t-04738,treatment,0,0.0,168.1,2,1
t-04739,treatment,0,0.0,218.7,6,0
t-04740,treatment,0,0.0,210.3,5,0
t-04741,treatment,0,0.0,219.5,3,0
t-04742,treatment,0,0.0,179.5,5,0
t-04743,treatment,0,0.0,185.7,4,0
t-04744,treatment,0,0.0,169.8,1,0
t-04745,treatment,0,0.0,177.9,4,0
t-04746,treatment,0,0.0,152.6,2,1
t-04747,treatment,0,0.0,177.0,3,1
t-04748,treatment,0,0.0,173.6,3,0
t-04749,treatment,1,68.2,161.7,1,0
t-04750,treatment,0,0.0,211.6,0,0
t-04751,treatment,0,0.0,123.6,1,0
t-04752,treatment,0,0.0,193.5,2,0
t-04753,treatment,1,40.63,143.1,1,1
t-04754,treatment,0,0.0,146.1,4,0
t-04755,treatment,0,0.0,149.5,3,1
t-04756,treatment,0,0.0,198.8,2,1
t-04757,treatment,1,31.0,89.7,2,0
t-04758,treatment,0,0.0,186.7,1,0
t-04759,treatment,0,0.0,181.8,3,0
t-04760,treatment,0,0.0,141.2,4,0
t-04761,treatment,0,0.0,187.3,3,0
t-04762,treatment,0,0.0,131.5,2,0
t-04763,treatment,0,0.0,178.2,2,0
t-04764,treatment,0,0.0,130.0,2,1
t-04765,treatment,0,0.0,262.0,6,0
t-04766,treatment,0,0.0,214.5,3,0
t-04767,treatment,0,0.0,189.9,5,0
t-04768,treatment,0,0.0,141.8,5,0
t-04769,treatment,0,0.0,169.0,1,0
t-04770,treatment,0,0.0,170.6,6,1
t-04771,treatment,0,0.0,189.7,2,1
t-04772,treatment,0,0.0,195.9,1,1
t-04773,treatment,0,0.0,189.0,7,1
t-04774,treatment,0,0.0,193.7,2,0
t-04775,treatment,0,0.0,173.2,3,1
t-04776,treatment,0,0.0,193.7,3,1
t-04777,treatment,0,0.0,154.5,4,0
t-04778,treatment,0,0.0,137.5,4,0
t-04779,treatment,0,0.0,253.9,2,0
t-04780,treatment,0,0.0,196.6,5,1
t-04781,treatment,0,0.0,252.2,3,0
t-04782,treatment,0,0.0,169.0,2,0
t-04783,treatment,0,0.0,276.4,1,0
t-04784,treatment,0,0.0,183.2,2,0
t-04785,treatment,0,0.0,225.8,1,1
t-04786,treatment,0,0.0,181.3,0,1
t-04787,treatment,0,0.0,186.6,5,1
t-04788,treatment,0,0.0,175.4,2,0
t-04789,treatment,0,0.0,160.3,2,0
t-04790,treatment,0,0.0,219.2,3,1
t-04791,treatment,0,0.0,179.6,3,0
t-04792,treatment,1,54.8,213.2,2,0
t-04793,treatment,0,0.0,216.2,4,1
t-04794,treatment,0,0.0,236.6,2,0
t-04795,treatment,0,0.0,196.8,5,0
t-04796,treatment,1,88.2,119.6,4,0
t-04797,treatment,1,67.34,167.2,5,0
t-04798,treatment,1,84.19,179.0,5,1
t-04799,treatment,0,0.0,180.5,3,0
t-04800,treatment,1,80.93,232.7,3,0
t-04801,treatment,0,0.0,225.4,2,0
t-04802,treatment,0,0.0,174.2,2,0
t-04803,treatment,0,0.0,277.2,2,1
t-04804,treatment,0,0.0,166.0,2,0
t-04805,treatment,0,0.0,169.3,4,0
t-04806,treatment,0,0.0,136.3,0,1
t-04807,treatment,0,0.0,117.6,1,0
t-04808,treatment,0,0.0,132.8,0,1
t-04809,treatment,0,0.0,220.5,1,0
t-04810,treatment,0,0.0,209.7,7,1
t-04811,treatment,0,0.0,144.7,3,0
t-04812,treatment,0,0.0,184.0,1,0
t-04813,treatment,0,0.0,212.3,5,0
t-04814,treatment,0,0.0,98.7,6,0
t-04815,treatment,1,54.54,250.9,4,1
t-04816,treatment,0,0.0,222.1,7,1
t-04817,treatment,0,0.0,212.4,2,1
t-04818,treatment,0,0.0,228.1,0,1
t-04819,treatment,0,0.0,98.3,4,0
t-04820,treatment,0,0.0,171.3,1,0
t-04821,treatment,0,0.0,230.3,4,1
t-04822,treatment,1,40.9,179.7,1,0
t-04823,treatment,0,0.0,209.7,1,1
t-04824,treatment,1,36.18,237.9,4,0
t-04825,treatment,0,0.0,208.1,4,0
t-04826,treatment,0,0.0,169.7,2,1
t-04827,treatment,0,0.0,203.0,3,0
t-04828,treatment,0,0.0,113.2,2,0
t-04829,treatment,0,0.0,199.6,3,1
t-04830,treatment,0,0.0,210.0,3,0
t-04831,treatment,0,0.0,186.0,5,0
t-04832,treatment,0,0.0,226.5,0,1
t-04833,treatment,0,0.0,191.1,1,0
t-04834,treatment,0,0.0,185.9,2,0
t-04835,treatment,0,0.0,253.3,3,0
t-04836,treatment,0,0.0,141.7,1,1
t-04837,treatment,0,0.0,235.7,3,0
t-04838,treatment,0,0.0,232.5,4,1
t-04839,treatment,1,26.21,213.8,2,0
t-04840,treatment,0,0.0,163.8,5,0
t-04841,treatment,0,0.0,193.7,4,0
t-04842,treatment,0,0.0,147.8,3,1
t-04843,treatment,0,0.0,157.5,2,0
t-04844,treatment,0,0.0,185.3,3,1
t-04845,treatment,0,0.0,144.7,5,0
t-04846,treatment,0,0.0,170.7,1,1
t-04847,treatment,0,0.0,135.9,2,1
t-04848,treatment,0,0.0,206.1,2,0
t-04849,treatment,0,0.0,245.4,4,0
t-04850,treatment,0,0.0,267.9,3,0
t-04851,treatment,0,0.0,138.7,2,1
t-04852,treatment,0,0.0,145.7,3,1
t-04853,treatment,0,0.0,178.0,4,1
t-04854,treatment,0,0.0,212.9,1,0
t-04855,treatment,1,91.4,176.3,3,1
t-04856,treatment,0,0.0,223.1,3,1
t-04857,treatment,0,0.0,205.8,0,0
t-04858,treatment,1,46.12,113.8,4,0
t-04859,treatment,1,24.85,186.8,2,0
t-04860,treatment,0,0.0,135.0,0,0
t-04861,treatment,0,0.0,161.9,4,1
t-04862,treatment,0,0.0,168.1,4,1
t-04863,treatment,0,0.0,214.2,3,1
t-04864,treatment,0,0.0,183.4,6,0
t-04865,treatment,1,93.27,165.9,5,1
t-04866,treatment,0,0.0,268.4,2,1
t-04867,treatment,0,0.0,148.8,3,0
t-04868,treatment,1,55.84,196.0,2,1
t-04869,treatment,0,0.0,211.2,1,0
t-04870,treatment,0,0.0,191.2,3,0
t-04871,treatment,0,0.0,148.5,3,1
t-04872,treatment,0,0.0,146.5,1,0
t-04873,treatment,0,0.0,209.3,2,1
t-04874,treatment,0,0.0,226.3,1,0
t-04875,treatment,0,0.0,182.3,1,0
t-04876,treatment,0,0.0,131.7,1,1
t-04877,treatment,0,0.0,184.8,2,0
t-04878,treatment,0,0.0,245.0,4,0
t-04879,treatment,0,0.0,144.2,5,0
t-04880,treatment,0,0.0,171.7,4,0
t-04881,treatment,0,0.0,186.8,5,0
t-04882,treatment,1,82.72,228.0,5,1
t-04883,treatment,0,0.0,163.2,5,0
t-04884,treatment,0,0.0,203.8,1,1
t-04885,treatment,0,0.0,240.1,5,1
t-04886,treatment,0,0.0,125.2,4,0
t-04887,treatment,0,0.0,132.0,0,0
t-04888,treatment,0,0.0,180.7,4,0
t-04889,treatment,1,47.57,223.6,2,1
t-04890,treatment,0,0.0,197.7,8,0
t-04891,treatment,1,37.45,227.2,6,0
t-04892,treatment,0,0.0,116.3,6,1
t-04893,treatment,0,0.0,198.3,4,0
t-04894,treatment,1,65.4,70.6,1,0
t-04895,treatment,0,0.0,237.5,2,1
t-04896,treatment,0,0.0,232.0,4,0
t-04897,treatment,0,0.0,171.3,5,1
t-04898,treatment,0,0.0,92.0,3,1
t-04899,treatment,0,0.0,176.1,5,0
t-04900,treatment,0,0.0,229.1,2,1
t-04901,treatment,0,0.0,201.0,1,1
t-04902,treatment,1,67.89,258.4,7,0
t-04903,treatment,0,0.0,172.6,1,1
t-04904,treatment,0,0.0,265.6,4,0
t-04905,treatment,0,0.0,103.5,1,0
t-04906,treatment,0,0.0,154.0,2,1
t-04907,treatment,1,47.18,132.6,2,0
t-04908,treatment,0,0.0,213.8,1,1
t-04909,treatment,0,0.0,135.9,3,0
t-04910,treatment,0,0.0,224.6,3,1
t-04911,treatment,0,0.0,211.8,3,1
t-04912,treatment,0,0.0,191.6,4,1
t-04913,treatment,0,0.0,179.8,6,0
t-04914,treatment,0,0.0,142.2,1,0
t-04915,treatment,0,0.0,208.4,3,1
t-04916,treatment,1,96.65,163.9,3,0
t-04917,treatment,0,0.0,214.8,4,1
t-04918,treatment,0,0.0,244.0,4,0
t-04919,treatment,0,0.0,171.7,2,1
t-04920,treatment,0,0.0,236.9,3,0
t-04921,treatment,0,0.0,191.7,2,1
t-04922,treatment,0,0.0,207.9,3,1
t-04923,treatment,0,0.0,131.2,2,0
t-04924,treatment,0,0.0,156.6,5,0
t-04925,treatment,0,0.0,156.2,1,0
t-04926,treatment,0,0.0,237.9,0,0
t-04927,treatment,0,0.0,170.0,2,0
t-04928,treatment,0,0.0,209.2,0,0
t-04929,treatment,0,0.0,181.0,2,0
t-04930,treatment,1,81.9,169.8,2,1
t-04931,treatment,0,0.0,125.2,5,1
t-04932,treatment,0,0.0,107.7,4,0
t-04933,treatment,0,0.0,170.5,4,1
t-04934,treatment,0,0.0,172.8,1,0
t-04935,treatment,0,0.0,148.9,6,0
t-04936,treatment,0,0.0,189.9,1,0
t-04937,treatment,0,0.0,262.6,4,1
t-04938,treatment,0,0.0,243.8,4,0
t-04939,treatment,0,0.0,183.4,0,0
t-04940,treatment,0,0.0,184.8,0,0
t-04941,treatment,0,0.0,208.1,2,1
t-04942,treatment,0,0.0,192.3,2,1
t-04943,treatment,0,0.0,208.1,5,0
t-04944,treatment,0,0.0,193.4,7,1
t-04945,treatment,0,0.0,186.2,2,0
t-04946,treatment,0,0.0,156.3,3,1
t-04947,treatment,0,0.0,196.4,3,1
t-04948,treatment,0,0.0,91.4,4,0
t-04949,treatment,0,0.0,192.5,2,0
t-04950,treatment,0,0.0,99.2,2,0
t-04951,treatment,0,0.0,192.5,4,1
t-04952,treatment,0,0.0,142.7,0,0
t-04953,treatment,0,0.0,233.0,4,0
t-04954,treatment,0,0.0,185.5,9,1
t-04955,treatment,0,0.0,182.0,2,0
t-04956,treatment,0,0.0,198.1,6,1
t-04957,treatment,0,0.0,147.3,3,1
t-04958,treatment,0,0.0,226.8,2,1
t-04959,treatment,0,0.0,209.6,3,0
t-04960,treatment,0,0.0,159.9,6,0
t-04961,treatment,0,0.0,139.6,5,1
t-04962,treatment,0,0.0,165.1,3,0
t-04963,treatment,0,0.0,175.7,1,1
t-04964,treatment,0,0.0,136.6,2,0
t-04965,treatment,0,0.0,161.7,4,1
t-04966,treatment,0,0.0,156.3,7,0
t-04967,treatment,0,0.0,171.9,5,1
t-04968,treatment,0,0.0,172.2,5,0
t-04969,treatment,0,0.0,199.5,7,0
t-04970,treatment,0,0.0,181.2,5,0
t-04971,treatment,0,0.0,196.1,2,0
t-04972,treatment,0,0.0,190.0,3,0
t-04973,treatment,0,0.0,172.2,2,0
t-04974,treatment,1,69.0,207.3,4,1
t-04975,treatment,0,0.0,70.2,3,1
t-04976,treatment,0,0.0,165.6,8,1
t-04977,treatment,0,0.0,157.2,2,0
t-04978,treatment,0,0.0,184.8,3,0
t-04979,treatment,0,0.0,154.6,6,0
t-04980,treatment,0,0.0,202.0,3,0
t-04981,treatment,0,0.0,209.0,5,1
t-04982,treatment,0,0.0,124.6,2,0
t-04983,treatment,0,0.0,188.9,3,0
t-04984,treatment,0,0.0,128.8,4,1
t-04985,treatment,1,32.48,199.2,3,1
t-04986,treatment,0,0.0,161.3,4,0
t-04987,treatment,0,0.0,147.8,9,0
t-04988,treatment,0,0.0,111.6,3,0
t-04989,treatment,0,0.0,176.3,2,0
t-04990,treatment,0,0.0,133.7,2,1
t-04991,treatment,0,0.0,120.7,2,0
t-04992,treatment,0,0.0,187.4,5,1
t-04993,treatment,1,30.48,218.8,4,0
t-04994,treatment,0,0.0,195.8,3,1
t-04995,treatment,0,0.0,122.8,2,0
t-04996,treatment,0,0.0,174.5,0,1
t-04997,treatment,0,0.0,207.2,3,1
t-04998,treatment,0,0.0,174.5,2,0
t-04999,treatment,0,0.0,193.0,3,0
